mfcc_0,mfcc_1,mfcc_2,mfcc_3,mfcc_4,mfcc_5,mfcc_6,mfcc_7,mfcc_8,mfcc_9,mfcc_10,mfcc_11,mfcc_12,zcr,rms,spectral_centroid,spectral_bandwidth,label
-681.92529296875,60.253665924072266,0.6060103178024292,13.558146476745605,8.38965129852295,0.47050029039382935,-3.6465117931365967,-3.5778348445892334,-12.17161750793457,-3.223376989364624,0.8137302994728088,-3.417133331298828,2.0812740325927734,0.3449744591346154,0.0024812996853142977,3317.8796700391904,2573.1494178078465,1.0
-674.3547973632812,61.28231430053711,-1.7587709426879883,17.72203254699707,9.72537899017334,-0.2051052451133728,-1.5635261535644531,-5.90485954284668,-12.91589069366455,-1.5337244272232056,0.8951448798179626,-2.964279890060425,1.0891773700714111,0.36221829927884613,0.002678757533431053,3091.6981729783624,2618.1023633399886,1.0
-677.84033203125,62.68305969238281,-0.07447744160890579,14.536500930786133,5.596521377563477,1.0390105247497559,-2.469041585922241,-6.033867359161377,-11.388466835021973,-4.13815975189209,0.4572569727897644,-3.213682174682617,1.870034098625183,0.38360877403846155,0.0030465072486549616,3113.9095993539595,2581.6775373330584,1.0
-676.6397705078125,58.58873748779297,2.6390199661254883,13.680298805236816,7.0924835205078125,2.8823773860931396,-1.914978265762329,-7.563102722167969,-11.114906311035156,-3.638864040374756,1.0640449523925781,-1.7393591403961182,0.43536242842674255,0.3837101862980769,0.0027576463762670755,3041.019656948233,2640.243535489681,1.0
-695.9603271484375,72.43380737304688,2.809904098510742,16.982683181762695,8.941421508789062,1.745871901512146,-4.2813873291015625,-4.778623104095459,-11.778305053710938,-5.999313831329346,0.8774744868278503,-3.9797916412353516,0.3199053108692169,0.30553635817307695,0.0019447649829089642,2953.677031557876,2519.5127814715593,1.0
-674.2568359375,79.58989715576172,2.2421517372131348,12.989624977111816,11.33327865600586,0.9716628789901733,-5.554576873779297,-5.817486763000488,-10.138364791870117,-5.915695667266846,1.9767334461212158,-2.9729506969451904,-0.3690205514431,0.26446814903846155,0.0021017463877797127,2838.903387744047,2444.7202539877694,1.0
-666.1146850585938,75.04332733154297,0.5573257207870483,15.391620635986328,6.5608134269714355,3.078826427459717,-1.7745134830474854,-5.708760738372803,-10.197612762451172,-5.398012638092041,2.1777400970458984,-2.012937545776367,1.523695707321167,0.3173377403846154,0.003043736796826124,2988.162650190578,2403.5797814928405,1.0
-669.8434448242188,78.53974151611328,0.5692844390869141,15.13288402557373,9.01477336883545,1.8355122804641724,-1.2031772136688232,-7.051296710968018,-9.46064281463623,-5.441941261291504,0.8465763330459595,-2.2643587589263916,1.562109112739563,0.3463604266826923,0.0030797908548265696,2852.5327661194488,2454.8328828732697,1.0
-688.8177490234375,85.14173889160156,4.154001235961914,16.3444881439209,10.799283027648926,1.712003231048584,-5.027557373046875,-3.875178813934326,-8.023195266723633,-5.720640182495117,2.236318826675415,-0.3092134892940521,-0.5028873085975647,0.23328951322115385,0.00184623955283314,2814.6472551696284,2425.448445641625,1.0
-652.4568481445312,78.60043334960938,1.665608286857605,14.913382530212402,6.532931804656982,0.25056129693984985,-5.780080795288086,-7.277510643005371,-9.611634254455566,-7.4346160888671875,2.3996188640594482,-1.9723271131515503,-0.9709129929542542,0.24646559495192308,0.00211498886346817,2889.807416485541,2388.391679365333,1.0
-654.929931640625,71.57450103759766,7.449482440948486,16.785377502441406,5.796696662902832,6.8449506759643555,-6.0218377113342285,-7.277276039123535,-10.08358383178711,-7.048621654510498,1.1832777261734009,1.3138242959976196,0.2472919225692749,0.2797588641826923,0.0027262906078249216,2992.7532970208604,2382.0747457891634,1.0
-633.1543579101562,76.83350372314453,-2.7698071002960205,18.250520706176758,6.606540203094482,3.407945394515991,-5.267100811004639,-9.887470245361328,-11.922185897827148,-5.587942123413086,3.965386390686035,-1.133795976638794,0.5591403245925903,0.25435697115384615,0.002824870403856039,2945.434455369464,2303.3503431523327,1.0
-617.6649169921875,72.74565124511719,-5.143163204193115,14.449505805969238,4.8222808837890625,-3.415863275527954,-6.607714653015137,-7.702531814575195,-13.364721298217773,-2.803640842437744,-1.5462344884872437,-7.905725002288818,1.308496117591858,0.34844876802884617,0.004918072838336229,2834.909832970386,2476.1917171153145,1.0
-604.74169921875,72.35881805419922,-7.0398664474487305,17.524005889892578,7.228789806365967,-2.1225249767303467,-7.889883041381836,-5.813410758972168,-16.041372299194336,-1.828169345855713,-0.0939139723777771,-7.587061882019043,3.697981595993042,0.30133713942307694,0.00565870339050889,2642.669481644998,2368.872323829969,1.0
-624.7451782226562,73.17283630371094,-2.796731472015381,15.163055419921875,2.1096770763397217,-0.23702016472816467,-6.708165168762207,-8.60998249053955,-16.247543334960938,-3.930506467819214,2.7480263710021973,-8.271039962768555,2.242187976837158,0.2905498798076923,0.004411788657307625,2867.212688407961,2399.2583984616604,1.0
-609.85107421875,67.12106323242188,-2.721703052520752,20.874361038208008,1.1470487117767334,-0.8749040961265564,-4.194291591644287,-8.385299682617188,-16.97502326965332,-5.451603412628174,-0.0048657930456101894,-6.566744804382324,2.652344226837158,0.3465970552884615,0.004613947588950396,2863.5283481165607,2351.523727433611,1.0
-557.183349609375,59.016998291015625,-7.793509006500244,6.584481239318848,-2.0007266998291016,-1.8441814184188843,-14.622894287109375,-10.370556831359863,-13.387652397155762,-11.16949462890625,-1.0834388732910156,-8.659689903259277,-2.3286144733428955,0.2996356670673077,0.00787289347499609,2997.8377890983793,2485.169237021973,1.0
-525.4160766601562,65.63713073730469,-14.535282135009766,6.030333518981934,2.3343505859375,-2.8081133365631104,-13.947023391723633,-9.67121410369873,-17.98699951171875,-9.413150787353516,3.5330376625061035,-9.907562255859375,-2.3540616035461426,0.23080303485576922,0.009904149919748306,2318.4055196125933,2218.195275580179,1.0
-461.7340393066406,60.66673278808594,-14.954895973205566,8.71471881866455,-1.1689530611038208,-4.240734577178955,-14.565378189086914,-12.59823989868164,-24.225513458251953,-6.827495098114014,-0.3811638355255127,-12.332831382751465,0.05886482819914818,0.22020357572115384,0.014276091940701008,2815.9495688006705,2297.3801920724245,1.0
-478.5174865722656,63.013221740722656,-13.330891609191895,7.061119556427002,-2.0899314880371094,-5.76653528213501,-14.014147758483887,-12.981698036193848,-23.122859954833984,-9.875228881835938,-2.538890838623047,-9.424001693725586,-0.5309563279151917,0.259375,0.013352072797715664,2948.5463871365646,2371.0326349383804,1.0
-635.3394165039062,76.43203735351562,-3.316652297973633,17.48462677001953,8.464237213134766,-3.9743258953094482,-3.503883123397827,-11.079561233520508,-14.081591606140137,-5.602633953094482,-5.180110454559326,-2.111734390258789,-1.0305095911026,0.26280799278846156,0.002745009958744049,2788.4519414175384,2426.4150450983457,2.0
-665.4506225585938,77.56654357910156,-1.3245609998703003,19.562101364135742,10.074894905090332,-0.5747197270393372,0.18488651514053345,-9.010740280151367,-12.226951599121094,-6.5652666091918945,-2.0868656635284424,-2.406622886657715,-2.094449043273926,0.3108473557692308,0.002371079521253705,2740.9214050150126,2487.453637381231,2.0
-707.583251953125,70.14361572265625,-4.024363994598389,16.276506423950195,7.631593227386475,-2.0766406059265137,-2.033007860183716,-8.81269359588623,-12.769000053405762,-4.4584197998046875,-1.175276517868042,-1.5897102355957031,-1.5073601007461548,0.2626126802884615,0.002035183133557439,3162.010331082413,2456.154149925034,2.0
-690.656494140625,66.8830795288086,0.7830219268798828,17.50881576538086,6.749461650848389,-0.1973448246717453,1.3845857381820679,-8.455476760864258,-13.747968673706055,-4.477410316467285,-2.704862117767334,-2.7846105098724365,-0.0826878547668457,0.33923527644230766,0.0025757120456546545,3112.363511990658,2501.680880653974,2.0
-624.7600708007812,77.32270812988281,-0.0409773588180542,20.31477928161621,9.103448867797852,-2.9975523948669434,-1.7546039819717407,-9.959386825561523,-12.272592544555664,-2.161027669906616,-3.2407755851745605,-3.4289169311523438,-0.29821860790252686,0.2739295372596154,0.0036883889697492123,2652.7926175310185,2364.372007843853,2.0
-588.0421142578125,62.543704986572266,-6.109663486480713,12.850621223449707,4.485162734985352,-4.513830184936523,-10.72525691986084,-8.84455394744873,-18.670127868652344,-5.493899345397949,-2.744574785232544,-8.592841148376465,0.3823263347148895,0.2648174579326923,0.0059182229451835155,3064.093716525012,2482.1669867760133,2.0
-579.2756958007812,67.96273803710938,-7.2322540283203125,16.873790740966797,4.767369747161865,-3.4902570247650146,-8.522130966186523,-11.56463623046875,-22.936941146850586,-6.0994343757629395,-2.845628023147583,-9.018747329711914,0.42405152320861816,0.25433067908653845,0.006230088882148266,2911.339929365371,2333.959103533569,2.0
-559.404541015625,62.791446685791016,-5.211582660675049,16.395334243774414,2.764341115951538,-3.956799268722534,-8.733220100402832,-11.044164657592773,-19.826826095581055,-4.80503511428833,-1.7142735719680786,-7.573173999786377,0.5055547952651978,0.314453125,0.007583582773804665,3022.622590618223,2428.722115741433,2.0
-493.347412109375,54.38095474243164,-7.96016263961792,16.022602081298828,-2.0132336616516113,-3.7764596939086914,-5.712547779083252,-2.0175766944885254,-16.12436866760254,-6.239443778991699,-1.1758036613464355,-6.172417640686035,-0.9436919093132019,0.2396484375,0.01114171463996172,3038.484442781441,2366.4130211392257,2.0
-467.2314453125,51.97048568725586,-7.2558979988098145,10.258112907409668,-4.733808994293213,-4.993406295776367,-9.361727714538574,-11.243205070495605,-17.251888275146484,-8.87273120880127,-5.9335713386535645,-8.581940650939941,-4.554075717926025,0.25155498798076925,0.012680983170866966,3312.9302543938857,2505.549382747941,2.0
-543.78857421875,52.73125076293945,-1.8352917432785034,13.779484748840332,-0.5293407440185547,-2.0978264808654785,-6.129654407501221,-7.702122211456299,-15.636350631713867,-4.810749530792236,-4.295177459716797,-5.1358842849731445,-1.1826212406158447,0.3471116286057692,0.0080175269395113,3007.1816004818425,2475.095445835341,2.0
-487.8391418457031,54.58111572265625,-3.7749576568603516,10.430044174194336,-0.16767413914203644,-4.480579853057861,-5.535919666290283,-8.27945327758789,-18.892133712768555,-6.310821533203125,-3.329665422439575,-7.30537223815918,0.20788849890232086,0.2798302283653846,0.013466709293425083,2962.2647503288695,2361.3566385011914,2.0
-279.5751953125,36.49165344238281,-27.638330459594727,1.7149784564971924,-16.333364486694336,-7.043592929840088,-16.995216369628906,-17.426820755004883,-18.011829376220703,-11.735479354858398,-7.857818126678467,-5.93922233581543,-9.297102928161621,0.17784705528846154,0.07279639691114426,3062.357039266875,2493.0220266401006,2.0
-295.1082458496094,19.235218048095703,-28.521434783935547,6.623513698577881,-10.311882972717285,-6.136231422424316,-16.278711318969727,-11.184524536132812,-20.104331970214844,-11.986926078796387,-5.602142810821533,-10.092440605163574,-5.442154407501221,0.2312687800480769,0.04370231553912163,3525.5659770078046,2462.0869490797263,2.0
-334.8572692871094,31.797277450561523,-19.010318756103516,7.6938629150390625,-10.078791618347168,-8.349573135375977,-13.611812591552734,-7.527700424194336,-19.69859504699707,-9.487884521484375,-5.932713031768799,-10.24671459197998,-3.0152151584625244,0.2343036358173077,0.044857632368803024,3324.9947244698087,2423.0187953667464,2.0
-251.80209350585938,20.304832458496094,-27.175304412841797,-0.5294362902641296,-9.930996894836426,-8.532934188842773,-21.683256149291992,-15.329961776733398,-18.45811653137207,-11.914017677307129,-4.145768642425537,-10.302326202392578,-7.737851619720459,0.22476337139423078,0.11641225218772888,3327.249250820692,2500.4175727043876,2.0
-553.4542236328125,70.4270248413086,2.277656078338623,17.08087730407715,9.985262870788574,-3.3647613525390625,-5.49163293838501,-10.769657135009766,-15.301410675048828,-2.0076005458831787,-3.03515625,0.3628171384334564,4.2202324867248535,0.20424053485576923,0.007276593241840601,2342.4381429874347,2461.0396146196467,0.0
-566.37744140625,66.02569580078125,-7.69298791885376,10.705452919006348,5.003111839294434,-5.118708610534668,-9.843180656433105,-14.792449951171875,-19.767763137817383,-5.043388366699219,-4.307223320007324,-7.539035797119141,-0.4105537533760071,0.30618614783653847,0.006862002424895763,2593.167380108281,2421.782766209479,0.0
-600.794677734375,64.28276824951172,5.171176433563232,19.399751663208008,10.169692993164062,3.2903988361358643,-1.670790672302246,-6.070330619812012,-9.351086616516113,0.22744953632354736,-0.3821260929107666,-0.39844009280204773,2.629153251647949,0.28893855168269234,0.005614159628748894,2621.4558333749524,2545.4724724409557,0.0
-581.5341796875,68.02118682861328,-5.417031288146973,18.384679794311523,6.8079681396484375,-1.4504144191741943,-4.730414390563965,-11.607879638671875,-12.463957786560059,-2.049842596054077,-2.29239821434021,-2.1348986625671387,-0.3066293001174927,0.28202373798076924,0.0056124357506632805,2895.8555747050705,2401.735393525706,0.0
-438.8433532714844,42.45326614379883,-10.254343032836914,8.530149459838867,0.5280428528785706,6.4160685539245605,-4.652082920074463,-11.229808807373047,-14.092232704162598,-4.510528087615967,1.4694645404815674,-0.5621543526649475,-0.2467900812625885,0.21043419471153846,0.012217591516673565,3313.7401640299413,2670.750150751658,0.0
-367.6031494140625,47.56388473510742,-19.17367172241211,-0.6565116047859192,1.0296509265899658,-3.0429763793945312,-11.210455894470215,-14.726442337036133,-19.544933319091797,-10.661590576171875,-4.626439571380615,-7.969015598297119,-7.543767929077148,0.13500225360576923,0.029954224824905396,2548.1128404753986,2505.2883665800596,0.0
-315.90850830078125,46.929115295410156,-20.5743350982666,-1.002516746520996,-7.9178290367126465,-3.2367916107177734,-12.470691680908203,-20.102508544921875,-20.631542205810547,-12.320645332336426,-5.757235050201416,-10.480477333068848,-10.255996704101562,0.16072716346153845,0.04848133772611618,2895.8368787125182,2527.9141632235696,0.0
-376.0661926269531,49.834739685058594,-18.783641815185547,0.0471571683883667,-2.956287384033203,-0.6586698293685913,-15.782602310180664,-14.653610229492188,-19.060962677001953,-12.987939834594727,2.090550661087036,-8.8927583694458,-8.775359153747559,0.16016000600961539,0.03219930827617645,2621.5861670252416,2354.528258638589,0.0
-596.9130859375,77.41116333007812,-3.233186721801758,13.730674743652344,3.457307815551758,0.317881315946579,-8.857134819030762,-8.8056001663208,-17.552433013916016,-6.163378715515137,-1.3357166051864624,-9.528826713562012,-1.8174254894256592,0.22242337740384616,0.0033355203922837973,2591.58059794557,2363.925087082891,2.0
-569.8479614257812,65.85113525390625,0.20668663084506989,5.641087055206299,3.296703815460205,-1.0942240953445435,-12.153417587280273,-8.74114990234375,-17.524972915649414,-6.820376396179199,-1.1830402612686157,-8.358424186706543,-4.073903560638428,0.23740609975961538,0.0038984583225101233,2958.2803598947235,2555.5380062550985,2.0
-633.6690063476562,69.67292785644531,2.8777925968170166,17.18284034729004,1.4009723663330078,3.525085926055908,-6.427487373352051,-13.888357162475586,-9.047646522521973,-3.4387404918670654,-3.8268637657165527,-4.66996955871582,-1.2289680242538452,0.2766301081730769,0.0036030528135597706,3050.8529262598413,2328.6196993919148,2.0
-617.4260864257812,68.98707580566406,-1.938531756401062,12.818857192993164,-0.773396909236908,4.144536018371582,-7.276689529418945,-13.169300079345703,-9.733227729797363,-2.017712354660034,-0.06062328815460205,-5.202639579772949,-0.7502506971359253,0.31267653245192306,0.003667473793029785,3082.630370300659,2324.183956465283,2.0
-441.7996520996094,43.90361404418945,-10.508599281311035,-1.8258981704711914,-12.697945594787598,-4.204880714416504,-14.675969123840332,-19.1898250579834,-18.233226776123047,-10.435376167297363,-4.964926242828369,-5.000943660736084,-8.327341079711914,0.19552283653846153,0.013943222351372242,3003.4866941153996,2499.439258134083,2.0
-433.6138916015625,43.69446563720703,-10.206268310546875,3.2042324542999268,-12.940404891967773,-8.481557846069336,-23.638315200805664,-21.118532180786133,-12.593389511108398,-8.789915084838867,-6.891330718994141,-7.673556327819824,-8.955267906188965,0.2556415264423077,0.016867630183696747,3192.321347845865,2446.318803094997,2.0
-459.72271728515625,51.22753143310547,9.845078468322754,-0.6946060061454773,-10.45101261138916,-0.29198142886161804,-15.993677139282227,-19.730436325073242,-6.340784072875977,-11.634178161621094,-12.209992408752441,-3.5789031982421875,-9.535064697265625,0.21202298677884615,0.015045860782265663,3067.1472895905863,2510.625441852375,2.0
-456.88592529296875,42.877140045166016,-3.19149112701416,4.027707576751709,-4.995848655700684,-3.04953932762146,-16.033056259155273,-20.275604248046875,-9.740494728088379,-8.397113800048828,-11.3557767868042,-6.311079502105713,-9.848257064819336,0.3231670673076923,0.015406402759253979,3251.4767705131967,2548.7678110491943,2.0
-640.1072387695312,59.908905029296875,-0.49918293952941895,9.309428215026855,5.101847171783447,-2.8551852703094482,-6.819937229156494,-7.483891010284424,-10.998488426208496,-6.662956237792969,-0.2936877906322479,-6.014995098114014,-0.9153798818588257,0.3098970853365385,0.0035500305239111185,3190.039526130206,2607.6079451767073,0.0
-670.2586669921875,57.40180587768555,-3.798410415649414,11.43392276763916,7.354196071624756,-2.259213447570801,-6.913163661956787,-6.5362958908081055,-10.802916526794434,-1.6844184398651123,-1.2126929759979248,-6.329977512359619,-0.5110795497894287,0.33524263822115385,0.003404189832508564,3358.9561945072232,2652.648761366189,0.0
-629.4691162109375,66.25637817382812,-0.16703151166439056,15.19271183013916,4.024291038513184,-1.3340190649032593,-4.704578876495361,-8.643548011779785,-13.026650428771973,-3.057328939437866,-0.9746683239936829,-4.49436616897583,-2.311180353164673,0.33263596754807695,0.003924012184143066,2995.0089309227724,2478.3910670837417,0.0
-651.7337036132812,53.45431900024414,-1.9630851745605469,8.893314361572266,-0.5076768398284912,-4.242456436157227,-4.688914775848389,-7.823227405548096,-10.278509140014648,-5.916244983673096,-1.0224037170410156,-7.140719413757324,-1.031451940536499,0.34329552283653847,0.004260348156094551,3415.6660636040665,2639.087507949543,0.0
-577.7820434570312,58.5098762512207,-6.2204179763793945,9.830901145935059,4.708462238311768,-3.0383565425872803,-9.170291900634766,-7.2266693115234375,-12.629124641418457,-5.407505035400391,0.4874265789985657,-8.963977813720703,0.13273045420646667,0.23048377403846154,0.008177069947123528,3064.0817312963204,2536.516276577621,0.0
-521.0706787109375,49.48208236694336,-6.351348400115967,8.50459098815918,-0.05449359491467476,-4.093586444854736,-7.969563007354736,-9.074275016784668,-13.671363830566406,-8.033177375793457,-1.5855344533920288,-8.021611213684082,-2.417717695236206,0.20922100360576923,0.011155521497130394,3247.544062194171,2613.210113281961,0.0
-560.4915161132812,52.426734924316406,-5.11149787902832,8.977957725524902,0.6321241855621338,-4.822260856628418,-7.845127105712891,-10.946014404296875,-17.13973617553711,-2.9700429439544678,-3.2210352420806885,-6.58699893951416,-1.1457315683364868,0.2540790264423077,0.008101117797195911,3278.7586313597,2579.4500101541043,0.0
-558.5650024414062,50.76189041137695,-6.084074020385742,6.604547500610352,-0.6661725640296936,-0.8022444248199463,-9.395023345947266,-10.563867568969727,-12.319563865661621,-5.730020999908447,-1.5790001153945923,-6.260156154632568,-1.9923771619796753,0.3231407752403846,0.010296117514371872,3066.1887360083856,2581.640110490001,0.0
-617.6220703125,60.908241271972656,-14.640981674194336,7.647519588470459,-7.158915042877197,-6.118697643280029,-7.7665205001831055,-11.279056549072266,-5.2758026123046875,-1.340304970741272,-5.930812835693359,-2.6811435222625732,-6.385025501251221,0.20860877403846154,0.004361579194664955,2349.8399475853444,1881.5592626734037,1.0
-614.4329223632812,55.62117385864258,-15.858856201171875,11.361824035644531,-8.984183311462402,-5.348067760467529,-7.666393756866455,-9.764595985412598,-4.027876377105713,-2.792759895324707,-4.266301155090332,-3.034703254699707,-6.853373050689697,0.24116586538461537,0.0042271604761481285,3079.0110300511024,2191.5456093528524,1.0
-579.7927856445312,60.562034606933594,-16.48183822631836,3.086418390274048,-8.405158996582031,-5.941259860992432,-8.65492057800293,-12.8721284866333,-7.325881004333496,-2.961369752883911,-6.592276096343994,-3.7628173828125,-8.158987045288086,0.26555739182692306,0.0066788881085813046,3265.358696258853,2324.738873775166,1.0
-603.95458984375,53.109886169433594,-14.2033052444458,4.003042221069336,-9.12049674987793,-7.118875503540039,-8.23799991607666,-13.130699157714844,-7.427944660186768,-3.798217296600342,-6.575212001800537,-3.6623096466064453,-9.972636222839355,0.25967172475961536,0.0057703908532857895,3220.394914222884,2324.1036294369846,1.0
-617.6198120117188,62.01335525512695,-8.273698806762695,12.308873176574707,-8.103559494018555,-3.8152987957000732,-5.485691547393799,-10.345802307128906,-4.142067909240723,-2.747607946395874,-3.90543794631958,-5.251412391662598,-5.748554229736328,0.2434607872596154,0.004208324011415243,2947.3211103832973,2311.1812413268785,1.0
-608.5597534179688,57.53028869628906,-13.187726974487305,9.454849243164062,-9.861115455627441,-5.23586893081665,-6.250868797302246,-12.451906204223633,-4.898614406585693,-4.589282512664795,-4.299145698547363,-8.724770545959473,-6.9988250732421875,0.13023587740384615,0.004499083384871483,2569.4760361310077,2034.7820790677395,1.0
-610.8526000976562,54.31328201293945,-10.347596168518066,3.0222015380859375,-7.593367576599121,-6.046664714813232,-9.670184135437012,-12.049543380737305,-8.043782234191895,-3.4598326683044434,-8.075511932373047,-6.216599464416504,-9.098942756652832,0.11978290264423076,0.004686541855335236,2103.315697881359,1637.9469488869954,1.0
-597.188720703125,57.345726013183594,-16.70541000366211,0.4277137219905853,-10.379302978515625,-7.769084930419922,-9.85720443725586,-14.857036590576172,-8.37691593170166,-4.707830905914307,-7.7234883308410645,-6.159924507141113,-11.947244644165039,0.20397010216346154,0.00479791359975934,2860.2621337624696,1992.4074594350259,1.0
-604.29833984375,48.566951751708984,-6.743845462799072,10.351243019104004,-9.692866325378418,-7.642908096313477,-4.648891925811768,-9.588619232177734,-9.765378952026367,-3.8869762420654297,-5.27002477645874,-7.9019622802734375,-6.125539302825928,0.28287259615384613,0.003617965616285801,3127.1617079943594,2256.631402350978,1.0
-606.7674560546875,54.01958084106445,-11.208139419555664,9.425698280334473,-12.402373313903809,-4.3672637939453125,-5.668321132659912,-11.713736534118652,-7.636550426483154,-5.727612018585205,-2.304332971572876,-8.462908744812012,-7.566747665405273,0.13392803485576923,0.00400095758959651,2234.862837027112,1772.7196747306803,1.0
-601.7057495117188,45.52587890625,-9.619793891906738,0.23845966160297394,-12.556730270385742,-4.1555633544921875,-9.954110145568848,-13.46544075012207,-11.942008018493652,-4.4680562019348145,-7.524997234344482,-9.392478942871094,-9.659756660461426,0.22865084134615385,0.004521690774708986,2726.502905299119,1884.9645990292586,1.0
-605.8409423828125,50.30577087402344,-7.027606964111328,2.435150146484375,-11.750740051269531,-4.136733531951904,-9.970069885253906,-13.154439926147461,-10.240018844604492,-2.920992136001587,-6.188910484313965,-9.843851089477539,-10.469085693359375,0.1316143329326923,0.004397442564368248,2211.5459878374277,1728.4978448497004,1.0
-551.8705444335938,51.3570442199707,-25.96874237060547,9.861427307128906,-8.600744247436523,-7.693766117095947,-5.773360252380371,-15.616196632385254,-5.469703197479248,-4.110151290893555,-6.654927730560303,-3.2464561462402344,-10.166168212890625,0.3166691706730769,0.008125916123390198,2983.376882255158,2341.333573873978,1.0
-564.5528564453125,53.187530517578125,-24.062423706054688,13.089003562927246,-9.290374755859375,-9.1129789352417,-6.201709747314453,-15.750732421875,-4.522726058959961,-5.0792317390441895,-7.7027692794799805,-2.1910762786865234,-9.61106014251709,0.29007662259615385,0.007457070983946323,3241.1608096507352,2299.0494114085877,1.0
-554.5257568359375,51.52033996582031,-27.42251205444336,5.703898906707764,-10.870843887329102,-8.941542625427246,-11.382237434387207,-18.61016082763672,-6.171229839324951,-4.275341987609863,-10.047158241271973,-2.6369338035583496,-12.409747123718262,0.21276292067307692,0.008418558165431023,2454.9351328685,1784.4996032172232,1.0
-553.4611206054688,54.89765548706055,-21.45484161376953,8.630348205566406,-9.315546989440918,-8.664934158325195,-11.184057235717773,-16.1028995513916,-3.904177665710449,-2.620759963989258,-8.530821800231934,-2.0806586742401123,-10.324419021606445,0.3325232872596154,0.008091706782579422,3086.5039999208734,2369.6168424725583,1.0
-448.9671325683594,39.64352035522461,-36.766448974609375,8.450593948364258,-13.960494041442871,-18.289608001708984,-8.37775993347168,-19.257631301879883,-4.86201810836792,-9.765321731567383,-11.545462608337402,-2.7112948894500732,-14.311985969543457,0.1636268028846154,0.020212069153785706,2274.5464912136067,1894.3770678038168,1.0
-445.64483642578125,43.76949691772461,-37.52573776245117,7.360160827636719,-11.584234237670898,-19.096141815185547,-10.118706703186035,-17.15952491760254,-6.201037406921387,-7.219052791595459,-11.369202613830566,-0.7927919626235962,-13.174395561218262,0.20805288461538463,0.020591726526618004,2991.3836252246824,2324.986156927848,1.0
-498.09912109375,46.784080505371094,-28.40377426147461,5.468403339385986,-7.901919364929199,-14.9255952835083,-14.439228057861328,-18.42432975769043,-5.1387481689453125,-4.369960784912109,-14.330111503601074,-2.6191372871398926,-13.1755952835083,0.2533653846153846,0.014212642796337605,2783.035228098509,2275.474969338167,1.0
-485.761474609375,46.442291259765625,-29.198408126831055,5.030581474304199,-11.199267387390137,-16.43678092956543,-11.842373847961426,-18.571455001831055,-8.121685028076172,-7.700717449188232,-14.12066650390625,-2.3577966690063477,-15.113805770874023,0.13930288461538462,0.01657482609152794,2228.781728806045,1741.0587444062185,1.0
-634.625,60.4809684753418,-14.418085098266602,7.1710052490234375,-9.347562789916992,-6.161779880523682,-8.530892372131348,-13.159185409545898,-7.175818920135498,-4.598233699798584,-5.713486671447754,-6.383281230926514,-6.059098243713379,0.11017878605769231,0.0036190510727465153,1669.3892170263737,1543.8994532031227,2.0
-625.9033813476562,64.93067169189453,-15.870938301086426,8.682173728942871,-8.498435974121094,-5.324641227722168,-6.741917133331299,-11.946589469909668,-8.222256660461426,-1.7030818462371826,-6.138476371765137,-4.210599899291992,-6.515758991241455,0.1302509014423077,0.003942744340747595,1840.417951199899,1554.9266491321837,2.0
-624.3681640625,53.24006652832031,-6.652984619140625,5.049097537994385,-6.505030632019043,-6.055049896240234,-11.73948860168457,-14.263784408569336,-5.591571807861328,-3.6458404064178467,-7.925407409667969,-4.307059288024902,-8.161493301391602,0.15516451322115385,0.004050721414387226,2029.352229704141,1710.4107600613509,2.0
-640.7920532226562,54.49142837524414,-8.376988410949707,7.694500923156738,-4.522482395172119,-5.0608415603637695,-8.877494812011719,-12.470507621765137,-6.991898059844971,-0.5460851788520813,-7.331770420074463,-3.974972724914551,-7.385146141052246,0.16294320913461538,0.00370975024998188,2679.3611370804906,2066.6962299547595,2.0
-624.8001098632812,55.09218215942383,-14.563364028930664,6.030553817749023,-12.344507217407227,-8.651983261108398,-12.530376434326172,-16.859251022338867,-11.235419273376465,-4.536636829376221,-9.316594123840332,-2.483680486679077,-8.321608543395996,0.17805363581730768,0.0033280188217759132,2387.5778230485444,1955.4760086392112,2.0
-639.3798828125,62.280033111572266,-9.219736099243164,7.940088748931885,-7.132372856140137,-6.664088249206543,-12.3165864944458,-13.997543334960938,-10.534090042114258,-3.3071863651275635,-8.210495948791504,-3.6272811889648438,-8.035021781921387,0.2054725060096154,0.0030591588001698256,2359.157276903888,1806.7104240164206,2.0
-626.8033447265625,52.64673614501953,-8.988842964172363,4.203038215637207,-8.515026092529297,-6.281567573547363,-13.764727592468262,-17.69609832763672,-12.719496726989746,-5.378564834594727,-9.953479766845703,-4.3762054443359375,-11.109565734863281,0.1663837139423077,0.004487082362174988,2796.891167740135,2127.322916859745,2.0
-622.8023071289062,52.600852966308594,-9.527117729187012,5.045889854431152,-7.4748077392578125,-9.170343399047852,-15.431809425354004,-16.72205352783203,-10.639625549316406,-3.2124452590942383,-11.64450454711914,-4.149407386779785,-10.019213676452637,0.1663536658653846,0.003815228817984462,2251.756400766549,1741.8561735932524,2.0
-528.0562133789062,52.511009216308594,-13.717914581298828,6.468744277954102,-8.572073936462402,-6.517098426818848,-5.17930793762207,-13.115147590637207,-5.919762134552002,-3.2375690937042236,-4.063008785247803,-3.26243257522583,-6.287467956542969,0.17411358173076924,0.008422944694757462,2261.7172827465797,1789.7111745706634,2.0
-494.04278564453125,51.12324142456055,-21.423057556152344,8.479132652282715,-10.566112518310547,-6.228474140167236,-7.1566667556762695,-13.19994831085205,-3.716933012008667,-1.3480801582336426,-3.0083322525024414,-2.6310369968414307,-5.278027057647705,0.24227388822115384,0.009036361239850521,3054.7999459958687,2393.5652269956427,2.0
-526.6585083007812,54.60709762573242,-14.927021026611328,3.109436511993408,-12.318595886230469,-5.866876602172852,-7.69502592086792,-14.673674583435059,-7.6758599281311035,-2.9476258754730225,-7.555344104766846,-3.2441439628601074,-9.008465766906738,0.20896935096153846,0.01028599962592125,3041.2820331132766,2219.844584355216,2.0
-512.927490234375,51.14261245727539,-20.734914779663086,3.9610366821289062,-14.916433334350586,-9.381999015808105,-7.164478302001953,-16.518741607666016,-7.805980682373047,-3.672478675842285,-6.929109573364258,-3.2782814502716064,-10.708595275878906,0.1858849158653846,0.010087049566209316,2534.7012323175463,1912.2759118355,2.0
-396.6540832519531,38.337074279785156,-31.0787410736084,3.372208595275879,-19.646255493164062,-10.7825927734375,-3.8172719478607178,-18.260921478271484,-3.3825759887695312,-6.0378313064575195,-5.008609294891357,-4.1443257331848145,-9.10619068145752,0.16401742788461537,0.03128398582339287,2436.7841095197505,1765.0323082332027,2.0
-411.902587890625,43.20894241333008,-32.720420837402344,3.7578048706054688,-20.32954216003418,-10.061244010925293,-0.09342393279075623,-17.30678939819336,-5.845443248748779,-6.803288459777832,-5.168818950653076,-2.6522133350372314,-10.842835426330566,0.16001727764423077,0.025613414123654366,2626.2109116473703,1855.3174919091823,2.0
-365.8504943847656,32.245506286621094,-40.77488708496094,-5.658627510070801,-24.674001693725586,-17.056640625,-5.187285900115967,-23.893911361694336,-9.88253402709961,-10.035102844238281,-10.666312217712402,-5.774946212768555,-14.888876914978027,0.2448955829326923,0.0608789436519146,3326.190916203713,2326.28588125668,2.0
-363.2362976074219,30.995040893554688,-41.057884216308594,-2.7302322387695312,-25.632606506347656,-15.130033493041992,-4.453298568725586,-22.57172966003418,-8.381036758422852,-9.422030448913574,-10.987571716308594,-5.881088733673096,-15.336400985717773,0.23543043870192307,0.05382572486996651,2768.417277458999,1910.3189426894464,2.0
-538.0386352539062,36.25934982299805,-28.09336280822754,4.921203136444092,-15.038281440734863,-12.037713050842285,-8.468180656433105,-16.352201461791992,-7.334489345550537,-9.078791618347168,-6.3301310539245605,-5.325796604156494,-7.104563236236572,0.194140625,0.008944245055317879,2756.55101134692,2152.244158850747,0.0
-531.4656982421875,38.07539749145508,-31.027660369873047,2.5641918182373047,-15.312825202941895,-11.809329986572266,-7.658660411834717,-18.669588088989258,-8.14350414276123,-7.664529323577881,-7.490633487701416,-5.140223026275635,-7.895320892333984,0.18114107572115384,0.009709273464977741,2487.273320500277,1976.0409051131685,0.0
-522.4421997070312,37.1130485534668,-30.272600173950195,2.5425078868865967,-12.247065544128418,-11.137441635131836,-12.265803337097168,-19.5194149017334,-6.5095672607421875,-4.308302402496338,-10.612451553344727,-4.20786714553833,-8.633718490600586,0.222998046875,0.010438762605190277,3167.6354712380444,2269.866663647556,0.0
-530.0751953125,32.470245361328125,-33.18810272216797,-1.887032389640808,-12.357688903808594,-13.724909782409668,-14.748917579650879,-21.27594566345215,-6.167301177978516,-5.352117538452148,-11.696451187133789,-6.225946426391602,-7.0837249755859375,0.27862454927884617,0.010931168682873249,3240.9942298930355,2290.8992953684997,0.0
-475.4470520019531,25.237173080444336,-38.900840759277344,-0.6960576176643372,-19.706708908081055,-16.34686279296875,-10.017683029174805,-18.59270668029785,-8.846324920654297,-4.2006354331970215,-11.757247924804688,-5.806006908416748,-8.743605613708496,0.210888671875,0.016862140968441963,3045.4563612337383,2255.831099441762,0.0
-463.04925537109375,21.02741813659668,-35.92866897583008,-0.9744896292686462,-16.990095138549805,-16.73157501220703,-9.022364616394043,-18.170011520385742,-10.034272193908691,-5.692408561706543,-12.292353630065918,-3.233654737472534,-6.27487325668335,0.2387469951923077,0.020632291212677956,3154.8553508394803,2292.1581936669313,0.0
-458.863525390625,18.553050994873047,-32.41106414794922,-5.977469444274902,-14.417414665222168,-15.18854808807373,-10.192107200622559,-16.098236083984375,-8.378509521484375,-6.820545673370361,-12.591727256774902,-5.3590850830078125,-9.002371788024902,0.2152118389423077,0.022425111383199692,2968.1815513680563,2199.7527389735415,0.0
-453.39642333984375,23.901262283325195,-31.442371368408203,-4.229308128356934,-14.231978416442871,-12.685478210449219,-13.725592613220215,-19.352327346801758,-6.6768879890441895,-3.6491012573242188,-12.4495210647583,-3.9222850799560547,-6.83239221572876,0.27112379807692305,0.018914705142378807,3365.242449502821,2475.0086094987264,0.0
-594.9217529296875,58.09666442871094,-16.98091697692871,6.8516316413879395,-12.1585693359375,-0.553479790687561,-11.600110054016113,-14.475184440612793,-4.788744926452637,-1.9521613121032715,-6.84608268737793,-1.601810097694397,-6.771790981292725,0.124462890625,0.0039802729152143,1886.751652596821,1538.4789432539005,2.0
-616.27978515625,61.95523452758789,-15.306817054748535,8.211315155029297,-14.302989959716797,-2.4468467235565186,-9.241147994995117,-14.325295448303223,-7.861020565032959,-1.4884291887283325,-7.876288890838623,-2.7172114849090576,-9.022342681884766,0.16682316706730768,0.0036558553110808134,2271.6528718429013,1833.3936301105307,2.0
-570.3414306640625,59.25334167480469,-13.448552131652832,3.805215835571289,-8.67604923248291,-5.271578788757324,-10.858320236206055,-16.73553466796875,-8.014869689941406,-1.0473142862319946,-11.32405948638916,-2.167633295059204,-10.539337158203125,0.12686298076923078,0.006263575982302427,2153.3784941582494,1561.8708420568262,2.0
-578.0305786132812,58.741939544677734,-20.980846405029297,5.249414920806885,-11.7586030960083,-7.883396625518799,-13.12598991394043,-19.788909912109375,-5.426980495452881,-0.3426113426685333,-12.812588691711426,-1.980188012123108,-11.888797760009766,0.14929762620192308,0.005948198959231377,2721.589145850271,1939.827414493107,2.0
-526.3328247070312,48.592525482177734,-21.28156280517578,7.961853981018066,-18.338253021240234,-7.929050922393799,-9.75313949584961,-16.017799377441406,-10.728172302246094,-2.3736343383789062,-10.116463661193848,-4.638258934020996,-8.897896766662598,0.1277381310096154,0.007571858819574118,2033.0882574649945,1538.7112870252045,2.0
-529.899658203125,49.015838623046875,-14.647327423095703,8.598026275634766,-16.817731857299805,-6.130059242248535,-6.198991298675537,-12.535504341125488,-9.782279968261719,-1.6273229122161865,-7.089139461517334,-3.6247169971466064,-8.0342378616333,0.19773888221153846,0.00792293343693018,3296.516443660737,2341.981284528092,2.0
-505.9776306152344,53.14732360839844,-18.238161087036133,1.0097084045410156,-15.383891105651855,-8.45450496673584,-16.359119415283203,-18.86758041381836,-8.550423622131348,-4.180915355682373,-13.711336135864258,0.5623223185539246,-12.33426284790039,0.1660832331730769,0.01045828778296709,2747.0152051388295,1966.3415601847062,2.0
-507.194580078125,54.95527267456055,-19.17159652709961,1.2011692523956299,-15.260700225830078,-9.041252136230469,-14.676163673400879,-18.29534912109375,-9.470605850219727,-2.513288974761963,-11.850489616394043,0.5342917442321777,-12.249380111694336,0.21399489182692308,0.010009149089455605,3098.4180971528795,2137.89861373383,2.0
-546.285888671875,43.87003707885742,-18.834556579589844,9.227622032165527,-9.313453674316406,-10.216041564941406,-4.61428165435791,-7.338128566741943,-3.951434850692749,-4.791140556335449,-5.45721435546875,-5.311956882476807,-4.234163284301758,0.18951697716346153,0.008204863406717777,2478.326529182376,1981.45182621386,0.0
-572.1632080078125,46.9739990234375,-21.368473052978516,5.354639053344727,-8.648164749145508,-8.056512832641602,-4.184666156768799,-9.44162368774414,-7.0845255851745605,-5.762662410736084,-7.9421281814575195,-3.6379315853118896,-6.131978988647461,0.261474609375,0.006428564433008432,2661.81599779684,2007.5789202238893,0.0
-563.14404296875,47.06110382080078,-17.781230926513672,3.285630464553833,-10.38783073425293,-8.856854438781738,-5.474685192108154,-12.477663040161133,-5.518803596496582,-4.629543781280518,-9.630950927734375,-4.139809608459473,-9.84081745147705,0.24740459735576922,0.008020251989364624,2630.749294095192,1948.302248184838,0.0
-553.023681640625,46.031768798828125,-21.520069122314453,5.573038578033447,-9.859084129333496,-12.668460845947266,-9.6515531539917,-13.648598670959473,-7.5340800285339355,-5.831368446350098,-9.34634017944336,-5.416070461273193,-6.5351715087890625,0.2582782451923077,0.008360630832612514,3051.080731306519,2230.6351324514544,0.0
-483.0149230957031,40.54267501831055,-23.204853057861328,6.270290374755859,-12.65609073638916,-8.587963104248047,-5.41483736038208,-11.997783660888672,-6.78977108001709,-5.582178592681885,-6.479508876800537,-4.520603179931641,-3.0085036754608154,0.1987530048076923,0.011096782982349396,2733.6528368796016,2048.063919162785,0.0
-489.06591796875,44.49113845825195,-28.897716522216797,4.333715438842773,-14.192580223083496,-11.042104721069336,-4.56651496887207,-10.3667573928833,-7.214423656463623,-4.9712233543396,-7.439574241638184,-3.500204086303711,-1.9173818826675415,0.24434720552884615,0.011069601401686668,3263.6249159383906,2417.5547370114177,0.0
-490.911865234375,38.854736328125,-19.5325984954834,-1.0650869607925415,-14.811544418334961,-15.410853385925293,-6.417474269866943,-15.206844329833984,-9.4469575881958,-7.6761698722839355,-7.41592264175415,-2.3221261501312256,-6.770137310028076,0.25452223557692305,0.0147767448797822,3455.177189286749,2497.04961375674,0.0
-465.2822265625,43.0384635925293,-26.35247802734375,-5.862382888793945,-16.320669174194336,-13.405500411987305,-11.180010795593262,-17.25471305847168,-8.791982650756836,-7.268617153167725,-11.069212913513184,-6.663300514221191,-10.606693267822266,0.20783879206730768,0.015776125714182854,2775.729143258494,2006.2857319681716,0.0
-593.31787109375,62.37174606323242,-5.299445629119873,10.48606014251709,3.5998008251190186,-3.73940372467041,-14.446420669555664,-8.095040321350098,-3.947263240814209,-10.015745162963867,-2.4369168281555176,-3.1804730892181396,-5.934650897979736,0.20296724759615384,0.00457133399322629,2808.7885048145913,2240.961864301788,1.0
-593.7012939453125,72.2071533203125,1.7036995887756348,16.61224365234375,10.240720748901367,0.09647005796432495,-10.498025894165039,-5.394500255584717,-0.04329587519168854,-5.810536861419678,-0.016693174839019775,-0.0722028911113739,-1.1989898681640625,0.14955679086538462,0.004342084284871817,2588.544668962407,2580.397267394969,1.0
-599.6519775390625,61.9251594543457,-4.3128461837768555,11.894311904907227,4.9027862548828125,-1.820397973060608,-15.866137504577637,-7.401517391204834,-5.457706451416016,-9.652103424072266,0.05890074372291565,-4.813456058502197,-4.996329307556152,0.25037560096153844,0.004918233957141638,3162.6963769331173,2426.998196639027,1.0
-589.3536987304688,60.187408447265625,0.370361864566803,11.354227066040039,6.009443283081055,-0.01389805693179369,-18.64710807800293,-9.65621280670166,-6.969058990478516,-10.487930297851562,-2.598010778427124,-3.4874300956726074,-4.5035858154296875,0.28934044471153847,0.00520457373932004,3143.9998976683037,2586.553483728809,1.0
-592.3497924804688,68.133544921875,3.7152481079101562,11.350760459899902,5.038593769073486,-2.949634552001953,-15.900935173034668,-4.858908176422119,-2.5317180156707764,-9.279494285583496,3.9951491355895996,-7.008316516876221,-3.3002779483795166,0.1372746394230769,0.003513709641993046,2632.8455027855125,2268.152548441349,1.0
-592.2914428710938,65.45307922363281,-1.4598395824432373,11.471993446350098,3.2670741081237793,-4.921879768371582,-15.805495262145996,-5.628194332122803,-2.2502498626708984,-8.2848539352417,3.8133013248443604,-7.315201282501221,-5.0710296630859375,0.12528921274038463,0.0036662400234490633,2349.492039682143,1996.631408283153,1.0
-600.0050659179688,70.02900695800781,-0.49905478954315186,10.738871574401855,10.736538887023926,-3.0174710750579834,-23.791072845458984,1.5441005229949951,-4.1725006103515625,-11.663814544677734,5.990666389465332,-10.325193405151367,-3.3869009017944336,0.27526667668269234,0.0037251219619065523,2943.7950086186515,2370.5753621007425,1.0
-506.3270568847656,52.6146125793457,0.5019479393959045,4.440713882446289,2.325392961502075,-2.1434171199798584,-20.566884994506836,-5.2623796463012695,-5.0398712158203125,-15.347471237182617,4.452052593231201,-11.198387145996094,-8.082069396972656,0.287109375,0.01017656922340393,3128.1631751174673,2565.6408852935056,1.0
-510.5846252441406,78.39634704589844,-17.6147403717041,8.564105987548828,-2.636997699737549,-6.614816665649414,-24.16758155822754,-5.606095314025879,-5.869182586669922,-16.515872955322266,14.494612693786621,-5.959599494934082,-5.120829105377197,0.11337890625,0.00580732012167573,2286.850328202738,2246.602393589339,1.0
-486.8560791015625,59.71952438354492,-8.12507438659668,10.036778450012207,3.1533334255218506,-2.970996141433716,-15.234481811523438,-11.77981185913086,-6.634077548980713,-12.591119766235352,3.8662922382354736,-8.864267349243164,-6.248505592346191,0.20001126802884617,0.010058281943202019,2721.0303626958344,2433.815208750221,1.0
-497.421630859375,55.058502197265625,-1.1553761959075928,10.589714050292969,5.442473888397217,-1.1694375276565552,-18.38728141784668,-5.124314308166504,-5.775601863861084,-13.975754737854004,9.317696571350098,-8.296050071716309,-5.788290500640869,0.24180438701923077,0.011505519971251488,2931.1238458121256,2483.71630125534,1.0
-495.3493957519531,52.82426071166992,0.7341597080230713,9.065014839172363,2.1589345932006836,0.12976543605327606,-18.364669799804688,-7.033398628234863,-5.092494487762451,-15.336607933044434,9.647726058959961,-11.463469505310059,-6.786840438842773,0.2553523137019231,0.011046254076063633,2979.496464056057,2473.0467886048323,1.0
-509.04364013671875,67.902099609375,-9.634220123291016,7.210519790649414,3.4361824989318848,-1.888476848602295,-18.527725219726562,-11.33390998840332,-9.755049705505371,-13.010103225708008,3.2154042720794678,-8.059823036193848,-5.991922378540039,0.22134540264423078,0.009803597815334797,2624.442686631189,2366.893274512442,1.0
-489.939453125,62.93836975097656,-14.448307037353516,-0.6072270274162292,-4.918849945068359,-1.6009366512298584,-17.649198532104492,-12.619390487670898,-10.331674575805664,-14.780767440795898,1.530583143234253,-11.236564636230469,-7.185727596282959,0.19293494591346153,0.012851557694375515,2708.6741603307846,2488.414200311224,1.0
-508.6259765625,51.12015151977539,-8.417669296264648,3.97928524017334,0.5075626969337463,-2.8407986164093018,-21.929582595825195,-10.972249031066895,-8.486410140991211,-14.066680908203125,-0.7800052762031555,-11.192679405212402,-6.074062824249268,0.20282451923076922,0.011570550501346588,2709.687967904738,2126.7899865205127,1.0
-540.4611206054688,54.80351638793945,-3.640639543533325,3.2638814449310303,-2.8815245628356934,2.4232101440429688,-19.965173721313477,-10.444330215454102,-6.870264530181885,-13.05492877960205,1.6593105792999268,-9.153763771057129,-4.651586055755615,0.11891902043269231,0.0078080324456095695,2045.881251786695,1683.0692377567484,1.0
-394.8836669921875,43.194156646728516,-12.541211128234863,-0.6667348742485046,-9.676079750061035,-5.436336517333984,-19.2919864654541,-12.105019569396973,-9.782681465148926,-17.242002487182617,1.2407269477844238,-10.533393859863281,-8.952925682067871,0.20553260216346153,0.02915920689702034,3011.5541918648432,2549.0743637667347,1.0
-370.3738098144531,34.52775192260742,-20.403459548950195,0.2559756934642792,-8.095722198486328,-2.4167253971099854,-16.402238845825195,-13.857368469238281,-12.278863906860352,-15.702884674072266,0.8531441688537598,-10.67439079284668,-9.308579444885254,0.178759765625,0.03933325409889221,2999.4085252279397,2528.318649357418,1.0
-305.53558349609375,35.62995147705078,-7.844183921813965,-2.0536110401153564,-13.292963027954102,-4.991966247558594,-16.723133087158203,-15.55027961730957,-13.982194900512695,-20.481460571289062,-4.838815689086914,-7.363962650299072,-12.737687110900879,0.1739520733173077,0.05572545528411865,3085.184356153837,2640.312709650553,1.0
-371.5148010253906,45.84120559692383,-9.737261772155762,-5.715479373931885,-6.917057037353516,-1.2118217945098877,-19.936885833740234,-12.147244453430176,-10.8172607421875,-18.109912872314453,-0.4803757965564728,-12.62525749206543,-8.7367582321167,0.18346228966346154,0.03008066862821579,2912.755230680911,2509.54830658219,1.0
-640.4189453125,73.83037567138672,-0.6841491460800171,11.46064281463623,6.887864112854004,-0.18235772848129272,-13.386368751525879,-6.083978652954102,-3.3518056869506836,-9.005412101745605,-0.2209511399269104,-6.042953014373779,-5.195676326751709,0.21505784254807692,0.00284745916724205,3007.3432412065936,2470.5999463745375,2.0
-632.2335205078125,74.36638641357422,-2.1067254543304443,8.174165725708008,6.378682613372803,-2.7841439247131348,-12.884467124938965,-7.105571269989014,-3.0822527408599854,-8.36112117767334,-2.4526865482330322,-5.216942310333252,-5.141045570373535,0.2165264423076923,0.0027752674650400877,2940.7145263847437,2455.293922051848,2.0
-569.2166137695312,62.39925765991211,-8.165337562561035,12.51435375213623,4.7517852783203125,-3.15621280670166,-16.284351348876953,-10.200563430786133,-6.052289009094238,-11.103796005249023,-0.1107335016131401,-7.154779434204102,-5.9985504150390625,0.25994966947115383,0.004752476699650288,2730.00578835936,2393.8732610186985,2.0
-578.33642578125,68.6205062866211,-1.4962742328643799,12.613734245300293,4.965378761291504,1.2691398859024048,-19.24729347229004,-9.018731117248535,-4.646925926208496,-11.77426528930664,0.926044762134552,-4.427999973297119,-5.733576774597168,0.24504206730769232,0.004405890125781298,2633.8908125117164,2426.412609687032,2.0
-478.60748291015625,75.4140625,-18.14818572998047,-3.0826473236083984,-2.754406213760376,-9.164702415466309,-22.369407653808594,-21.321571350097656,-20.80084800720215,-24.470510482788086,-6.4060211181640625,-11.17820930480957,-12.618212699890137,0.20034930889423078,0.015072637237608433,2333.7495070323735,2201.627358239744,2.0
-423.43963623046875,63.73891067504883,-11.473851203918457,4.7990264892578125,-1.2530517578125,-4.650228023529053,-19.511375427246094,-18.700069427490234,-13.164471626281738,-17.316932678222656,-4.289373874664307,-13.291937828063965,-12.905515670776367,0.12564978966346155,0.022283636033535004,2464.586674080312,2475.696835783569,2.0
-407.7197570800781,58.71542739868164,-11.830245971679688,6.50960111618042,5.157740592956543,-1.2313905954360962,-14.768231391906738,-17.99224853515625,-15.135137557983398,-13.969047546386719,-3.4571423530578613,-11.41994571685791,-5.8292951583862305,0.1016376201923077,0.022436967119574547,2255.895751987815,2347.507083543104,2.0
-438.1730651855469,59.5697021484375,-10.3525390625,4.916965007781982,-0.32963070273399353,-3.1093544960021973,-14.727901458740234,-13.054536819458008,-14.119993209838867,-12.924335479736328,-4.927526950836182,-8.872357368469238,-7.1878485679626465,0.14788912259615383,0.020964065566658974,2435.7304044069383,2042.7270676272778,2.0
-580.0247802734375,68.08853149414062,3.5898804664611816,18.59956169128418,3.792691707611084,-6.083054065704346,-9.68121337890625,-10.395086288452148,-6.871659278869629,-6.794002532958984,-5.869816780090332,-5.001555919647217,-2.9893152713775635,0.23641451322115384,0.0031167673878371716,2912.3051753543778,2570.7013338287684,2.0
-462.5545654296875,58.023460388183594,-14.408942222595215,18.377347946166992,1.3134033679962158,-7.817263603210449,-9.448493957519531,-13.87494945526123,-6.5204596519470215,-11.002863883972168,-10.732634544372559,-6.027557373046875,-5.703908920288086,0.1867412860576923,0.012007731944322586,2784.3005494079525,2325.92241394328,2.0
-491.9007873535156,64.1953125,-11.47033405303955,12.11709213256836,0.20540279150009155,-5.741593360900879,-14.258008003234863,-14.943636894226074,-7.929291248321533,-9.715226173400879,-7.641100883483887,-4.336974143981934,-3.0507583618164062,0.19326171875,0.008791727013885975,2906.659561979149,2370.994783045606,2.0
-449.8071594238281,59.552703857421875,-11.02122688293457,7.6804938316345215,-1.4470150470733643,-7.596374034881592,-16.594907760620117,-12.353252410888672,-9.458430290222168,-11.413517951965332,-7.64292573928833,-6.1211042404174805,-4.609591960906982,0.18739483173076923,0.014143524691462517,2796.804766359131,2290.193831294873,2.0
-307.0029296875,44.078426361083984,-24.700435638427734,9.221529960632324,-11.453125953674316,-5.819674968719482,-7.768691539764404,-18.007122039794922,-5.678455829620361,-7.5463690757751465,-7.166901588439941,-3.7498881816864014,-6.051639080047607,0.1479755108173077,0.06391961127519608,2885.381245971717,2450.616168137245,2.0
-301.99139404296875,41.29319381713867,-21.64441680908203,10.938243865966797,-4.364624977111816,-6.42497444152832,-9.637786865234375,-16.800580978393555,-6.8964738845825195,-6.961426734924316,-8.202425956726074,-5.832556247711182,-5.001063823699951,0.1623760516826923,0.05945520102977753,2807.712377589211,2365.356802433961,2.0
-314.7962341308594,46.32020568847656,-17.770431518554688,8.03674602508545,-9.31476879119873,-2.94991397857666,-7.9583516120910645,-16.04400634765625,-8.307416915893555,-8.026869773864746,-6.652651786804199,-3.8955140113830566,-5.827073097229004,0.14845252403846154,0.05372634157538414,2962.4418761841844,2487.3731863342814,2.0
-297.7474670410156,37.19511795043945,-21.165973663330078,8.512983322143555,-9.47898006439209,-4.769679069519043,-8.681639671325684,-13.176366806030273,-9.455857276916504,-8.742259979248047,-3.0448451042175293,-4.953234672546387,-8.051342964172363,0.20493539663461538,0.07237029820680618,3014.8988290170782,2403.067170154915,2.0
-557.6458129882812,60.54338073730469,0.5516042709350586,11.893359184265137,3.2325525283813477,-2.3032748699188232,-13.45438003540039,-15.333405494689941,-1.6411900520324707,-7.86452054977417,-3.9369313716888428,-6.717296600341797,-7.261139869689941,0.3087928185096154,0.0049014948308467865,3025.464530052196,2636.759559722401,0.0
-485.9219055175781,64.60675811767578,-7.095331192016602,10.18798828125,1.2628004550933838,-6.534481048583984,-18.283763885498047,-17.1805362701416,-6.681999683380127,-11.687725067138672,-9.02603816986084,-7.892330169677734,-10.213613510131836,0.1967548076923077,0.009221429005265236,2613.235215993079,2449.238869133332,0.0
-497.2692565917969,53.84200668334961,-6.118065357208252,8.726181030273438,0.09939087927341461,-3.4967823028564453,-14.74884033203125,-14.361675262451172,-7.658308506011963,-11.185159683227539,-2.7535078525543213,-5.501382827758789,-8.816520690917969,0.29495943509615385,0.010054090991616249,2947.667316236796,2625.6825820472127,0.0
-537.848388671875,60.72889709472656,-13.172706604003906,9.796152114868164,3.1385996341705322,-2.5778768062591553,-15.29912281036377,-14.54682731628418,-6.641465187072754,-9.264805793762207,0.9864743947982788,-4.9288153648376465,-5.332504749298096,0.277294921875,0.007689119316637516,3026.3657480073966,2356.48824568605,0.0
-355.6900634765625,66.78622436523438,-11.420759201049805,12.171371459960938,5.857090473175049,2.0799736976623535,-6.710473537445068,-3.559086561203003,-7.678881645202637,-8.987639427185059,8.58732795715332,-6.971340656280518,-5.099564075469971,0.10188927283653847,0.028852403163909912,2558.983420830936,2567.948471713242,0.0
-307.1768798828125,48.09370803833008,-22.002328872680664,0.3646329343318939,-6.747801303863525,-2.6903133392333984,-17.78738784790039,-21.76262855529785,-10.39302921295166,-17.26092529296875,-3.686614990234375,-11.454122543334961,-9.304819107055664,0.12918043870192308,0.0575638972222805,2735.745596208798,2496.712727266848,0.0
-376.11541748046875,50.34529113769531,-8.401288986206055,8.124589920043945,1.5566720962524414,4.982975959777832,-10.596146583557129,-15.307355880737305,-10.194611549377441,-13.659883499145508,1.1836358308792114,-7.124612331390381,-11.718362808227539,0.11983548677884616,0.031225427985191345,2728.3393065637283,2608.6004456984188,0.0
-321.23284912109375,54.576820373535156,-25.09804344177246,-5.793488502502441,-10.846054077148438,-2.022975206375122,-21.62230682373047,-15.795987129211426,-13.74156379699707,-20.824190139770508,5.486026287078857,-7.702907085418701,-11.470414161682129,0.15808668870192308,0.042169541120529175,2897.307941530817,2475.4925883795127,0.0
-516.2877807617188,61.88737869262695,-10.29759693145752,14.140091896057129,-0.5902053713798523,-8.060043334960938,-10.105870246887207,-7.417304992675781,-7.434523582458496,-3.4986345767974854,-3.0194902420043945,-7.821728229522705,-6.069034576416016,0.22578500600961537,0.0066087194718420506,2899.9496439568584,2448.794617587089,2.0
-560.9898681640625,58.58341979980469,0.34429416060447693,15.2371826171875,4.689629077911377,-8.860260963439941,-9.23728084564209,-5.751204013824463,-6.907401084899902,-5.831394672393799,-1.9854084253311157,-7.356709003448486,-4.198303699493408,0.32366661658653845,0.004627245478332043,3080.5472325678033,2543.954863426186,2.0
-542.650146484375,55.04364776611328,-2.209082841873169,13.376385688781738,2.449857473373413,-6.381939888000488,-17.595396041870117,-8.580791473388672,-5.024993419647217,-3.38309383392334,-1.69568932056427,-11.585424423217773,-5.2293243408203125,0.20451472355769232,0.00444923946633935,2999.3449133261097,2580.066678274233,2.0
-489.91094970703125,58.50951385498047,-14.38290023803711,10.306676864624023,3.161900281906128,-7.9291486740112305,-16.778709411621094,-9.28946590423584,-8.461821556091309,-6.050512790679932,0.8074454665184021,-9.455842018127441,-5.9650702476501465,0.27000826322115384,0.007937179878354073,3116.357712748177,2417.2367198312263,2.0
-537.0964965820312,61.15786361694336,0.5419461727142334,20.678489685058594,1.3315894603729248,-11.15691089630127,-12.05935001373291,-4.646705150604248,-7.664876461029053,-9.17952823638916,-5.115499019622803,-7.962747097015381,-7.559109210968018,0.25049954927884616,0.0056775277480483055,2861.593484134349,2586.6459499925995,2.0
-499.8946533203125,59.06412887573242,3.1971967220306396,21.480445861816406,-2.516726493835449,-6.077019214630127,-10.876615524291992,-2.47619891166687,-6.536952972412109,-7.161982536315918,-1.1590265035629272,-5.727761745452881,-4.7534379959106445,0.1801044170673077,0.005656398367136717,3048.571339561519,2597.8882090651255,2.0
-476.4668273925781,65.81773376464844,-0.5502457618713379,6.839829444885254,-2.6619107723236084,-5.760965824127197,-14.142133712768555,-6.01530122756958,-9.850080490112305,-11.98599910736084,-3.9136173725128174,-7.763264179229736,-7.420130252838135,0.2330303485576923,0.010027021169662476,2874.3412419463034,2502.30931702862,2.0
-426.5569152832031,48.33987045288086,-11.768537521362305,4.1142120361328125,-6.772230625152588,-2.7703635692596436,-17.51327896118164,-9.795051574707031,-9.643952369689941,-8.544187545776367,-5.7158308029174805,-5.0139055252075195,-8.202486038208008,0.22862830528846154,0.017128122970461845,3121.943998607997,2419.1119858191723,2.0
-552.6277465820312,56.75746536254883,-15.726895332336426,2.4692294597625732,-5.969071865081787,-4.095300674438477,-16.07389259338379,-14.432415962219238,-6.274927139282227,-11.388516426086426,-1.5245453119277954,-5.253838539123535,-4.893534183502197,0.17740384615384616,0.007262229919433594,2799.0216225663426,2315.6976797765255,0.0
-531.6476440429688,55.43444061279297,-8.716166496276855,8.198219299316406,3.60243821144104,-3.5062968730926514,-9.849777221679688,-7.337638854980469,-0.9103745818138123,-6.827968120574951,-0.020624777302145958,-3.064969062805176,-6.760955810546875,0.22113131009615383,0.00843378808349371,3031.6914697747793,2655.2428422936773,0.0
-574.820068359375,57.35074996948242,-8.66003704071045,6.2849578857421875,-4.431689262390137,0.05315299332141876,-12.783063888549805,-11.103947639465332,-6.064833641052246,-10.630941390991211,0.132242813706398,-1.408266544342041,-7.457726955413818,0.23877328725961539,0.006403201259672642,3176.6415704348587,2546.1936186591843,0.0
-497.22247314453125,63.6021728515625,-20.12572479248047,8.995527267456055,-2.0274765491485596,-7.394357204437256,-14.488921165466309,-9.563924789428711,-3.6716294288635254,-11.372537612915039,2.4211931228637695,-2.721189022064209,-6.893680572509766,0.15486403245192307,0.011266006156802177,2590.571864247246,2014.3285089270873,0.0
-489.3262023925781,58.612281799316406,-16.10382652282715,5.513268947601318,-5.538378715515137,-10.120052337646484,-9.490812301635742,-11.991556167602539,-4.474323272705078,-13.460406303405762,-3.3900563716888428,-0.8871961832046509,-8.928476333618164,0.241162109375,0.01486065611243248,2974.303834821257,2516.994109008127,0.0
-421.1266784667969,49.9920768737793,-11.945085525512695,7.7574639320373535,-3.0714786052703857,-9.217827796936035,-9.200944900512695,-10.692791938781738,-0.07006894797086716,-10.711331367492676,-2.776918888092041,0.052333422005176544,-8.788214683532715,0.1680926983173077,0.02030215784907341,3097.357668822707,2475.476778388782,0.0
-431.7353515625,46.724632263183594,-14.36579418182373,-3.4138431549072266,-8.586499214172363,-2.375438690185547,-19.2412052154541,-12.143816947937012,-2.496079683303833,-14.188369750976562,-1.6115213632583618,-3.508802890777588,-8.052092552185059,0.22723106971153847,0.02032230980694294,3213.636653040706,2542.592917417724,0.0
-530.6316528320312,52.3263053894043,-9.181320190429688,3.7533905506134033,-2.899798631668091,-5.797874450683594,-11.844053268432617,-8.964754104614258,-5.248989582061768,-9.8735990524292,-1.732641339302063,-4.863949775695801,-7.3143110275268555,0.22559720552884616,0.011155275627970695,3162.970578240299,2450.4742999929504,0.0
-679.9818725585938,45.60139846801758,-9.122834205627441,9.260642051696777,-4.848219871520996,-5.453926086425781,-7.066726207733154,-13.705903053283691,-7.732048034667969,-3.6094248294830322,-3.217434883117676,-7.483282566070557,-4.764631748199463,0.2142315204326923,0.0027216128073632717,3068.3689075402353,2181.23235410617,1.0
-679.0478515625,47.715362548828125,-9.469202995300293,6.351057529449463,-9.278727531433105,-8.656349182128906,-9.553994178771973,-16.441112518310547,-11.878976821899414,-5.487730026245117,-4.348067760467529,-8.568852424621582,-5.568655490875244,0.22874849759615384,0.003086874494329095,2451.0900061734887,1963.7556857384561,1.0
-706.5616455078125,48.585548400878906,-8.359195709228516,1.6703165769577026,-6.843088150024414,-5.22246789932251,-10.578263282775879,-15.667805671691895,-9.217320442199707,-6.150727272033691,-5.47801399230957,-9.626067161560059,-6.049990177154541,0.2109149639423077,0.0027855734806507826,2083.9610366427764,1741.3079021652336,1.0
-714.75830078125,48.43384552001953,-4.442612648010254,1.9381492137908936,-6.497209072113037,-5.032770156860352,-9.227952003479004,-15.098289489746094,-9.739643096923828,-5.937007427215576,-5.177212238311768,-9.00153636932373,-6.579706192016602,0.219189453125,0.002317623235285282,2251.6411691115445,1791.5780430875566,1.0
-616.6755981445312,57.60858154296875,-15.973419189453125,3.6812081336975098,-14.582898139953613,-10.567805290222168,-12.08962631225586,-18.002775192260742,-13.754632949829102,-6.438047409057617,-4.989833354949951,-10.758350372314453,-5.489304542541504,0.15914588341346153,0.003478975035250187,2067.3464114843932,1820.487084901619,1.0
-617.497314453125,60.5313720703125,-24.07788848876953,4.829738140106201,-10.051544189453125,-9.450695991516113,-12.822684288024902,-16.600337982177734,-11.049786567687988,-4.8451457023620605,-3.801520824432373,-10.318204879760742,-5.475496292114258,0.16961388221153847,0.0036882751155644655,2209.561105220086,1915.3813225883143,1.0
-617.57763671875,52.09639358520508,-12.241689682006836,4.608802318572998,-12.459031105041504,-7.015851974487305,-12.034252166748047,-16.61594581604004,-11.552124977111816,-6.222446918487549,-3.75970721244812,-8.62063980102539,-3.137972831726074,0.12020357572115385,0.00476036174222827,1996.1214924924172,1651.9407011330313,1.0
-624.899658203125,60.03421401977539,-16.19879722595215,-0.9845155477523804,-9.95356273651123,-6.55375862121582,-14.326300621032715,-23.886478424072266,-10.448750495910645,-5.116846561431885,-6.732255458831787,-9.235991477966309,-7.78630256652832,0.2059870793269231,0.003211534582078457,2612.2903216370523,2236.717181820381,1.0
-630.03564453125,53.26163864135742,-10.490021705627441,4.598833084106445,-10.202737808227539,-6.210382461547852,-11.776654243469238,-13.876471519470215,-12.758577346801758,-6.951696872711182,-3.25712513923645,-11.57803726196289,-5.429488658905029,0.1169696514423077,0.003415720770135522,2094.3155264773914,1777.789272011806,1.0
-593.1351928710938,68.42835235595703,-22.725868225097656,5.559859752655029,-8.934768676757812,-8.569695472717285,-16.15882110595703,-24.147735595703125,-12.125955581665039,-5.622920036315918,-5.401108741760254,-10.830876350402832,-3.3121984004974365,0.1974834735576923,0.0034035416319966316,2690.075688426159,2327.2686471667657,1.0
-578.5068969726562,57.49726486206055,-16.41478729248047,6.2780442237854,-11.710745811462402,-8.945080757141113,-15.396387100219727,-23.885610580444336,-9.102187156677246,-6.4222211837768555,-6.5204291343688965,-9.632380485534668,-3.295794725418091,0.14986853966346153,0.004044322296977043,2482.391697555551,2026.6267456040189,1.0
-620.4478149414062,50.5616569519043,-7.236400604248047,2.1662638187408447,-15.657112121582031,-7.652679920196533,-17.472206115722656,-18.16364860534668,-13.21456241607666,-7.773819923400879,-8.677826881408691,-13.157548904418945,-5.544496059417725,0.20997220552884616,0.0037732368800789118,3249.3192578999183,2356.1837251038364,1.0
-620.8462524414062,52.64683151245117,-19.846683502197266,6.581203937530518,-9.494159698486328,-10.343687057495117,-9.128478050231934,-16.61837387084961,-9.311766624450684,-4.901263236999512,-8.68560791015625,-9.855377197265625,-6.9787139892578125,0.14954927884615385,0.005231066141277552,1974.9254721326422,1609.2905841838058,1.0
-567.4887084960938,45.377750396728516,-24.357933044433594,6.396976470947266,-8.518329620361328,-13.61663818359375,-5.7129693031311035,-17.464168548583984,-9.974647521972656,-3.514007568359375,-8.292957305908203,-8.48482608795166,-7.960257530212402,0.27049278846153846,0.007864970713853836,3185.5507910909787,2348.0184876457456,1.0
-590.2353515625,49.36774444580078,-16.437793731689453,9.104897499084473,-5.7258992195129395,-9.518899917602539,-4.367043495178223,-14.88019847869873,-8.31389331817627,-6.721254348754883,-4.667317867279053,-7.451904296875,-5.8192572593688965,0.21307091346153847,0.006231992039829493,3306.428891101631,2290.758796941002,1.0
-582.5386962890625,48.513946533203125,-18.32842254638672,5.750502109527588,-5.0585198402404785,-11.977144241333008,-7.024896621704102,-16.716899871826172,-6.52133321762085,-4.575588226318359,-6.6906609535217285,-6.404971599578857,-5.404271125793457,0.3083195612980769,0.008035808801651001,3107.1301465799725,2336.9814401368208,1.0
-462.0525817871094,36.058528900146484,-25.941129684448242,1.084854006767273,-9.981047630310059,-13.960936546325684,-4.942154884338379,-18.485401153564453,-9.993392944335938,-3.2770168781280518,-6.043895721435547,-9.149115562438965,-3.4595236778259277,0.20279071514423078,0.017447808757424355,2970.271609114566,2244.470914339037,1.0
-469.2637939453125,24.959304809570312,-25.52130126953125,2.484745740890503,-10.106536865234375,-13.01570987701416,-2.364820718765259,-15.852002143859863,-5.8890485763549805,-4.1449995040893555,-7.9324116706848145,-8.143240928649902,-7.261392593383789,0.1576171875,0.02155403047800064,2264.4024367089232,1799.2016824701773,1.0
-487.49285888671875,27.96090316772461,-21.675405502319336,1.312982201576233,-11.018199920654297,-14.0451021194458,-9.209966659545898,-18.77131462097168,-9.388039588928223,-6.118612766265869,-8.885859489440918,-7.274827003479004,-8.153386116027832,0.20247896634615384,0.018811574205756187,3021.4055760148512,2060.6924977774047,1.0
-420.6461181640625,25.960664749145508,-30.90302085876465,-0.1828608512878418,-13.2215576171875,-17.24654197692871,-12.867164611816406,-20.428380966186523,-6.8806352615356445,-7.740726470947266,-11.062407493591309,-12.562010765075684,-7.894771575927734,0.3112567608173077,0.03064989484846592,3348.355965981911,2513.5266173061455,1.0
-672.4042358398438,47.18559265136719,-2.5486156940460205,9.375198364257812,-4.881012439727783,-6.3828887939453125,-4.921060085296631,-13.128615379333496,-10.154085159301758,-7.786579608917236,-3.603605270385742,-7.721008777618408,-6.916721820831299,0.3448317307692308,0.00276449928060174,3412.2991340740728,2713.2761144448655,2.0
-563.8062133789062,34.52020263671875,-10.70517349243164,0.34512704610824585,-8.360411643981934,-9.790779113769531,-5.598968982696533,-16.797374725341797,-9.932894706726074,-4.3718976974487305,-5.237821578979492,-7.000982761383057,-9.154073715209961,0.2181415264423077,0.008321444503962994,2551.70473329517,2167.838525672968,2.0
-562.723388671875,31.253206253051758,-12.39229679107666,0.7244313359260559,-7.793789386749268,-15.183526039123535,-7.983199596405029,-19.3360538482666,-10.92040729522705,-6.830544948577881,-8.076148986816406,-7.393866539001465,-8.760663986206055,0.22116135817307692,0.009006849490106106,2829.4556626853023,2103.108192619871,2.0
-576.09814453125,24.003807067871094,-11.071455955505371,-2.9533419609069824,-9.536890029907227,-17.946138381958008,-7.548318386077881,-21.06537437438965,-11.090418815612793,-5.860424041748047,-9.54381275177002,-7.040028095245361,-7.9586334228515625,0.3102276141826923,0.008172794245183468,3173.199709444403,2300.645411594718,2.0
-500.5088806152344,25.489606857299805,-26.149375915527344,-0.8220747709274292,-9.26020336151123,-19.457073211669922,-11.327020645141602,-21.81312370300293,-10.528100967407227,-2.2340078353881836,-7.369335174560547,-4.887418746948242,-3.4283828735351562,0.1879619891826923,0.01580311730504036,2643.646213974721,2025.1339377071215,2.0
-461.71942138671875,21.38551139831543,-19.159954071044922,-3.8035099506378174,-13.556873321533203,-13.703863143920898,-5.337148666381836,-15.446714401245117,-10.052083015441895,-0.8716015219688416,-2.3537650108337402,0.7852786779403687,2.0037591457366943,0.33600135216346155,0.019837895408272743,3229.7043134979517,2582.45898386262,2.0
-411.0325622558594,5.441405296325684,-37.328208923339844,-9.618247032165527,-17.582324981689453,-24.697826385498047,-17.55739974975586,-25.44641876220703,-11.954602241516113,-5.3025665283203125,-7.774709701538086,1.3437741994857788,9.428027153015137,0.24364483173076923,0.03805232048034668,3238.771450740957,2322.9676894698123,2.0
-430.2146911621094,12.36695671081543,-32.04514694213867,-3.5543038845062256,-12.90383243560791,-23.141986846923828,-12.162861824035645,-22.72050666809082,-12.305635452270508,-8.978344917297363,-10.783490180969238,-8.491058349609375,-1.096976399421692,0.2583458533653846,0.025725826621055603,3626.5345763893647,2457.5120253490454,2.0
-521.0928955078125,41.97565460205078,-12.987062454223633,3.9392051696777344,-11.684551239013672,-9.357104301452637,-9.141879081726074,-16.693359375,-10.17243480682373,-6.235297679901123,-5.308382511138916,-10.094757080078125,-4.600435733795166,0.18375525841346155,0.009755617938935757,2495.048332969326,1927.7064800772455,2.0
-508.28863525390625,34.58695602416992,-14.54609489440918,2.8893513679504395,-13.904120445251465,-8.880951881408691,-4.951525688171387,-16.445898056030273,-7.990747928619385,-4.388120651245117,-4.204281806945801,-7.22756290435791,-5.313320636749268,0.186083984375,0.012283856980502605,2443.6597192438326,1881.0807291296587,2.0
-530.1270141601562,32.49888610839844,-13.142048835754395,-0.5366117358207703,-12.045624732971191,-11.876236915588379,-9.031085014343262,-19.261926651000977,-10.650398254394531,-7.414405345916748,-5.633294105529785,-8.961904525756836,-9.584696769714355,0.2356633112980769,0.013103766366839409,2760.387552696905,2032.1940742900276,2.0
-530.7666015625,42.18937301635742,-15.412903785705566,2.154534339904785,-14.687597274780273,-10.087562561035156,-10.566329002380371,-19.64061737060547,-10.439791679382324,-4.759589672088623,-4.553221702575684,-9.699814796447754,-5.958828449249268,0.30573167067307694,0.009748507291078568,3479.686942592512,2400.477885420786,2.0
-370.5760192871094,19.22065544128418,-24.041748046875,0.5582101941108704,-18.928852081298828,-7.581304550170898,-2.988987445831299,-18.791976928710938,-3.2846763134002686,-9.497096061706543,-4.627048969268799,-6.866477966308594,-3.0649116039276123,0.16959134615384616,0.04648042470216751,2789.7268014519805,1980.0039717064471,2.0
-384.7488708496094,23.729129791259766,-21.654714584350586,-0.3016708493232727,-20.039409637451172,-9.032455444335938,-6.701260089874268,-21.509469985961914,-6.789539813995361,-6.179697036743164,-4.758631229400635,-3.3919260501861572,-1.8241543769836426,0.14967698317307693,0.036185767501592636,2486.440189196135,1920.886816612741,2.0
-358.7676086425781,13.84666633605957,-21.961463928222656,0.02050945535302162,-16.51244354248047,-14.210424423217773,-8.67601203918457,-23.61132049560547,-4.663577556610107,-6.126571178436279,-3.947030782699585,-9.490814208984375,-6.6205549240112305,0.34503079927884617,0.04849865287542343,3688.6249917066966,2613.8921168983406,2.0
-409.36590576171875,15.13430404663086,-24.986948013305664,-9.335769653320312,-25.555519104003906,-12.107566833496094,-10.805384635925293,-24.44159698486328,-7.273871898651123,-11.866802215576172,-4.757326126098633,-6.415907859802246,-4.072361469268799,0.25001502403846154,0.03414878249168396,3658.505670125395,2404.20542868633,2.0
-540.7227172851562,29.047285079956055,-16.078224182128906,-0.007718365173786879,-9.359206199645996,-7.058379650115967,-6.2686686515808105,-18.47555923461914,-11.910841941833496,-3.045924186706543,-7.28357458114624,-8.066153526306152,-6.089492321014404,0.21472731370192308,0.009267418645322323,2654.480947748201,2121.659760239533,0.0
-526.4791870117188,28.42522621154785,-20.875932693481445,3.7267708778381348,-9.761625289916992,-9.929437637329102,-6.260498046875,-15.803470611572266,-10.070008277893066,-3.871614456176758,-8.575313568115234,-7.1846537590026855,-6.607527732849121,0.22487229567307693,0.010980291292071342,3113.584920298094,2240.131430932799,0.0
-528.6949462890625,31.108684539794922,-16.363021850585938,0.8792068362236023,-6.231876373291016,-10.340778350830078,-8.51506519317627,-19.192190170288086,-9.891919136047363,-3.2637484073638916,-9.020530700683594,-7.186099529266357,-8.956666946411133,0.19837740384615385,0.012091876938939095,2557.483282884147,1960.1840556570667,0.0
-527.992919921875,30.591991424560547,-13.775347709655762,-1.4955860376358032,-8.182769775390625,-9.159984588623047,-6.9654388427734375,-17.57707405090332,-13.154335021972656,-4.893339157104492,-8.351905822753906,-9.069258689880371,-7.988927364349365,0.17960486778846155,0.01152026280760765,2499.3268426929976,1901.5428164208022,0.0
-369.0679931640625,2.0550856590270996,-21.564340591430664,1.671924352645874,-8.402442932128906,-7.027688503265381,-7.214193820953369,-18.596101760864258,-9.49013900756836,-1.1682853698730469,-3.0886330604553223,1.1897475719451904,11.630934715270996,0.22103365384615384,0.03170798346400261,3242.9237436573576,2212.412324929985,0.0
-424.31793212890625,19.195497512817383,-20.02115249633789,-2.9286763668060303,-11.811638832092285,-6.753830909729004,-5.809175491333008,-15.30001449584961,-11.999528884887695,-6.116543292999268,-6.811246871948242,0.00907287560403347,5.939704895019531,0.20612980769230768,0.028969138860702515,2929.18044448999,2237.329233666551,0.0
-400.8851013183594,21.04361343383789,-20.771432876586914,-7.635652542114258,-18.23626708984375,-9.930132865905762,-12.515849113464355,-18.483089447021484,-10.495577812194824,-8.748250007629395,-9.929832458496094,-7.448158264160156,0.9116657376289368,0.1556640625,0.039562348276376724,2417.4741083672343,1868.6949912391967,0.0
-407.1495666503906,17.709505081176758,-20.792444229125977,-10.634356498718262,-14.204572677612305,-12.725497245788574,-10.39465045928955,-16.942066192626953,-9.107258796691895,-6.685571193695068,-7.60104513168335,-5.7657036781311035,0.5614809393882751,0.32740009014423077,0.038797564804553986,3634.2269990691493,2581.075134706583,0.0
-563.177001953125,51.6793327331543,-7.689131259918213,2.471446990966797,-6.668269634246826,-7.475785255432129,-6.720243453979492,-9.605573654174805,-13.082148551940918,-3.710737705230713,-4.812833309173584,-8.749306678771973,-4.907863616943359,0.11575270432692308,0.0067395418882369995,1937.6196465193016,1581.0921487676183,2.0
-542.3682861328125,55.11643600463867,-11.881316184997559,3.6392784118652344,-9.356047630310059,-9.788745880126953,-15.791926383972168,-15.308053016662598,-12.889982223510742,-0.8272424936294556,-8.707159042358398,-8.569260597229004,-4.967538833618164,0.18118239182692308,0.0077327885664999485,2343.010219072805,1963.5678396894423,2.0
-546.9481201171875,41.58818817138672,-11.634140968322754,-2.9090824127197266,-5.009344577789307,-11.560699462890625,-9.769209861755371,-17.29655647277832,-9.873016357421875,-4.663593292236328,-7.4346723556518555,-8.266474723815918,-5.420290946960449,0.27602914663461536,0.010374336503446102,3100.2421782208,2208.6217826630536,2.0
-521.353515625,32.8663330078125,-9.763545989990234,1.1212550401687622,-0.42393648624420166,-11.788729667663574,-7.599982261657715,-13.566829681396484,-4.773078441619873,-1.8345494270324707,-6.539484024047852,-4.725810527801514,-2.4010815620422363,0.29187575120192305,0.011380385607481003,3442.8438497897773,2629.9073812346837,2.0
-455.4024658203125,32.25922393798828,-10.455126762390137,5.155155181884766,-8.889347076416016,-8.03662109375,-6.026093006134033,-16.30092430114746,-10.661620140075684,-6.339064598083496,-4.896712303161621,-6.864287853240967,-4.862985610961914,0.11971153846153847,0.021043231710791588,2372.6042638001704,1884.2005223957015,2.0
-474.4385681152344,34.20211410522461,-11.558381080627441,1.1332123279571533,-9.94427490234375,-7.380197525024414,-7.376605033874512,-12.388739585876465,-13.992659568786621,-5.499843120574951,-6.091393947601318,-6.144099235534668,-6.990350246429443,0.19586087740384617,0.015896502882242203,2542.6230934563478,2188.7420165037074,2.0
-519.1913452148438,33.07179260253906,-12.54798698425293,-3.6164393424987793,-8.268021583557129,-13.380496978759766,-11.504890441894531,-19.09214210510254,-16.679424285888672,-5.162400245666504,-9.074152946472168,-11.252846717834473,-6.983022212982178,0.25829326923076923,0.012432744726538658,3030.9870324453914,2014.0108509307547,2.0
-478.7693176269531,34.626766204833984,-13.579951286315918,-8.43184757232666,-13.83291244506836,-12.052511215209961,-14.004329681396484,-20.227252960205078,-16.36341667175293,-5.1479268074035645,-10.762736320495605,-12.423858642578125,-6.251453876495361,0.15517202524038462,0.01700110174715519,2442.4452231610658,1775.428250111132,2.0
-596.3460693359375,41.8441162109375,-13.880084991455078,1.09884774684906,-8.641448974609375,-10.73112964630127,-7.8629937171936035,-15.386280059814453,-9.768268585205078,-5.770219326019287,-6.973827362060547,-9.19665241241455,-7.178188800811768,0.3668870192307692,0.0067911590449512005,3180.478071914776,2567.589197594396,0.0
-565.7777709960938,38.32398986816406,-14.60146427154541,1.0426619052886963,-10.61486530303955,-11.909856796264648,-7.150609016418457,-18.45780372619629,-9.45047664642334,-5.695967197418213,-7.792685031890869,-9.685981750488281,-7.908482074737549,0.2272235576923077,0.009596135467290878,2870.0740308247027,2171.8001128997057,0.0
-522.1490478515625,43.482059478759766,-11.372052192687988,-3.9433951377868652,-11.603687286376953,-15.281201362609863,-11.48840618133545,-21.32306671142578,-9.821048736572266,-6.546576499938965,-10.30229377746582,-10.561786651611328,-8.09872055053711,0.21977163461538463,0.011986389756202698,2599.7926115155183,1947.647716719519,0.0
-535.5828247070312,39.39883041381836,-16.05722999572754,-4.198075294494629,-14.110997200012207,-13.6182279586792,-9.456629753112793,-22.759431838989258,-10.444109916687012,-4.800938129425049,-10.28055477142334,-11.76746654510498,-8.755897521972656,0.22477088341346155,0.01182993222028017,2584.298504880455,2049.0923235672844,0.0
-447.20367431640625,31.36163902282715,-24.7083797454834,-3.683917999267578,-16.166526794433594,-14.085897445678711,-5.859200477600098,-22.115928649902344,-8.768773078918457,-2.5325095653533936,-7.99287748336792,-5.000706195831299,-0.9550089836120605,0.1499699519230769,0.024333298206329346,2309.555913988474,1901.1234645918812,0.0
-467.39422607421875,26.549283981323242,-19.86471939086914,-5.286208152770996,-14.704059600830078,-13.367414474487305,-11.517709732055664,-22.40300178527832,-7.360454559326172,-1.6835784912109375,-4.6212286949157715,-2.5942513942718506,-0.9213306307792664,0.2325458233173077,0.020091339945793152,2754.8365966994006,2224.101648798787,0.0
-470.4579772949219,31.160839080810547,-16.380922317504883,-3.5620174407958984,-12.087260246276855,-12.466215133666992,-11.3740873336792,-17.302783966064453,-5.776919364929199,-5.02871561050415,-7.135295867919922,-4.129722595214844,-2.190153121948242,0.2262657752403846,0.021829640492796898,2537.3456082190414,2060.9072659724307,0.0
-450.9634704589844,29.061954498291016,-17.07526969909668,-7.023791313171387,-15.7374267578125,-13.224266052246094,-13.19038200378418,-23.79462242126465,-7.915995121002197,-9.013287544250488,-10.88795280456543,-8.40395450592041,-4.719719886779785,0.15929612379807692,0.026862718164920807,2373.8150605837823,1958.6716555005917,0.0
-683.7412109375,79.71493530273438,7.64837646484375,16.398128509521484,12.296839714050293,-1.0827648639678955,-0.06951957195997238,-4.437154293060303,-1.3841125965118408,0.9366878271102905,1.7134215831756592,0.9337876439094543,-1.1806564331054688,0.20780123197115385,0.0018121411558240652,2553.2880629428587,2568.9835533485625,1.0
-696.2742919921875,82.88912963867188,4.096349239349365,22.050676345825195,12.000561714172363,1.2722495794296265,2.317517042160034,-4.693171501159668,0.8295741081237793,3.0718252658843994,3.2760672569274902,2.6852569580078125,-0.38883981108665466,0.207177734375,0.001517384429462254,2567.7042687236535,2511.700432858161,1.0
-682.150390625,67.01126861572266,3.025608539581299,17.91855812072754,8.842010498046875,-0.4007854759693146,2.4686226844787598,-6.0133256912231445,-6.709110736846924,3.123354434967041,1.9537250995635986,1.6062573194503784,-0.6130568385124207,0.2632061298076923,0.0022030079271644354,2859.950709572531,2601.0992773348503,1.0
-685.0433959960938,80.64338684082031,8.58596420288086,18.717920303344727,9.359856605529785,-0.45556938648223877,2.2910895347595215,-10.040213584899902,-4.502544403076172,2.513153314590454,0.618411660194397,3.354797840118408,-0.7576367855072021,0.2394305889423077,0.0020747294183820486,2670.9780540433767,2521.048868412605,1.0
-689.4639282226562,84.30947875976562,10.10262393951416,26.589645385742188,6.380589962005615,0.6894611120223999,-2.245173454284668,-1.3676990270614624,0.29791060090065,1.1682497262954712,0.8575419783592224,2.4539577960968018,-3.240769386291504,0.18067533052884616,0.0014706893125548959,2456.5582538660674,2406.9487997425467,1.0
-725.7127685546875,78.41718292236328,13.391667366027832,30.515649795532227,5.195257186889648,2.1726534366607666,1.087516188621521,-1.6886237859725952,4.152170181274414,1.2614035606384277,0.9817107915878296,5.086859703063965,-4.640694618225098,0.20852989783653847,0.0009408018668182194,2612.3482212506947,2550.298976048384,1.0
-692.9859619140625,81.60045623779297,13.423070907592773,25.788103103637695,1.8473304510116577,2.421721935272217,-1.98814857006073,-5.5694990158081055,-2.6886284351348877,4.201513767242432,1.0567588806152344,1.747641921043396,-2.5124528408050537,0.19474909855769232,0.001427571289241314,2581.6151059225595,2391.7205735643943,1.0
-655.4913330078125,72.44606018066406,14.517480850219727,19.924339294433594,0.2653833329677582,4.756349563598633,-4.910521507263184,-5.611620903015137,-3.794308662414551,2.34732723236084,1.7710072994232178,-0.30547860264778137,-2.087568759918213,0.21811899038461538,0.0024426979944109917,2877.479714275258,2409.775117984472,1.0
-698.993408203125,51.951351165771484,4.921326160430908,27.279523849487305,7.667415618896484,4.756966590881348,-3.280848503112793,3.1672866344451904,4.38810396194458,2.101611852645874,2.1946048736572266,4.598934650421143,-2.9080238342285156,0.2535193810096154,0.0012839437695220113,3104.2602754084246,2670.0034482559768,1.0
-752.1904907226562,63.71696090698242,15.596500396728516,26.823331832885742,10.322358131408691,7.304416179656982,-1.8946470022201538,-2.7684123516082764,4.125763893127441,5.6532135009765625,4.656954288482666,3.7537975311279297,-2.117432117462158,0.24091045673076922,0.0006741660181432962,2888.890743019695,2703.702604083435,1.0
-705.5028686523438,61.06413650512695,18.105371475219727,30.52605628967285,3.8804664611816406,4.062305927276611,1.0449185371398926,-3.14846134185791,2.5405874252319336,7.348129749298096,0.43590474128723145,4.435679912567139,-4.470118999481201,0.23712064302884617,0.001228380249813199,2914.9654597107105,2634.9078404427837,1.0
-743.072265625,64.12126159667969,22.79134178161621,31.256515502929688,9.5599946975708,6.420051574707031,1.8158622980117798,-5.639746189117432,2.5608415603637695,7.835701942443848,0.7437726259231567,3.9985713958740234,-4.340446949005127,0.2269268329326923,0.0009326224680989981,2902.133958270846,2695.760509315456,1.0
-625.172119140625,73.83635711669922,1.212108850479126,19.303865432739258,9.358939170837402,-1.4014784097671509,-2.753397226333618,-0.30788856744766235,-13.311572074890137,-5.761210918426514,5.0594916343688965,-5.42266321182251,-3.051628589630127,0.15167142427884617,0.003142084926366806,2619.31531089642,2524.3027986438874,1.0
-643.1536254882812,66.83440399169922,-0.8709856271743774,15.15166187286377,10.766764640808105,0.2073976993560791,-0.614106297492981,0.28417640924453735,-5.7875165939331055,0.16845031082630157,4.156038284301758,-1.494922399520874,-1.975305199623108,0.23465294471153847,0.003315101144835353,2801.9002835259635,2615.4743238161877,1.0
-661.884033203125,59.738040924072266,8.315943717956543,16.308223724365234,7.880411624908447,0.14728979766368866,-0.07378704100847244,-4.775538921356201,-4.072859764099121,-0.34623149037361145,2.0558698177337646,-1.77595055103302,-2.1309330463409424,0.2418757512019231,0.0026273420080542564,3010.8107772951444,2736.561961928447,1.0
-564.9937744140625,82.86328125,-2.198326349258423,12.752803802490234,1.7973365783691406,-4.986853122711182,-5.953900337219238,-8.561704635620117,-11.90451717376709,-2.495793104171753,2.0699830055236816,-5.320079803466797,-2.4275400638580322,0.17171349158653845,0.0058793253265321255,2382.8014286971434,2271.7023428872226,1.0
-576.1124267578125,51.462554931640625,-0.9884516596794128,9.214964866638184,-3.540693521499634,-3.9680819511413574,-8.080723762512207,-4.7880024909973145,-11.72812271118164,-10.005274772644043,0.8428133726119995,-7.085461616516113,-5.915416717529297,0.20712890625,0.004751103464514017,2965.9327732479414,2601.5111917780273,1.0
-492.10198974609375,70.0492935180664,-18.208951950073242,1.1330561637878418,0.17207124829292297,-6.192659854888916,-13.519638061523438,-5.2459845542907715,-16.513792037963867,-9.239799499511719,5.572690963745117,-8.77077579498291,-4.010188579559326,0.1589092548076923,0.011940853670239449,2611.2376991259616,2339.498069250632,1.0
-523.9973754882812,69.42579650878906,-5.0829548835754395,8.264193534851074,3.553060293197632,-3.888667583465576,-10.239968299865723,-9.148590087890625,-20.16543960571289,-6.65916633605957,2.792445421218872,-8.931011199951172,-6.683386325836182,0.1826434795673077,0.010382231324911118,2424.200475434651,2248.0123516942203,1.0
-543.1483154296875,49.46647262573242,-0.6018591523170471,6.015380859375,0.7590850591659546,-1.1474448442459106,-6.6760711669921875,-5.171509742736816,-11.374815940856934,-9.893341064453125,2.0093369483947754,-6.137516021728516,-5.879847526550293,0.21346153846153845,0.009235769510269165,2809.695431772277,2491.3278602102546,1.0
-764.6930541992188,79.50360870361328,17.11642074584961,22.153079986572266,12.204428672790527,3.6354715824127197,3.2114126682281494,-5.8729472160339355,1.4320483207702637,3.963250160217285,0.8636888861656189,5.5968852043151855,-0.931941568851471,0.2099384014423077,0.0007973194005899131,2628.1366443979528,2747.072796153357,2.0
-712.1622314453125,85.91427612304688,7.442063331604004,24.5982666015625,10.895110130310059,0.5827378630638123,-0.06016822159290314,-6.265841484069824,-1.6615753173828125,5.581747531890869,0.2306639403104782,1.355281949043274,-3.601552963256836,0.22921799879807692,0.0009032705565914512,2526.4188989991294,2588.409696716065,2.0
-771.6729736328125,67.64151763916016,15.076446533203125,18.44757652282715,12.086848258972168,5.443924427032471,1.9643491506576538,-5.096282482147217,-3.2204768657684326,6.267549514770508,2.9438319206237793,0.8780531883239746,-2.5508008003234863,0.2757173978365385,0.0008164010941982269,2954.528974842948,2817.0358298451933,2.0
-705.742919921875,86.49256896972656,17.5014705657959,23.143136978149414,9.91557502746582,0.6805483102798462,2.566554546356201,-7.818748950958252,-1.6901780366897583,6.759799480438232,2.7823448181152344,1.8601629734039307,-2.713979721069336,0.18180588942307693,0.0011011282913386822,2450.909156977079,2589.0534179790607,2.0
-711.8943481445312,80.14754486083984,12.782012939453125,21.96791648864746,8.67867660522461,0.5151709914207458,-2.5009043216705322,-3.128211736679077,-1.7542283535003662,-0.5444206595420837,0.3433113694190979,-0.49153584241867065,-3.8381130695343018,0.19183819110576922,0.0014129619812592864,2576.2252907593092,2634.777915110421,2.0
-743.397705078125,77.17216491699219,5.667327880859375,26.251201629638672,14.188213348388672,4.017344951629639,-5.5712690353393555,-2.4216949939727783,-1.405484676361084,0.5346163511276245,1.5844135284423828,-0.3057115375995636,-2.4923219680786133,0.22841045673076923,0.0010232884669676423,2627.2599572249037,2632.5585526968666,2.0
-706.6805419921875,61.402557373046875,7.113794326782227,21.142578125,5.825787544250488,0.3547650873661041,-2.496878147125244,-4.698114395141602,-1.1791059970855713,0.04285818338394165,1.7781028747558594,-1.1098674535751343,-3.364783525466919,0.21548978365384616,0.001485568704083562,2807.346348165764,2694.6788608304378,2.0
-740.9066162109375,69.94898986816406,4.6040143966674805,18.49982261657715,11.133169174194336,2.4181442260742188,-1.049790859222412,-2.5679678916931152,-4.4712677001953125,1.0829777717590332,4.031988143920898,0.42268019914627075,-2.980924129486084,0.2874586838942308,0.0012918596621602774,2756.5101161354314,2711.37474210567,2.0
-474.0833740234375,70.56258392333984,-18.01008415222168,8.247367858886719,6.076013565063477,-18.636247634887695,-7.359992980957031,-4.960640907287598,-10.2279634475708,-7.252560138702393,0.7270393371582031,-4.715940475463867,-3.705702781677246,0.2103816105769231,0.014073822647333145,2745.6543766831574,2401.443464428071,2.0
-494.15069580078125,64.58987426757812,-6.808636665344238,16.187910079956055,7.113189220428467,-13.668396949768066,-5.937955379486084,-0.6281477808952332,-5.107547760009766,-3.7724857330322266,1.5666353702545166,-1.7236706018447876,-1.890336036682129,0.17004957932692308,0.012122014537453651,2823.1392416358785,2513.778630397528,2.0
-571.1910400390625,83.61791229248047,8.14903736114502,14.817183494567871,9.97522258758545,-11.255934715270996,-1.908347487449646,-10.597854614257812,-7.489899158477783,0.6672179698944092,0.4124913513660431,-0.8942399024963379,2.850039005279541,0.20433067908653846,0.004565214738249779,2677.368667382902,2383.3581172957283,2.0
-549.3523559570312,69.47400665283203,-4.3855791091918945,16.8865909576416,5.1149468421936035,-9.25843334197998,-1.3870418071746826,-8.385140419006348,-5.26852560043335,-1.7672501802444458,-2.7878360748291016,1.781543254852295,-4.548226833343506,0.21292818509615385,0.006481815595179796,2815.054939280729,2337.9942324549497,2.0
-360.7462463378906,38.71672058105469,-20.16273307800293,1.8402312994003296,-1.606364369392395,-12.00491714477539,-13.483382225036621,-2.6943018436431885,-11.1698579788208,-5.698586463928223,0.32661154866218567,-4.362973213195801,-4.188517093658447,0.21411508413461539,0.044305671006441116,3049.7570301611995,2623.458187941163,2.0
-376.7521057128906,45.066558837890625,-11.983855247497559,5.82000207901001,-1.4551711082458496,-11.579400062561035,-11.555078506469727,-4.717348098754883,-8.754495620727539,-6.757195472717285,0.47206932306289673,-4.690215110778809,-3.7529749870300293,0.19956805889423077,0.042880091816186905,2989.63468899741,2589.4645400490485,2.0
-317.71722412109375,36.26213073730469,-12.6205472946167,-3.768312454223633,0.2318652868270874,-12.039566993713379,-17.051416397094727,-2.8064122200012207,-13.194040298461914,-8.822213172912598,4.933505535125732,-1.7092957496643066,-5.450193405151367,0.21905048076923078,0.06664182990789413,2995.7404603550044,2636.411096683715,2.0
-308.6265563964844,36.55842590332031,-18.69813346862793,-5.31373929977417,-2.6235432624816895,-12.087450981140137,-15.098978042602539,-0.5432058572769165,-16.07848358154297,-11.973584175109863,4.951914310455322,-3.4340713024139404,-4.700489521026611,0.2216083233173077,0.07413296401500702,3106.742334949434,2617.365153267769,2.0
-654.17529296875,56.32839584350586,3.0888967514038086,11.139071464538574,3.264130115509033,-5.7132415771484375,-5.017368793487549,-1.7389453649520874,-0.9245218634605408,-1.3396456241607666,-1.2444521188735962,0.3326636552810669,-4.148455619812012,0.25703876201923076,0.0033314882311969995,2832.681917968546,2801.550249326213,0.0
-637.8007202148438,56.14680099487305,3.6061134338378906,13.293715476989746,6.230119228363037,-5.008462905883789,-3.854127883911133,-4.204387187957764,-3.3244378566741943,-1.344475507736206,-1.3369731903076172,-0.01477320771664381,-4.727010726928711,0.26406625600961536,0.0031206633429974318,2948.7552154729765,2782.719132838547,0.0
-705.5313720703125,63.85791015625,7.905069828033447,17.42407989501953,7.9649505615234375,-0.49936336278915405,-0.8828473091125488,-2.600512742996216,-1.4673614501953125,2.8984932899475098,2.0825345516204834,1.689850091934204,-2.073854923248291,0.2276329627403846,0.0022498080506920815,2886.3517686774694,2792.100652637932,0.0
-612.764404296875,54.38651657104492,0.5150465965270996,10.234851837158203,2.8799355030059814,-6.754180431365967,-4.180161952972412,-4.331549644470215,-4.812383651733398,-2.988997220993042,-0.9168060421943665,-1.0113447904586792,-2.9566123485565186,0.25896935096153845,0.004860227927565575,2803.92769342486,2718.342111970858,0.0
-456.9753723144531,36.303829193115234,-16.670032501220703,-2.1402292251586914,-3.39768385887146,-8.125146865844727,-13.960164070129395,-9.278021812438965,-8.151765823364258,-8.11837100982666,-0.9733776450157166,-3.2485883235931396,-6.224223613739014,0.12838792067307692,0.021707534790039062,2455.751888014934,2538.4081857482856,0.0
-412.432861328125,47.67439651489258,-25.15082550048828,2.3015432357788086,-5.990767478942871,-9.86115837097168,-19.80988121032715,-15.275301933288574,-11.052480697631836,-10.841691017150879,0.3847943842411041,-6.787333965301514,-7.168645858764648,0.13644456129807692,0.02361915446817875,2779.237648629681,2437.7099750421953,0.0
-475.6816101074219,35.27803039550781,-10.338380813598633,4.600215435028076,-0.4985826909542084,-8.74714469909668,-10.420283317565918,-5.387274265289307,-13.661264419555664,-9.335205078125,-0.4259243905544281,-5.052234172821045,-7.338984489440918,0.12037635216346154,0.020609404891729355,2421.541140848757,2504.624554806381,0.0
-466.01190185546875,44.73423385620117,-15.459218978881836,2.051941394805908,-3.7238082885742188,-6.802912712097168,-14.525681495666504,-12.50687313079834,-10.151535034179688,-12.583986282348633,-0.7892420291900635,-6.7298431396484375,-8.628310203552246,0.15955153245192308,0.019634682685136795,2801.391909965899,2549.257195947921,0.0
-675.8948364257812,58.83244705200195,10.002297401428223,24.029916763305664,6.534457683563232,-0.5520106554031372,0.25146013498306274,-2.218658208847046,1.9222221374511719,2.4776363372802734,5.124732971191406,1.4275175333023071,-1.5817933082580566,0.20736553485576922,0.001330495928414166,3006.047759772792,2748.4283566143604,2.0
-613.861328125,49.9947395324707,4.464612007141113,17.770854949951172,1.4421900510787964,-5.8500447273254395,-1.9740046262741089,-0.17348071932792664,0.11492931842803955,1.7579294443130493,5.921900272369385,2.5785162448883057,-1.712725281715393,0.25869140625,0.0021247973199933767,3302.6171210008406,2793.176707895692,2.0
-654.7957763671875,64.38163757324219,13.749687194824219,15.300576210021973,4.713131904602051,-2.0709969997406006,3.3034982681274414,-7.771605491638184,-3.0698025226593018,1.0409082174301147,8.05359172821045,1.637371301651001,-1.5158517360687256,0.20556640625,0.0019390670349821448,3006.912827620309,2705.561823760825,2.0
-626.7684936523438,59.20065689086914,12.49327564239502,13.12365436553955,1.4652317762374878,-1.6258412599563599,1.0573303699493408,-7.632834434509277,-4.1718597412109375,-0.1837499439716339,3.728442430496216,-0.14489153027534485,-1.6717687845230103,0.24476036658653846,0.00305634131655097,3093.565094060309,2691.761500921003,2.0
-627.6943969726562,56.659217834472656,3.8265323638916016,22.662267684936523,-0.970048189163208,-5.570065021514893,-3.2530558109283447,-3.9610862731933594,1.19009530544281,-4.875330448150635,-1.2798067331314087,3.348421096801758,-5.776395797729492,0.23476186899038462,0.0021139178425073624,3041.394666676615,2673.095775478549,2.0
-536.39697265625,60.656734466552734,1.077065348625183,14.790083885192871,-4.293215274810791,-13.361576080322266,-6.855212211608887,-6.130222320556641,-5.41703462600708,-7.022952079772949,-4.678977012634277,0.9783435463905334,-6.390080451965332,0.21615084134615384,0.005585887469351292,3042.4793206678773,2498.2058086244747,2.0
-550.0573120117188,50.85867691040039,4.620927333831787,8.77598762512207,-2.5511183738708496,-4.559762477874756,-10.067469596862793,-14.017769813537598,-4.060613632202148,-8.09460735321045,-5.512729644775391,-0.8988528251647949,-2.2336654663085938,0.22066932091346153,0.00547432154417038,3116.975239019411,2572.4596028767937,2.0
-546.4965209960938,92.09481811523438,7.240261077880859,14.349946975708008,-11.494336128234863,-10.914234161376953,-5.421368598937988,-3.92592453956604,-0.6124316453933716,-6.301654815673828,-9.7543306350708,4.7062668800354,-2.5778958797454834,0.16508413461538463,0.003838005941361189,2431.093604728446,2244.6838329787697,2.0
-592.6024169921875,66.63069915771484,3.088979482650757,12.438291549682617,3.534451484680176,-6.135339736938477,-5.533074855804443,-4.183683395385742,-5.32330322265625,-4.398017883300781,-0.5694404244422913,-3.4718539714813232,-3.6386804580688477,0.20532602163461539,0.004734024405479431,2807.954549205446,2554.4513821379674,0.0
-577.0726318359375,70.285888671875,-5.2839508056640625,9.653033256530762,1.539505958557129,-13.757715225219727,-5.825860023498535,-5.423018455505371,-8.843392372131348,-6.425441741943359,-2.116027593612671,-4.863749980926514,-3.058699607849121,0.19837740384615385,0.005802400875836611,2790.98136436356,2498.3932949913924,0.0
-651.59814453125,57.08476638793945,-6.5634870529174805,8.47945785522461,4.082483768463135,-9.815605163574219,-0.729149341583252,-6.606142520904541,-8.618081092834473,-2.0085833072662354,-1.9658433198928833,-1.7591118812561035,-0.3465611934661865,0.3056114783653846,0.003763445420190692,3124.2910707474366,2735.331336723928,0.0
-574.8859252929688,71.42362976074219,4.451345443725586,13.437281608581543,4.059684753417969,-5.010483741760254,-5.952119827270508,-11.112189292907715,-9.158912658691406,-5.211633682250977,-2.8826425075531006,-6.388212203979492,-6.519262313842773,0.1971942608173077,0.006696515716612339,2474.2418030605286,2372.066362069227,0.0
-548.092529296875,36.795597076416016,6.443639278411865,13.125799179077148,-4.051942825317383,-6.462740421295166,-5.2348737716674805,-6.1430253982543945,-6.106440544128418,-6.859570026397705,0.8421215415000916,-5.7829132080078125,-7.658636569976807,0.21449444110576923,0.005738798528909683,3262.7526730214668,2858.4770484880814,0.0
-522.958984375,48.69940185546875,-1.1973544359207153,7.562021732330322,-6.3875885009765625,-6.585461616516113,-6.964899063110352,-3.771268844604492,-9.652270317077637,-7.72703218460083,1.132290244102478,-6.1930131912231445,-6.069561004638672,0.21352163461538462,0.00806161668151617,3028.825446176998,2694.350999970865,0.0
-536.0745239257812,53.286720275878906,-3.676630735397339,4.4381256103515625,-3.840027093887329,-7.935173034667969,-8.84654712677002,-9.933550834655762,-11.465435981750488,-7.199376106262207,2.274698495864868,-5.665225505828857,-5.533543109893799,0.211474609375,0.00887575838714838,2948.3615755194796,2528.125919462118,0.0
-563.3759765625,63.39132308959961,4.254283428192139,6.733010292053223,-0.8070216178894043,-7.260063171386719,-4.3478169441223145,-9.061763763427734,-11.1924409866333,-8.947182655334473,-0.7763892412185669,-7.06663703918457,-7.994004249572754,0.21410006009615384,0.008600360713899136,2665.071370149905,2502.9378523391592,0.0
-719.373046875,52.48017883300781,-21.257692337036133,8.825862884521484,0.19277657568454742,-11.618084907531738,-10.017576217651367,-11.32922077178955,-7.931020736694336,0.5322533249855042,-6.691185474395752,-3.3792293071746826,-7.740744113922119,0.35579927884615387,0.0017744514625519514,3318.052203344559,2486.7781143259595,1.0
-660.6255493164062,56.605499267578125,-24.21017074584961,14.86361312866211,-0.70257967710495,-15.406278610229492,-11.668660163879395,-11.882783889770508,-3.9527738094329834,2.6599349975585938,-5.7633748054504395,-0.517400324344635,-7.34259033203125,0.23051006610576924,0.002413183217868209,3019.231278226105,2353.925852011603,1.0
-685.7039794921875,51.867340087890625,-14.55589485168457,9.21553897857666,-0.18077556788921356,-10.42154598236084,-12.663347244262695,-11.337481498718262,-6.68162202835083,1.5277923345565796,-7.343993186950684,-1.2808058261871338,-4.286386489868164,0.28215895432692306,0.0024482947774231434,3350.676547322692,2528.2251903314636,1.0
-686.519287109375,55.8801155090332,-18.612871170043945,8.258610725402832,-1.033342957496643,-12.640762329101562,-13.83285903930664,-13.103994369506836,-7.0001420974731445,0.17570099234580994,-9.518067359924316,-2.479431390762329,-6.012385368347168,0.3030085637019231,0.0024806284345686436,3206.984459543428,2447.7376169425847,1.0
-706.02490234375,43.92451858520508,-1.209087610244751,8.132171630859375,-1.0565944910049438,-12.614160537719727,-16.132226943969727,-8.052062034606934,-5.27681303024292,-2.432293176651001,-6.704413890838623,-6.650940895080566,-8.50467586517334,0.24260066105769232,0.0011054199421778321,3209.2108882573057,2568.6236459435863,1.0
-704.4466552734375,49.43206787109375,-3.6864521503448486,8.150809288024902,0.26783469319343567,-12.428226470947266,-18.373531341552734,-13.047932624816895,-4.661410331726074,-1.4629122018814087,-7.049365043640137,-7.284778118133545,-6.950571060180664,0.3039024939903846,0.0011872389586642385,3123.88446055243,2597.848589662417,1.0
-662.737060546875,68.03545379638672,-4.338799476623535,3.0948309898376465,-1.4319002628326416,-11.276884078979492,-21.5871639251709,-13.852851867675781,-5.964295864105225,3.6664507389068604,-7.764819622039795,-6.9042181968688965,-6.122988224029541,0.204150390625,0.001803505583666265,2768.7252212991675,2400.8176158269866,1.0
-646.9295654296875,62.408790588378906,-5.801531791687012,2.9522082805633545,-2.3899831771850586,-15.81175422668457,-22.089277267456055,-9.640573501586914,-2.9213879108428955,0.9988933801651001,-10.727730751037598,-3.4202067852020264,-4.330663204193115,0.24498572716346154,0.002839552005752921,2795.1366390599856,2285.7130691640937,1.0
-682.654296875,43.85492706298828,-6.344130039215088,14.247274398803711,1.918424129486084,-12.778517723083496,-13.741739273071289,-8.400699615478516,-2.83890438079834,-4.8166069984436035,-5.244554042816162,-2.2736024856567383,-8.269782066345215,0.273095703125,0.001438130042515695,3258.886894277692,2640.8622093526246,1.0
-687.5740966796875,45.008087158203125,-4.249192714691162,11.815732955932617,-1.2948367595672607,-13.535111427307129,-13.683405876159668,-7.504483699798584,-3.355614185333252,-3.3429133892059326,-4.091829776763916,-5.897171497344971,-6.981444358825684,0.3210749699519231,0.0014138129772618413,3268.467322655001,2564.704302516353,1.0
-684.5777587890625,48.4400634765625,5.25828742980957,1.6300441026687622,-4.666689872741699,-12.474557876586914,-16.718313217163086,-14.358182907104492,-8.387834548950195,-3.513376235961914,-8.771014213562012,-7.794989585876465,-9.898176193237305,0.31324368990384616,0.0021629424300044775,3248.661915552045,2522.6081293974826,1.0
-715.453369140625,54.24581527709961,2.469733715057373,1.446130394935608,-5.444676876068115,-9.915139198303223,-11.500576972961426,-9.186407089233398,-10.593257904052734,-1.1053047180175781,-2.0666146278381348,-6.768166542053223,-10.29984188079834,0.20427058293269232,0.0014947392046451569,3107.2743404296707,2542.0003986461957,1.0
-592.759765625,64.62723541259766,-44.78873062133789,16.14891815185547,-1.2303500175476074,-27.291000366210938,-16.21101188659668,-14.748542785644531,-3.727173328399658,-0.7697972059249878,-14.092568397521973,-2.1507766246795654,-5.010805606842041,0.18123121995192307,0.004352683201432228,2624.5851055420335,2116.622178593184,1.0
-542.4751586914062,47.627586364746094,-58.186485290527344,8.466745376586914,-4.817032814025879,-29.31067657470703,-16.866453170776367,-19.043493270874023,-10.607491493225098,5.532496452331543,-19.885961532592773,-2.0955302715301514,-7.17564582824707,0.20902944711538463,0.006529682315886021,2996.0623678856678,2123.4141374720034,1.0
-622.2393188476562,47.6390380859375,-37.40965270996094,7.137650489807129,-6.093268394470215,-21.150178909301758,-15.55792236328125,-18.739452362060547,-7.436375141143799,1.518149733543396,-16.147371292114258,-2.6715540885925293,-5.640684127807617,0.3180626502403846,0.004274523351341486,3172.9787305217064,2358.5565080733477,1.0
-591.7316284179688,47.517215728759766,-34.59197998046875,8.345001220703125,0.029134897515177727,-22.08989143371582,-12.676136016845703,-18.00813102722168,-7.931110858917236,3.898475408554077,-12.667999267578125,-4.497614860534668,-2.848069429397583,0.2567533052884615,0.005130238831043243,3062.3221038846564,2309.8256865920275,1.0
-404.7434387207031,15.711517333984375,-58.45248031616211,-4.978472709655762,-7.043310642242432,-23.801197052001953,-26.31007194519043,-8.74555492401123,-16.827749252319336,11.668312072753906,0.8831577301025391,17.245521545410156,21.2430362701416,0.23875826322115384,0.032497961074113846,3051.8756365738127,2286.152342858849,1.0
-427.9669189453125,15.490046501159668,-57.03753662109375,-6.6857733726501465,-8.936606407165527,-21.133270263671875,-20.91375160217285,-12.837349891662598,-20.22618865966797,3.389357566833496,-12.594036102294922,4.841767311096191,17.61883544921875,0.26656775841346153,0.02886143885552883,3169.0435707060733,2344.392691332537,1.0
-418.7298889160156,11.496384620666504,-59.536041259765625,-7.035452842712402,-9.25699520111084,-28.2441349029541,-21.11621856689453,-17.37893295288086,-15.3587646484375,3.729872941970825,-12.9895658493042,8.104475021362305,17.712646484375,0.2602013221153846,0.030088020488619804,3242.5980908199617,2344.3342928284833,1.0
-405.9353942871094,23.596712112426758,-57.35302734375,-5.435888767242432,-5.855623722076416,-31.001157760620117,-22.59317970275879,-14.57861042022705,-13.230842590332031,3.999239921569824,-13.802446365356445,5.422388076782227,16.093111038208008,0.18025465745192307,0.03523533418774605,2934.867134171817,2254.340376234196,1.0
-720.803466796875,54.59585189819336,-3.4798405170440674,12.881980895996094,3.672478675842285,-6.268049716949463,-13.582493782043457,-9.724143028259277,-4.777096748352051,0.3849787712097168,-3.3721354007720947,-3.1119956970214844,-4.329401969909668,0.27735501802884616,0.0011932620545849204,3044.5854372674994,2563.1275263307334,2.0
-694.1630859375,57.742103576660156,-14.24635124206543,17.134153366088867,3.9723904132843018,-13.185145378112793,-15.875813484191895,-12.513018608093262,-3.092578649520874,-0.4400905966758728,-8.597882270812988,-5.5314555168151855,-2.7232611179351807,0.24437725360576923,0.0013032323913648725,2803.1973043773146,2353.256892666093,2.0
-691.3252563476562,54.1114501953125,-6.749908447265625,0.39879709482192993,-1.9104995727539062,-12.255332946777344,-14.317984580993652,-15.559038162231445,-7.953901767730713,-2.4203991889953613,-7.996796131134033,-3.6213738918304443,-6.227294445037842,0.35833834134615383,0.0022442112676799297,3165.5485420320533,2560.6533930917367,2.0
-723.9009399414062,55.31204605102539,-4.632523536682129,2.7374603748321533,1.6130224466323853,-10.270188331604004,-14.825806617736816,-12.715255737304688,-6.8455891609191895,-1.0197216272354126,-7.481672286987305,-3.0393753051757812,-5.296572208404541,0.243359375,0.0017883980181068182,3197.042148619893,2577.4103037704085,2.0
-467.37860107421875,14.149819374084473,-41.287986755371094,7.979202747344971,-5.406424045562744,-23.627689361572266,-3.8314127922058105,-14.072466850280762,-11.60188102722168,5.71882438659668,-13.84229850769043,0.8607147336006165,6.5123748779296875,0.23572716346153846,0.013187728822231293,3303.9903794750053,2443.9460322623636,2.0
-664.054443359375,34.14406967163086,-16.25034523010254,6.195368766784668,-7.629374980926514,-19.71489715576172,-11.172898292541504,-15.200006484985352,-8.848299026489258,4.792299747467041,-7.892271995544434,-0.34683293104171753,-0.23565322160720825,0.21453951322115383,0.0015495896805077791,3153.1775452919233,2454.428799516758,2.0
-444.8587646484375,19.39580726623535,-28.476173400878906,1.2169588804244995,-7.475722312927246,-21.25494384765625,-9.244940757751465,-16.523456573486328,-9.142044067382812,0.5904976725578308,-17.16354751586914,-7.484220504760742,4.5450663566589355,0.2834510216346154,0.012234189547598362,3858.0902109758335,2670.263117137527,2.0
-509.9681396484375,29.04823112487793,-39.25515365600586,2.0713815689086914,-9.475988388061523,-33.596553802490234,-19.286203384399414,-23.653827667236328,-16.46299171447754,10.131949424743652,-19.963768005371094,-3.1841936111450195,-1.9549739360809326,0.22103365384615384,0.006280262488871813,3342.683970672836,2362.873625371039,2.0
-575.133544921875,48.90873718261719,-24.5050106048584,9.032867431640625,-5.68174409866333,-14.871766090393066,-11.926170349121094,-12.895594596862793,-7.325685501098633,-0.5620387196540833,-9.167222023010254,-4.705111026763916,-3.852250814437866,0.21810021033653845,0.004676192067563534,3193.3756984319775,2246.8686743415337,2.0
-560.6394653320312,53.70164108276367,-17.968238830566406,16.472993850708008,-5.23654317855835,-15.027695655822754,-10.434203147888184,-12.960288047790527,-9.78873348236084,0.5951740145683289,-6.516709327697754,-3.5793251991271973,-6.686695575714111,0.2146259014423077,0.0054631950333714485,3058.4449629597457,2300.3587078452433,2.0
-528.6966552734375,37.46461868286133,-25.33144760131836,9.660011291503906,-12.502756118774414,-25.58158302307129,-10.778182983398438,-17.4193058013916,-10.56116008758545,-1.2694443464279175,-10.475421905517578,-4.909972667694092,-8.257851600646973,0.24046724759615384,0.008075417950749397,3383.0661706747005,2268.9973017174307,2.0
-499.65106201171875,40.0891227722168,-19.01198387145996,3.3631675243377686,-9.059616088867188,-19.586578369140625,-10.069089889526367,-12.483119010925293,-12.753703117370605,0.5836820006370544,-8.541253089904785,-4.8130106925964355,-6.255775451660156,0.23433368389423076,0.009865149855613708,3368.7860373874705,2331.093329614908,2.0
-302.4922790527344,24.994117736816406,-54.24712371826172,-10.178314208984375,-16.10103416442871,-24.496788024902344,-10.25882339477539,-14.87154483795166,-12.942991256713867,4.397628307342529,-0.06190729886293411,15.1203031539917,15.239031791687012,0.24409555288461537,0.0901130810379982,3150.5581222721808,2336.633229020941,2.0
-316.1521301269531,20.3354434967041,-46.81230926513672,-2.6846656799316406,-14.96900463104248,-21.845500946044922,-12.660805702209473,-12.765336036682129,-11.808023452758789,2.4260036945343018,-1.3346891403198242,13.592329978942871,14.774704933166504,0.2043982872596154,0.07943183928728104,3098.9584845216195,2283.8095293980014,2.0
-339.54962158203125,18.14788055419922,-35.29915237426758,-6.87367582321167,-11.361234664916992,-22.889318466186523,-9.34175968170166,-17.066301345825195,-11.792724609375,1.878948450088501,-12.647292137145996,0.44669729471206665,2.2196531295776367,0.2539024939903846,0.06038856878876686,3403.893074210739,2517.7239938617363,2.0
-354.99169921875,15.587516784667969,-41.91682052612305,-1.9902527332305908,-8.82467269897461,-22.27622413635254,-5.062116622924805,-16.516578674316406,-13.650981903076172,0.4756595194339752,-14.010310173034668,0.31140491366386414,10.434947967529297,0.22428635817307693,0.0603635199368,3209.118929814768,2293.7810410038005,2.0
-635.7808837890625,51.85032272338867,-15.224136352539062,3.4838011264801025,3.37168288230896,-11.68559741973877,-10.755728721618652,-11.984893798828125,-4.286498546600342,1.1850006580352783,-9.05800724029541,-4.868699550628662,-6.62429141998291,0.2551532451923077,0.002826794283464551,3148.420225989531,2583.2496631733034,0.0
-627.4822387695312,51.22916030883789,-25.467782974243164,10.267149925231934,2.976898193359375,-14.398666381835938,-11.401074409484863,-17.196807861328125,-4.8142805099487305,3.7963614463806152,-10.898477554321289,-7.6596856117248535,-1.6129652261734009,0.26959510216346155,0.0027053123340010643,3133.9591322059573,2460.57647224897,0.0
-619.1431274414062,50.04166793823242,-20.984689712524414,-1.853507399559021,-2.560035467147827,-20.500120162963867,-16.054630279541016,-20.43058967590332,-8.91777515411377,-0.2636162340641022,-13.951559066772461,-6.034573078155518,-9.281659126281738,0.24798677884615383,0.003950650338083506,3015.579692164019,2504.5016041419594,0.0
-620.43896484375,47.6343994140625,-12.32707691192627,5.280646324157715,4.368867874145508,-14.678486824035645,-14.095040321350098,-13.067635536193848,-5.224320888519287,0.503745436668396,-10.206099510192871,-6.365727424621582,-7.542407989501953,0.27376802884615387,0.0036531281657516956,3312.254866881785,2579.4762525645856,0.0
-351.00518798828125,10.209578514099121,-64.30582427978516,-15.779484748840332,-18.547382354736328,-22.09795570373535,-25.577783584594727,-9.904052734375,-6.93108606338501,19.197311401367188,12.006942749023438,16.95550537109375,14.811161041259766,0.1926532451923077,0.07095041871070862,3144.8003017449605,2311.101897231254,0.0
-345.7453918457031,4.08323860168457,-59.5403938293457,-15.62485122680664,-20.56400489807129,-26.691173553466797,-20.233774185180664,-2.658207654953003,-4.789012908935547,23.95423698425293,14.664237976074219,9.086812973022461,0.9219213724136353,0.20804912860576924,0.0648326575756073,3190.408249265185,2321.93073079766,0.0
-347.9856262207031,9.476948738098145,-54.979251861572266,-16.510011672973633,-17.770166397094727,-30.570598602294922,-26.75360870361328,-12.737587928771973,-13.583661079406738,15.736077308654785,1.4429713487625122,9.529850006103516,15.077144622802734,0.23673753004807693,0.04861605539917946,3437.4071376669795,2410.953915396657,0.0
-300.32305908203125,12.616682052612305,-57.013301849365234,-26.7199649810791,-17.718761444091797,-26.284446716308594,-19.85706901550293,0.5232102870941162,0.024361712858080864,27.463409423828125,9.11611557006836,-1.2964329719543457,3.8123619556427,0.2291541466346154,0.09363418817520142,3387.377178215708,2397.6564736353243,0.0
-649.39892578125,60.00432586669922,-7.686052322387695,4.235457420349121,-6.155967712402344,-11.299552917480469,-17.576515197753906,-13.594677925109863,-8.22396183013916,-3.547761917114258,-6.314112186431885,-4.850417613983154,-10.513431549072266,0.18148662860576922,0.00132711511105299,2958.5142186462626,2429.5260060902847,2.0
-697.8524169921875,31.74371337890625,-0.17423436045646667,15.295248031616211,-5.6013569831848145,-4.810195446014404,-10.221490859985352,-7.953773021697998,-5.441415786743164,-1.2173281908035278,-6.201004505157471,-1.2732830047607422,-4.779537677764893,0.2095440204326923,0.0010204986901953816,3810.563471599778,2657.148246255471,2.0
-726.125732421875,44.77021789550781,6.28251314163208,-3.648494243621826,-4.9293718338012695,-4.162349700927734,-20.487987518310547,-9.457269668579102,-5.324551105499268,-1.983489990234375,-7.685512065887451,-1.7963156700134277,-7.041914463043213,0.22699444110576922,0.0015330016613006592,3506.0901398476194,2446.998666729779,2.0
-703.9030151367188,42.9454231262207,5.426458358764648,-2.6594836711883545,-2.3152801990509033,-8.607192993164062,-19.97599220275879,-10.84800910949707,-4.355754852294922,-5.590156555175781,-11.848196029663086,-0.4645038843154907,-7.245730876922607,0.15812800480769232,0.0015590335242450237,2920.521041476313,1988.5290720490407,2.0
-540.7308959960938,26.629472732543945,-15.466651916503906,8.248802185058594,-15.250883102416992,-19.95421028137207,-11.050796508789062,-5.332276344299316,-12.166447639465332,-5.482309341430664,-6.190988540649414,-9.540841102600098,-9.324872016906738,0.21074969951923078,0.006771028973162174,3103.4958483303153,2345.3707916909916,2.0
-604.7066040039062,51.075931549072266,-30.93798065185547,0.20482107996940613,-15.436436653137207,-20.73004722595215,-16.176088333129883,-12.283658027648926,-8.834673881530762,-2.4211318492889404,-9.74034595489502,-1.5203454494476318,-11.688423156738281,0.15416165865384615,0.004357004072517157,2653.4399714336287,1940.6162366150334,2.0
-570.4745483398438,52.79150390625,-15.41808032989502,-0.8664122223854065,-6.706366539001465,-16.76287269592285,-17.4420223236084,-6.529783248901367,-8.873831748962402,-4.487510681152344,-11.774659156799316,-0.022966649383306503,-9.039755821228027,0.25527719350961536,0.00666551198810339,3281.068614916939,2418.642915795959,2.0
-601.9937744140625,55.460933685302734,-3.101085901260376,0.9822840690612793,-5.19056510925293,-11.118646621704102,-12.33757495880127,-2.573868989944458,-3.2854654788970947,2.5920419692993164,-1.3039228916168213,4.599876880645752,-1.2481333017349243,0.19202974759615385,0.004801583476364613,2772.092888266269,2343.0744557735825,2.0
-720.3071899414062,57.05811309814453,-11.784354209899902,3.2530715465545654,-1.3881295919418335,-8.640856742858887,-10.100871086120605,-9.904438018798828,-4.080142021179199,-0.12220344692468643,-6.918257713317871,-3.0289902687072754,-6.429076194763184,0.2303973858173077,0.0019420572789385915,3243.7842537436964,2550.443047863439,0.0
-695.7271118164062,50.50889587402344,-15.617088317871094,0.47580766677856445,-3.7974960803985596,-12.761027336120605,-10.86784839630127,-15.269970893859863,-5.8637847900390625,-1.953697919845581,-10.761300086975098,-3.143827438354492,-7.384684085845947,0.24133864182692308,0.0024753152392804623,2989.5763340311637,2245.161428347218,0.0
-676.7139892578125,47.68760681152344,-10.905399322509766,-3.0876784324645996,-3.897695302963257,-13.445262908935547,-13.271361351013184,-13.51686954498291,-4.260368824005127,-0.8385947942733765,-9.958478927612305,-3.021613359451294,-7.86168098449707,0.3287823016826923,0.0027498321142047644,3401.9304970051503,2630.180763824421,0.0
-672.3514404296875,57.296897888183594,-5.808101177215576,4.996537685394287,1.7858227491378784,-14.164898872375488,-14.951295852661133,-12.462509155273438,-0.579136312007904,1.5749542713165283,-8.216874122619629,-3.3050613403320312,-2.5651211738586426,0.22438025841346154,0.0025635140482336283,3184.1006401483132,2616.6450269390407,0.0
-669.4671020507812,60.96826171875,-16.637136459350586,9.771072387695312,-1.0131391286849976,-17.279308319091797,-13.708857536315918,-12.77849292755127,0.7549123764038086,-1.7289061546325684,-9.825238227844238,-4.846272945404053,-6.7881951332092285,0.30611853966346153,0.002297501778230071,3133.3270217728937,2543.155678404675,0.0
-555.4636840820312,37.92760467529297,-33.269874572753906,-6.342993259429932,-11.841253280639648,-18.425411224365234,-12.438831329345703,-16.754940032958984,-9.082534790039062,0.054414015263319016,-9.458776473999023,-4.214688301086426,-4.143542766571045,0.27383563701923075,0.008128426969051361,3304.575481106848,2554.1630451814613,0.0
-571.6383056640625,35.57387161254883,-26.122350692749023,-1.5926005840301514,-4.622641563415527,-18.98256492614746,-14.920947074890137,-18.74044418334961,-5.7649030685424805,0.024395518004894257,-12.80423355102539,-2.4959664344787598,-4.277844429016113,0.2900428185096154,0.008129328489303589,3403.149121952212,2582.348609022995,0.0
-567.9208984375,36.27180480957031,-23.81230354309082,-9.443737983703613,-4.724404335021973,-18.459070205688477,-12.418730735778809,-19.47895050048828,-7.2298736572265625,2.004575729370117,-11.74948501586914,-8.210103034973145,-3.8990893363952637,0.3011906550480769,0.008326602168381214,3457.979668658518,2590.0747476017605,0.0
-608.5787353515625,70.804931640625,0.8864614367485046,19.925085067749023,9.102930068969727,-7.5174407958984375,-10.270840644836426,-11.444206237792969,1.8168609142303467,-6.067628860473633,-4.310222625732422,-1.8009889125823975,2.546414852142334,0.2829026442307692,0.003439868101850152,3026.163745034348,2415.413652604496,1.0
-609.8881225585938,73.57486724853516,2.4554359912872314,20.156944274902344,9.887178421020508,-6.063701152801514,-9.471537590026855,-11.367259979248047,3.920861005783081,-4.452176570892334,-3.4005653858184814,0.832430899143219,4.860718727111816,0.2177020733173077,0.0035633521620184183,2860.844009012891,2479.7884702869046,1.0
-594.8617553710938,66.42990112304688,0.857661783695221,13.085877418518066,10.500836372375488,-7.246555328369141,-14.024840354919434,-15.62346363067627,-1.30147123336792,-7.229250907897949,-7.143630504608154,-4.121633529663086,1.2136540412902832,0.29176307091346154,0.004276210907846689,2984.7959131261655,2440.8397930151873,1.0
-610.6069946289062,74.47787475585938,8.922196388244629,17.704694747924805,8.856006622314453,-3.5973262786865234,-10.257122993469238,-9.716285705566406,5.7047882080078125,-7.0775861740112305,-1.7287631034851074,1.5332156419754028,2.974716901779175,0.2567908653846154,0.0030981681775301695,2942.633853358797,2455.523370775479,1.0
-673.2942504882812,78.5088119506836,4.996554374694824,13.705636024475098,15.286927223205566,-4.499124050140381,-6.368639945983887,-8.257048606872559,3.790623903274536,-2.2823076248168945,-3.2221055030822754,2.599575996398926,3.26019287109375,0.17940955528846153,0.0020585493184626102,2524.8958652054257,2357.082981618553,1.0
-678.0401611328125,81.45205688476562,0.7868022918701172,11.865113258361816,11.400925636291504,-5.267504692077637,-6.616309642791748,-9.77978801727295,3.302750587463379,-2.6356825828552246,-3.3069119453430176,0.5279435515403748,3.547919750213623,0.22261493389423076,0.0019361216109246016,3000.0992735412683,2489.0953484547576,1.0
-667.9193725585938,82.85076141357422,11.857869148254395,18.7991886138916,17.82010841369629,6.735713481903076,-2.6353070735931396,-6.7774505615234375,3.883878231048584,1.449822187423706,0.14838361740112305,2.306225538253784,6.995791912078857,0.19808067908653845,0.002153021516278386,2599.4315841258594,2556.19776823263,1.0
-660.4365234375,79.86012268066406,-1.0458117723464966,13.936676979064941,13.065469741821289,-0.36166852712631226,-5.9797749519348145,-13.145124435424805,0.16906890273094177,-1.9017049074172974,-5.924705505371094,0.016602443531155586,4.5182294845581055,0.2622295673076923,0.002289209049195051,2903.7597344327387,2496.2357215782617,1.0
-628.611328125,61.33608627319336,8.300762176513672,26.995162963867188,13.40683364868164,-8.682740211486816,-12.966485977172852,-6.763789176940918,7.333185195922852,-8.92750358581543,-0.302449107170105,0.4787237346172333,0.251015305519104,0.26336012620192306,0.0020516852382570505,3150.2782317137926,2643.61162985384,1.0
-609.6608276367188,67.44503784179688,-0.5668662786483765,23.09580421447754,6.555674076080322,-4.438496112823486,-9.723030090332031,-19.106019973754883,-1.5186429023742676,-4.8038105964660645,-4.8850250244140625,-1.429348111152649,1.4688669443130493,0.21686072716346153,0.002401889767497778,2967.066564995192,2253.482290420638,1.0
-612.2378540039062,62.150909423828125,6.767622947692871,23.348915100097656,9.17385196685791,-4.387592792510986,-8.304277420043945,-9.186163902282715,-1.2569096088409424,-7.468040943145752,-3.2302005290985107,-2.370866060256958,1.7417428493499756,0.25169396033653846,0.0030654550064355135,3013.6930549095864,2481.486707194513,1.0
-643.5990600585938,80.2471694946289,1.149056315422058,20.76396369934082,10.85588264465332,-7.412026882171631,-11.047795295715332,-15.092089653015137,4.310658931732178,-3.827362060546875,0.6829313039779663,-0.9961681365966797,6.4828033447265625,0.2233360877403846,0.002143926452845335,2682.3384242386915,2502.3121573605636,1.0
-627.2225341796875,72.62776184082031,-8.325432777404785,23.359006881713867,13.303238868713379,1.0520273447036743,-4.413519859313965,-8.939228057861328,2.0365524291992188,4.259864807128906,-1.1563355922698975,3.82916259765625,6.45230770111084,0.18399939903846155,0.0023303728085011244,2799.219961085487,2469.342257961286,1.0
-618.7171020507812,76.02615356445312,-8.140430450439453,16.60889434814453,8.31347370147705,-7.695653438568115,-8.096428871154785,-9.870774269104004,1.2941323518753052,-1.8316514492034912,-6.122339725494385,1.3288207054138184,1.7343937158584595,0.285986328125,0.004022421780973673,2667.320137301951,2465.194127388242,1.0
-591.3158569335938,72.6112289428711,-13.389126777648926,14.812655448913574,7.487296104431152,-4.081218719482422,-12.88894271850586,-12.810853004455566,-0.17515046894550323,1.1121516227722168,-7.671377182006836,1.600788950920105,5.431791305541992,0.1954627403846154,0.004635385237634182,2751.4949183743265,2386.011854818366,1.0
-591.3158569335938,72.6112289428711,-13.389126777648926,14.812655448913574,7.487296104431152,-4.081218719482422,-12.88894271850586,-12.810853004455566,-0.17515046894550323,1.1121516227722168,-7.671377182006836,1.600788950920105,5.431791305541992,0.1954627403846154,0.004635385237634182,2751.4949183743265,2386.011854818366,1.0
-438.24658203125,56.998023986816406,-15.495609283447266,11.306198120117188,5.936776638031006,-21.963701248168945,-16.155344009399414,-8.263381004333496,-11.480575561523438,-2.0851261615753174,-4.19852352142334,-0.6172987818717957,3.7724123001098633,0.15411283052884617,0.020250890403985977,2583.479720480307,2411.9958741346054,1.0
-386.0802917480469,46.09508514404297,-20.862913131713867,16.117145538330078,-0.6900668740272522,-21.538089752197266,-18.742412567138672,-9.348685264587402,-11.957752227783203,-3.8092458248138428,-8.672808647155762,-3.209848642349243,-1.1386146545410156,0.184130859375,0.023497622460126877,3050.7825746314993,2387.932578775559,1.0
-460.6686706542969,58.64913558959961,-24.379112243652344,9.08326244354248,5.3600335121154785,-27.403507232666016,-14.501617431640625,-14.124887466430664,-13.56772232055664,-0.9242675304412842,-12.260162353515625,-3.0398895740509033,-1.7829749584197998,0.22544696514423077,0.01736690290272236,2755.449060793861,2312.1573362139343,1.0
-403.3301086425781,52.95638656616211,-18.224252700805664,3.1436285972595215,6.0958147048950195,-16.82345962524414,-23.559104919433594,-7.240839958190918,-13.033236503601074,-2.350409984588623,-7.012383937835693,-6.311327934265137,1.6175580024719238,0.15356820913461539,0.02813178300857544,2581.6053047452892,2279.5657236886927,1.0
-701.4293212890625,72.59053802490234,0.16141146421432495,12.093610763549805,8.744382858276367,-3.5157907009124756,-5.953923225402832,-12.873051643371582,-6.320087432861328,-1.910253643989563,-5.432007312774658,-6.471144676208496,-0.24961160123348236,0.253076171875,0.0018206164240837097,2912.4637046016455,2566.707380504311,2.0
-669.60205078125,83.8869857788086,4.991232395172119,19.57952117919922,16.192384719848633,-3.269808053970337,-0.546276867389679,-11.972562789916992,-3.6895432472229004,1.544657588005066,-3.7768478393554688,0.0668904259800911,5.603123188018799,0.22349384014423077,0.0020064786076545715,2527.019889236832,2540.5343017059377,2.0
-685.4140625,75.99748992919922,8.128996849060059,10.57548999786377,7.834367275238037,-2.376275062561035,-4.9358673095703125,-14.220428466796875,-6.077075004577637,-1.5685508251190186,-6.617730140686035,-5.061796188354492,1.8048657178878784,0.2434758112980769,0.0020252238027751446,2899.737723778108,2495.1157454738523,2.0
-575.296142578125,77.6097412109375,-8.458845138549805,16.563007354736328,7.439272403717041,-14.897285461425781,-8.0775728225708,-17.01896858215332,-10.645455360412598,-1.9908372163772583,-8.822094917297363,1.0934016704559326,1.790061593055725,0.2452373798076923,0.005120676942169666,2724.024755554867,2340.8587884500416,2.0
-540.1506958007812,81.54081726074219,-18.53998374938965,16.56521987915039,15.520709037780762,-17.91686248779297,-23.038806915283203,-10.298737525939941,-21.820627212524414,-10.391180038452148,-14.028671264648438,-7.85757303237915,-2.139693021774292,0.16248121995192308,0.004672151990234852,2496.269339840547,2213.593284676924,2.0
-569.5052490234375,61.274688720703125,-4.761770248413086,12.661811828613281,8.41463565826416,-18.060794830322266,-13.908370971679688,-7.043859004974365,-14.147100448608398,-3.771024465560913,-7.980525970458984,-8.22415828704834,-1.3628864288330078,0.30152118389423077,0.0050041768699884415,3053.159271751348,2437.877790217113,2.0
-588.9552612304688,63.68973159790039,7.141261577606201,10.083250999450684,9.609928131103516,-5.82329797744751,-16.507274627685547,-8.128972053527832,-13.33124828338623,-7.207120418548584,-8.874577522277832,-8.292552947998047,0.4763730466365814,0.2017277644230769,0.00511652696877718,2779.3839343873883,2566.472453759898,2.0
-553.6083984375,64.72564697265625,-2.7709453105926514,10.6699857711792,12.292481422424316,-13.661588668823242,-18.81637954711914,-8.924985885620117,-20.061511993408203,-5.572978973388672,-8.628951072692871,-9.224284172058105,-1.53205144405365,0.24236778846153847,0.006777425296604633,3064.1666986335426,2404.7187474459597,2.0
-454.35003662109375,53.005977630615234,-17.653770446777344,15.692863464355469,2.3969566822052,-16.249704360961914,-3.164529800415039,-15.57764720916748,-9.726366996765137,1.5033460855484009,-5.021511554718018,-6.059233665466309,7.4027533531188965,0.17662259615384615,0.017115235328674316,3105.0702903390484,2463.24091649214,2.0
-375.8294372558594,42.451717376708984,-17.815162658691406,12.06192684173584,2.716411828994751,-21.87493133544922,-4.863187313079834,-8.748512268066406,-7.397572040557861,-0.11850644648075104,-5.82937479019165,-4.884919166564941,2.5664730072021484,0.24009540264423077,0.03805543854832649,3058.7995908946104,2679.718277418248,2.0
-545.369873046875,59.938507080078125,0.585199236869812,18.778270721435547,4.955932140350342,-9.94282341003418,-4.219128131866455,-12.034501075744629,-7.721839427947998,-0.8301078081130981,-7.024408340454102,-2.7407097816467285,6.061168670654297,0.1469501201923077,0.005812682677060366,2772.6819787506793,2054.7663543161957,2.0
-462.2443542480469,53.99591827392578,-4.608128070831299,17.54853057861328,-1.563283920288086,-15.60923957824707,-6.371949672698975,-13.586244583129883,-6.58508825302124,-3.557344913482666,-7.890895366668701,-0.5103793144226074,-0.36624985933303833,0.17858323317307692,0.014117032289505005,2933.755595546677,2228.383747015509,2.0
-393.8947448730469,50.03525161743164,-7.563772201538086,15.052961349487305,9.48408031463623,-13.948683738708496,-7.7978196144104,-3.1687095165252686,-8.32136058807373,3.366124153137207,-2.312619924545288,0.399647057056427,5.202366352081299,0.10443960336538462,0.027766110375523567,2333.3602230767506,2441.3013302578706,2.0
-311.68853759765625,38.10427474975586,-18.36231231689453,14.619924545288086,5.747483730316162,-21.93108367919922,-7.8444905281066895,-0.8479442000389099,-9.87903881072998,1.8771584033966064,-5.10900354385376,-2.744307279586792,2.171692371368408,0.13392052283653846,0.059706926345825195,2792.502768360109,2583.407535639128,2.0
-299.8366394042969,26.362974166870117,-27.998050689697266,2.483929395675659,-1.1159634590148926,-22.57474136352539,-7.933283805847168,-13.374237060546875,-17.55001449584961,2.184722900390625,-7.815433502197266,-5.8488006591796875,-0.7229095697402954,0.1779259314903846,0.08664356917142868,2980.8042813084553,2498.565913379402,2.0
-323.2443542480469,24.76597785949707,-26.250795364379883,9.130617141723633,5.685843467712402,-16.642366409301758,-7.326523780822754,-10.006484985351562,-16.510269165039062,2.2031404972076416,-6.483088493347168,-9.300630569458008,-1.248356580734253,0.1702373798076923,0.07011362165212631,2793.224257576167,2392.3799197838016,2.0
-624.521728515625,60.06682205200195,-3.960710287094116,13.201103210449219,7.655158996582031,-7.196457386016846,-9.31910228729248,-15.519559860229492,-9.147200584411621,0.3308204710483551,-4.2962822914123535,-4.496915340423584,4.008934020996094,0.09581956129807692,0.004097261931747198,2370.789097656505,2628.047080541095,0.0
-608.6973266601562,56.145469665527344,-10.694480895996094,8.000789642333984,5.229638576507568,-12.685943603515625,-15.46512222290039,-14.792802810668945,-12.555846214294434,-1.716646432876587,-7.357875347137451,-7.416745185852051,-0.2462029606103897,0.22501502403846155,0.005064410623162985,2854.217011815802,2594.1086165322454,0.0
-626.9219970703125,55.29072570800781,-0.14195239543914795,11.749216079711914,7.043854713439941,-8.39968490600586,-13.633450508117676,-10.421696662902832,-9.169183731079102,-5.199050426483154,-3.3087706565856934,-2.587289333343506,0.3249845504760742,0.17033128004807693,0.004700092598795891,2799.151795969813,2509.6608143990225,0.0
-626.07666015625,45.212005615234375,0.8594717383384705,6.316661834716797,2.4929590225219727,-9.861551284790039,-13.570178985595703,-15.264960289001465,-9.049263954162598,-7.6905364990234375,-9.34380054473877,-3.6037213802337646,-4.007327556610107,0.32044396033653844,0.00421902583912015,3207.814795174472,2598.8185084472507,0.0
-437.47247314453125,37.00666809082031,-21.06315803527832,0.6433281302452087,-1.5812753438949585,-21.395950317382812,-15.771895408630371,-16.0019588470459,-14.236383438110352,-10.50914478302002,-10.160857200622559,-4.582938194274902,-3.1256651878356934,0.17584134615384617,0.022275321185588837,2891.288158176669,2435.9107274586718,0.0
-494.9128112792969,36.29920959472656,-13.551443099975586,2.825252056121826,-3.6158947944641113,-21.55657386779785,-11.967168807983398,-6.346873760223389,-12.112170219421387,-9.123985290527344,-5.108392238616943,-9.702316284179688,-4.709134578704834,0.15003004807692308,0.015013366006314754,2871.3881449065057,2611.1806063990484,0.0
-409.156982421875,25.171052932739258,-18.586341857910156,0.050262510776519775,-0.6997194290161133,-22.329730987548828,-17.176637649536133,-17.080976486206055,-13.098506927490234,-8.350275993347168,-10.628271102905273,-4.388647079467773,-6.35106086730957,0.19605994591346154,0.03185927867889404,3326.9480164083625,2643.282866491353,0.0
-425.6871643066406,27.215511322021484,-18.252107620239258,-3.2300074100494385,-5.84890604019165,-20.863178253173828,-13.665445327758789,-17.63960075378418,-11.722907066345215,-6.337064266204834,-8.697348594665527,-2.226825475692749,-4.691281318664551,0.26822415865384613,0.033688984811306,3115.680792042794,2614.8934368595437,0.0
-654.204833984375,55.59323501586914,6.601342678070068,13.889913558959961,3.623567581176758,-10.861729621887207,-8.328094482421875,-4.697115421295166,-2.004384756088257,-4.690230369567871,-1.9702622890472412,-2.43129825592041,-2.6213762760162354,0.17071063701923078,0.0024563793558627367,2338.7658901365025,2049.5874133689304,2.0
-631.71826171875,63.5426025390625,2.3064115047454834,15.553442001342773,4.528076648712158,-11.5878267288208,-8.784408569335938,-4.707170486450195,-1.5300774574279785,-5.271150588989258,-2.2302751541137695,-3.199594736099243,-0.009206155315041542,0.31659029447115383,0.0028954772278666496,3143.3485837096905,2612.2347917233683,2.0
-696.7329711914062,68.49849700927734,14.986916542053223,13.724306106567383,11.121862411499023,0.2023388147354126,-7.324015140533447,-3.815314769744873,2.5166561603546143,-0.5649203062057495,-0.3049963712692261,0.6066745519638062,2.57338809967041,0.24049353966346154,0.0019217603839933872,3210.813646332197,2683.508859774541,2.0
-638.3887939453125,55.517974853515625,9.287909507751465,14.47331714630127,5.986232757568359,-13.356117248535156,-6.888870716094971,-3.947463274002075,-4.733274459838867,-8.217696189880371,-1.9782778024673462,-4.816534042358398,-2.4574410915374756,0.13832256610576923,0.003326602280139923,2611.2833334317,2130.4042996616736,2.0
-482.6015625,49.55198669433594,0.12594722211360931,21.074777603149414,-2.2879741191864014,-23.37333106994629,-2.9012722969055176,-0.21439161896705627,-13.307171821594238,-7.1194281578063965,-2.4649643898010254,-6.087733268737793,-3.970038890838623,0.1944298377403846,0.011302153579890728,3168.3396374598433,2596.115587957454,2.0
-536.0271606445312,49.283668518066406,4.877506256103516,24.39452362060547,4.270788669586182,-12.722349166870117,-5.321614742279053,4.651853561401367,-6.462344169616699,-3.9988045692443848,3.2593791484832764,-3.529432773590088,-0.846043050289154,0.2271221454326923,0.006684874650090933,3201.5189105647733,2643.3834675317817,2.0
-531.4551391601562,57.23442840576172,10.111477851867676,23.33483123779297,5.165946006774902,-14.007295608520508,-8.5186767578125,-0.6631983518600464,-7.773120880126953,-9.532318115234375,-0.17288725078105927,-4.0156168937683105,-3.7759618759155273,0.19390775240384617,0.006991518661379814,2883.580380016388,2553.7375352897434,2.0
-551.2098388671875,42.298370361328125,14.489645004272461,15.00576400756836,1.0760219097137451,-13.880295753479004,-4.432749271392822,0.49188295006752014,-10.079376220703125,-8.620490074157715,-2.3739402294158936,-5.576915740966797,-2.739300012588501,0.21078350360576922,0.00785346794873476,3162.122517707702,2566.662024539772,2.0
-612.8394165039062,65.57717895507812,2.981689214706421,12.660401344299316,6.510160446166992,-10.877022743225098,-6.646392345428467,-11.3170747756958,-1.463157057762146,-3.2725040912628174,-7.38100528717041,-1.7765629291534424,-3.0045087337493896,0.1483661358173077,0.004605154972523451,2675.18154152945,2339.29918470434,0.0
-584.8114013671875,61.38216018676758,6.637383460998535,13.607555389404297,4.433967590332031,-12.7846040725708,-7.585915565490723,-6.486405372619629,-1.611018180847168,-4.9681501388549805,-5.017085075378418,-1.8358635902404785,-2.8972702026367188,0.22205528846153846,0.005564345046877861,3144.8121355834746,2628.17310971824,0.0
-610.7338256835938,67.6988296508789,10.727502822875977,13.2987060546875,6.6932053565979,-9.782267570495605,-5.69532585144043,-8.083490371704102,0.014459933154284954,-3.806781768798828,-5.163576126098633,1.4252525568008423,0.18212293088436127,0.23060772235576923,0.004769079852849245,2885.882665661634,2626.245503467759,0.0
-600.6109619140625,66.2120132446289,7.348608493804932,15.264703750610352,8.549337387084961,-11.68437671661377,-4.091382026672363,-10.574193000793457,-1.5587059259414673,-4.270484447479248,-6.695645809173584,0.5383484363555908,-0.3659029006958008,0.2498497596153846,0.0052643888629972935,3055.654009198676,2729.4419343179075,0.0
-441.7236633300781,55.08930969238281,-3.453261375427246,8.8947172164917,-3.0771937370300293,-14.133414268493652,-14.142127990722656,-10.709686279296875,-9.331724166870117,-4.356851577758789,-6.806844711303711,-4.154454708099365,-3.8812174797058105,0.16318359375,0.016087092459201813,2900.469443752465,2485.738703787254,0.0
-551.0987548828125,52.643951416015625,5.911665916442871,13.077863693237305,5.456474304199219,-13.609650611877441,-9.025849342346191,-8.526637077331543,-5.538256645202637,-5.632601261138916,-6.854447841644287,-3.167869806289673,-4.014775276184082,0.3082068810096154,0.006857214495539665,3103.7171366282255,2763.111189365379,0.0
-498.16558837890625,47.848915100097656,-0.9187719225883484,8.117775917053223,0.64397794008255,-13.071076393127441,-13.817069053649902,-13.542823791503906,-7.086847305297852,-5.860776901245117,-9.35842514038086,-2.051504373550415,-4.427034854888916,0.23934044471153845,0.013527661561965942,3050.0262173946962,2684.4407176361005,0.0
-549.4310913085938,54.5140380859375,7.7868332862854,12.64291763305664,3.4566287994384766,-11.397130012512207,-8.605896949768066,-8.42815113067627,-4.57524299621582,-4.656116008758545,-8.883942604064941,-1.1958874464035034,-3.187678813934326,0.1569561298076923,0.009265351109206676,2890.2320516796444,2420.5603885101627,0.0
-662.5189208984375,68.28450012207031,5.9369730949401855,21.754056930541992,5.5702223777771,0.16646727919578552,5.017115116119385,-12.0133638381958,1.826251745223999,-3.3946290016174316,1.3811091184616089,-5.812932968139648,-0.2662266790866852,0.16268404447115384,0.0029120654799044132,2514.2619047760572,2699.2369686154802,1.0
-648.400146484375,73.91026306152344,3.3258779048919678,22.12689781188965,5.046593189239502,-1.773787498474121,5.0030388832092285,-10.960352897644043,0.06644357740879059,-3.7770965099334717,-0.09338026493787766,-4.250385284423828,-1.4608830213546753,0.1401592548076923,0.0031074138823896646,2406.8082571968266,2526.477423369067,1.0
-654.9683227539062,67.99627685546875,8.557308197021484,19.82331657409668,5.157217025756836,0.5189828872680664,2.215914487838745,-11.650257110595703,-1.907220482826233,-4.377900123596191,-0.8924738764762878,-5.255652904510498,-0.46338653564453125,0.17382436899038461,0.0034573436714708805,2626.088180778075,2623.8114707919813,1.0
-648.4957885742188,70.7768783569336,6.399997711181641,20.31330680847168,3.8440794944763184,2.0762698650360107,2.3310182094573975,-10.050626754760742,-2.5949339866638184,-1.5462520122528076,1.309397578239441,-3.5771846771240234,1.159411907196045,0.16080603966346155,0.003258380340412259,2406.608593150844,2535.8463201503528,1.0
-675.2631225585938,77.53498840332031,9.839068412780762,21.632770538330078,7.138968467712402,0.5903381109237671,4.47857666015625,-10.130241394042969,-1.9699956178665161,-3.711944580078125,0.4265688359737396,-7.31662130355835,-0.3653334379196167,0.15233999399038461,0.0020536307711154222,2497.4552317131397,2622.915467699533,1.0
-700.3954467773438,70.27115631103516,11.762343406677246,22.01141357421875,5.880277156829834,5.28448486328125,2.2980308532714844,-6.863919734954834,-1.7255021333694458,-1.5768483877182007,-0.2838993966579437,-8.227445602416992,0.0642985999584198,0.2066143329326923,0.0018049911595880985,2590.0064402796183,2664.9834157750806,1.0
-683.0423583984375,69.25807189941406,20.373577117919922,21.442455291748047,8.199810981750488,6.310269355773926,4.785180568695068,-9.1421537399292,-0.5494492650032043,-1.109011173248291,-0.303413987159729,-5.824583530426025,1.9458385705947876,0.15870643028846154,0.002301071537658572,2485.7226476571977,2756.465559074162,1.0
-697.17333984375,71.76959228515625,11.435569763183594,23.14265251159668,9.784439086914062,3.503340005874634,4.767208099365234,-9.546936988830566,-1.0045788288116455,-2.4929957389831543,0.4709964394569397,-7.276480674743652,1.0379023551940918,0.15523587740384615,0.0020159855484962463,2484.596077362454,2695.3837313129243,1.0
-677.2279052734375,71.21226501464844,9.044747352600098,24.994829177856445,6.08303689956665,1.752105474472046,6.184582710266113,-6.443160057067871,-2.9662742614746094,-2.982142686843872,0.9298915863037109,-9.478073120117188,-0.22427038848400116,0.15611853966346154,0.0017136733513325453,2599.6657211017096,2569.2554829523856,1.0
-676.6346435546875,70.11730194091797,9.825469970703125,20.923973083496094,5.236435890197754,3.5094339847564697,7.19376802444458,-7.846503734588623,-1.580090880393982,-3.2957522869110107,-0.8706080317497253,-10.41033935546875,-2.1594977378845215,0.1349384014423077,0.001844166312366724,2537.109361792326,2651.9336505746137,1.0
-679.8654174804688,67.41950225830078,15.207942008972168,20.03523063659668,6.091833114624023,6.254700660705566,5.468133449554443,-7.068029880523682,-4.2008819580078125,-3.0929887294769287,-1.3954765796661377,-8.620162010192871,-1.9159611463546753,0.14800555889423078,0.0018981813918799162,2717.529775783772,2615.8667216824147,1.0
-672.6327514648438,67.1448974609375,9.553647994995117,22.13735008239746,4.54826021194458,4.5459699630737305,3.213718891143799,-9.062731742858887,0.4111924469470978,-3.517613410949707,-1.0254613161087036,-10.396836280822754,-2.079801321029663,0.16182016225961537,0.0021074963733553886,2590.615694908403,2605.0394856393596,1.0
-619.3656005859375,66.9638900756836,-10.56097412109375,19.216522216796875,5.219308853149414,-1.1880192756652832,1.3810198307037354,-8.710211753845215,1.6296905279159546,-3.094893455505371,-0.27889731526374817,-4.730341911315918,-1.7355036735534668,0.16483248197115385,0.00421651778742671,2586.8745808891326,2511.099939122894,1.0
-615.3280029296875,60.17799758911133,-11.203393936157227,22.57468032836914,4.829352378845215,-4.465885162353516,0.5829591155052185,-7.954970359802246,-0.2877768278121948,-1.647973656654358,-0.8847602009773254,-4.806087017059326,-1.3944319486618042,0.14554912860576924,0.004294185433536768,2556.884286453532,2568.6905504090128,1.0
-630.5615234375,64.58717346191406,-1.7581695318222046,19.263023376464844,8.718537330627441,-3.519047260284424,-0.1394801139831543,-10.316986083984375,-0.5892061591148376,-3.673201560974121,-3.0198135375976562,-4.186796188354492,-3.5797908306121826,0.16282301682692307,0.0043854741379618645,2609.715864370191,2633.3411868402904,1.0
-604.00927734375,57.239715576171875,-10.050620079040527,14.725563049316406,8.33608341217041,-6.207059383392334,-4.4928083419799805,-12.306967735290527,-1.9328526258468628,-4.770780086517334,-3.3178787231445312,-3.028954029083252,-2.7828190326690674,0.17582632211538463,0.005375659093260765,2759.877697449456,2646.4225919872765,1.0
-505.75830078125,55.41026306152344,-24.356109619140625,10.187370300292969,1.4969604015350342,-13.110916137695312,-0.3409336507320404,-12.492985725402832,-2.6403086185455322,-6.385043144226074,-7.807480335235596,-4.8909382820129395,-4.487513542175293,0.12957857572115383,0.013690713793039322,2677.781673774377,2484.5596975508915,1.0
-500.8955993652344,56.37586212158203,-28.115236282348633,17.796491622924805,1.3460693359375,-10.167433738708496,2.305265426635742,-8.366724967956543,-1.9274088144302368,-4.890904903411865,-6.593234539031982,-3.634725332260132,-4.494368076324463,0.12122896634615385,0.01338913943618536,2483.011416386411,2436.0472155802645,1.0
-484.24310302734375,46.8244514465332,-26.80401611328125,11.219812393188477,1.564424991607666,-15.044148445129395,-3.402947425842285,-15.592337608337402,-5.392864227294922,-8.244303703308105,-10.906750679016113,-3.672471284866333,-7.832758903503418,0.18629056490384616,0.01449785940349102,2791.339949232529,2468.1522645473174,1.0
-516.0951538085938,52.316734313964844,-23.57375717163086,10.904928207397461,2.1418299674987793,-16.16328239440918,-4.407687187194824,-15.034799575805664,-6.3012590408325195,-6.674994945526123,-10.865325927734375,-5.005378723144531,-8.863131523132324,0.17950345552884617,0.011792881414294243,2653.7636846761693,2442.72136697379,1.0
-680.55810546875,62.083744049072266,15.376714706420898,22.70464324951172,11.817323684692383,1.1686172485351562,1.106004238128662,-7.516153335571289,-3.4979875087738037,-4.989582538604736,-0.18284665048122406,-9.351638793945312,2.539243698120117,0.1472844050480769,0.002109592081978917,2668.5202270207783,2737.5724290292496,2.0
-693.7650146484375,75.11737823486328,8.744598388671875,25.17974853515625,7.337152004241943,2.2620205879211426,3.4594063758850098,-9.453978538513184,-0.5381981730461121,-5.7510528564453125,-1.407171368598938,-5.9717206954956055,0.7034754753112793,0.17576246995192307,0.0018018712289631367,2477.0366011422398,2604.434158683254,2.0
-700.8799438476562,65.47676849365234,14.506916999816895,18.230554580688477,10.305948257446289,4.725139141082764,2.5824191570281982,-11.425925254821777,-3.7316455841064453,-0.3235551118850708,-0.8706794381141663,-3.5015316009521484,-0.9496189951896667,0.20597581129807693,0.0017230703961104155,2675.381022485049,2769.348532510396,2.0
-701.379638671875,72.99382781982422,15.058846473693848,20.07950782775879,9.262685775756836,4.236382961273193,0.5525063872337341,-8.869146347045898,-3.966522693634033,-1.0839931964874268,1.7591345310211182,-8.414764404296875,2.1694283485412598,0.1448016826923077,0.0017266727518290281,2429.396711268088,2712.035765665161,2.0
-612.6637573242188,67.84622192382812,-7.942938804626465,16.78167724609375,10.050002098083496,-7.7809343338012695,-6.062379360198975,-19.33583641052246,-2.9864492416381836,1.1620196104049683,-9.648517608642578,-6.275028228759766,-2.341855764389038,0.12507887620192307,0.004076732788234949,2200.042939311382,2359.2453447214566,2.0
-613.9668579101562,64.49748229980469,-5.887217044830322,16.907365798950195,7.838142395019531,-7.254081726074219,-2.646265983581543,-19.191171646118164,-7.747508525848389,0.054757483303546906,-6.730465888977051,-4.096743583679199,-0.788564145565033,0.1448955829326923,0.003994820173829794,2425.5383693569006,2496.5060339416987,2.0
-649.3362426757812,63.63260269165039,1.8681126832962036,15.314375877380371,8.29428768157959,-3.570190668106079,0.6360816359519958,-12.134026527404785,-4.574680805206299,3.8251235485076904,-8.049755096435547,-2.250581979751587,-1.8412801027297974,0.14667217548076922,0.003888186067342758,2375.3712804458687,2598.3270594562796,2.0
-604.1381225585938,70.77255249023438,-7.529036045074463,13.917486190795898,6.143171310424805,-4.040799617767334,-5.258322715759277,-26.635730743408203,-9.555669784545898,6.0479044914245605,-11.735154151916504,-7.036731719970703,-1.9628046751022339,0.14542893629807693,0.004533402621746063,2345.9894285640753,2333.4156434213987,2.0
-526.859375,61.59721755981445,-8.647123336791992,12.25651741027832,-2.3375072479248047,-4.158398628234863,6.369992256164551,-10.528177261352539,-2.9934098720550537,-4.276475429534912,-3.698894500732422,-5.4926533699035645,-3.3168578147888184,0.13851036658653845,0.01123957708477974,2476.5580853352158,2551.0800730048304,2.0
-523.67822265625,52.561954498291016,-0.03513089567422867,13.898758888244629,-6.851842403411865,-4.02940559387207,7.6051483154296875,-6.121763229370117,-3.614363431930542,-6.049032688140869,-2.3724257946014404,-3.649404525756836,-2.3868868350982666,0.12016977163461538,0.010971530340611935,2536.576342486961,2585.1096213352453,2.0
-575.7617797851562,50.56560134887695,8.577549934387207,12.486357688903809,-1.5629631280899048,-1.6177241802215576,8.166877746582031,-7.817126274108887,-5.017258644104004,-5.016441822052002,-3.155395030975342,-3.2396297454833984,-1.695080041885376,0.14657451923076922,0.00844508782029152,2563.315415620295,2701.5184253254465,2.0
-558.7830810546875,51.33634948730469,8.226760864257812,11.714489936828613,-2.7686853408813477,-4.7924580574035645,6.605073928833008,-8.69141960144043,-7.065112113952637,-5.441806316375732,-4.912161350250244,-5.308557510375977,-3.8737404346466064,0.15148362379807692,0.010435027070343494,2597.2414034933386,2632.873117962956,2.0
-441.3957214355469,54.70892333984375,-15.362171173095703,5.857885837554932,-12.469649314880371,-9.533802032470703,8.899094581604004,-10.968358993530273,-6.765332221984863,-4.449085712432861,-3.54396653175354,-2.5063881874084473,-4.327998638153076,0.1464167668269231,0.028807060793042183,2473.742759374206,2461.7150848273795,2.0
-343.6545715332031,35.30360412597656,-25.010295867919922,6.274829864501953,-15.046307563781738,-12.565903663635254,6.444519519805908,-8.097014427185059,-6.371405601501465,-4.328019618988037,-5.048305034637451,-4.480700492858887,-6.768518924713135,0.15006385216346155,0.06170633062720299,2570.8480961842643,2424.5928193601303,2.0
-461.5697021484375,35.2624397277832,-6.2698564529418945,2.098147392272949,-10.94555377960205,-8.801102638244629,6.335751056671143,-14.823534965515137,-5.570062160491943,-6.779531478881836,-4.239955425262451,-3.653790235519409,-4.046685218811035,0.14859525240384616,0.026116909459233284,2821.1213567054797,2751.8081917309587,2.0
-443.0307922363281,41.014015197753906,-9.736333847045898,6.695110321044922,-10.842753410339355,-11.378156661987305,7.603654861450195,-15.146331787109375,-7.043110370635986,-7.845531463623047,-5.532288551330566,-4.350354194641113,-3.914552688598633,0.1566443810096154,0.028391335159540176,2675.217506297866,2560.250883722849,2.0
-491.7845458984375,48.432491302490234,-25.628211975097656,10.227306365966797,-0.03311876207590103,-11.51455020904541,1.3210350275039673,-18.10869789123535,-3.617582082748413,-6.046715259552002,-9.162298202514648,-7.300687313079834,-3.1900839805603027,0.15563025841346154,0.011432159692049026,2675.4875529164333,2550.6384770955697,0.0
-521.9535522460938,61.58930206298828,-13.770468711853027,11.853401184082031,3.1249172687530518,-5.323080539703369,6.835309028625488,-11.975390434265137,-2.7007198333740234,-0.6280389428138733,-5.1526198387146,-6.366669178009033,-1.0035141706466675,0.12507512019230768,0.011172780767083168,2273.653207632718,2350.6341486298006,0.0
-497.9451904296875,59.53465270996094,-14.931591987609863,-0.7503645420074463,2.531831979751587,-7.622252941131592,-1.2745567560195923,-21.909366607666016,-3.4285004138946533,-0.16092917323112488,-8.59117603302002,-5.61782693862915,-3.866353988647461,0.16425030048076922,0.01325000636279583,2681.4096628127886,2382.1690042881773,0.0
-537.2991943359375,49.704402923583984,-10.516836166381836,5.23274040222168,4.054004669189453,-7.219946384429932,3.402193546295166,-17.956310272216797,-5.3041815757751465,-1.8089958429336548,-11.04936408996582,-3.5534274578094482,-5.188708782196045,0.1747821514423077,0.010096869431436062,2844.6941795929156,2634.0180135901287,0.0
-397.9814758300781,26.207307815551758,-26.651615142822266,8.718109130859375,-7.578085899353027,-10.910518646240234,-0.22632868587970734,-14.42625617980957,-5.708507537841797,-1.866208791732788,-5.198606967926025,-3.2267868518829346,-3.384890079498291,0.17376802884615383,0.0301680788397789,2876.464178196149,2539.4405098487273,0.0
-407.6593017578125,28.563356399536133,-30.288494110107422,8.435858726501465,-8.194446563720703,-14.660228729248047,0.7439802885055542,-19.043743133544922,-3.392653703689575,1.8428916931152344,-6.152650833129883,-4.41379976272583,-3.4905357360839844,0.13733473557692308,0.0339304618537426,2916.625890962054,2616.930902540621,0.0
-426.0885314941406,31.007034301757812,-22.30816650390625,-3.1314713954925537,-10.045398712158203,-10.631959915161133,-1.4492747783660889,-17.665699005126953,-11.583685874938965,-3.2453505992889404,-6.8498663902282715,-2.6125504970550537,-1.073453664779663,0.15787635216346155,0.031053410843014717,2752.4236749892275,2535.3214958898784,0.0
-403.4298400878906,26.41436004638672,-22.709182739257812,2.376873731613159,-8.042057037353516,-12.147015571594238,3.870304584503174,-19.70687484741211,-6.623338222503662,0.1536034792661667,-6.7143731117248535,-1.7681708335876465,-3.687495708465576,0.1413837139423077,0.04089640825986862,2653.4504394862934,2502.70953017641,0.0
-635.977294921875,72.37067413330078,9.15268611907959,16.009504318237305,4.12852144241333,1.6469992399215698,2.3645997047424316,-9.255661964416504,-3.7542877197265625,0.7141059041023254,-0.9165937900543213,-5.142500877380371,-0.9390078186988831,0.14245042067307692,0.0031679689418524504,2448.450348089119,2466.65321321896,2.0
-670.17919921875,77.590576171875,10.388635635375977,18.38826560974121,5.049856185913086,3.459160327911377,-1.2179532051086426,-8.250107765197754,-4.106376647949219,-0.36519375443458557,-3.48307728767395,-3.364654541015625,-2.409409761428833,0.1484375,0.0025074665900319815,2341.0780718804963,2493.2536100149136,2.0
-633.8696899414062,64.74813079833984,17.90985870361328,14.299508094787598,6.536543369293213,-0.401458740234375,-2.6481473445892334,-12.040446281433105,-5.686378002166748,1.6045368909835815,-7.262575149536133,-1.1641345024108887,-3.9188718795776367,0.17008338341346155,0.004053367767482996,2638.524247021193,2469.9039290923274,2.0
-646.7084350585938,63.5118522644043,14.887749671936035,13.11540699005127,8.316786766052246,-1.5109919309616089,0.21135136485099792,-11.466357231140137,-6.775360584259033,0.4554584324359894,-3.2087721824645996,0.3911280632019043,-4.375804424285889,0.18684269831730768,0.003872490022331476,2657.713604690602,2608.2686097784226,2.0
-563.7670288085938,56.3125114440918,2.8971970081329346,13.938936233520508,1.4852442741394043,-3.850529193878174,-3.7583141326904297,-17.56578826904297,-3.3841779232025146,0.23117604851722717,-3.743253469467163,2.5584006309509277,-0.19356243312358856,0.17330228365384615,0.005866236053407192,2685.9609480783556,2615.326665476842,2.0
-626.0478515625,71.38426208496094,-1.307750940322876,15.368667602539062,2.818952798843384,-6.460990905761719,-6.373565196990967,-6.883961200714111,-2.5225977897644043,-1.3949124813079834,-1.674970269203186,0.9118437767028809,-3.1009154319763184,0.14201096754807693,0.003658493747934699,2382.5208547759757,2437.1492006880144,2.0
-618.3673095703125,64.20870208740234,13.121814727783203,14.524353981018066,5.269346237182617,-4.698337078094482,-5.607150077819824,-12.475085258483887,-5.332810878753662,-6.133005142211914,-8.680113792419434,2.8014044761657715,-6.497636795043945,0.1659893329326923,0.004497162532061338,2651.560816930155,2562.2290376325122,2.0
-587.835205078125,57.70425796508789,11.073463439941406,12.816180229187012,3.0142157077789307,-7.812399864196777,-8.13756275177002,-10.948100090026855,-3.9690158367156982,-2.7903079986572266,-7.434255599975586,3.955153703689575,-6.923660755157471,0.15386493389423078,0.006529383361339569,2530.620276989916,2481.5665805631274,2.0
-584.9712524414062,54.31454086303711,0.02388540469110012,11.942070960998535,3.923398733139038,1.372865080833435,1.4750548601150513,-14.671032905578613,0.8224238753318787,0.2188180834054947,-2.8337671756744385,-6.077567100524902,0.564977765083313,0.15104041466346155,0.004513034597039223,2628.9642520913694,2691.502763595272,0.0
-573.853759765625,59.42198944091797,-4.338901042938232,8.43506908416748,-0.8556532859802246,-0.9184170961380005,1.0879154205322266,-17.442485809326172,-0.8994214534759521,-3.3594322204589844,-4.523160457611084,-8.876708030700684,-2.0367016792297363,0.1759051983173077,0.005566572304815054,2625.549455307244,2611.9760354107693,0.0
-551.5994262695312,51.98600387573242,-0.049384456127882004,6.699976444244385,2.3491926193237305,-1.6285039186477661,-0.020844856277108192,-16.225502014160156,-1.617547869682312,-3.116975784301758,-5.854654312133789,-7.126041412353516,-5.039743423461914,0.1889911358173077,0.008313045836985111,2653.52747733359,2603.9975167388643,0.0
-597.5387573242188,58.774906158447266,7.8032636642456055,11.976241111755371,2.240325689315796,-2.295828104019165,3.027695894241333,-13.813570022583008,-3.6529295444488525,-3.400033950805664,-3.6317696571350098,-8.308403968811035,-4.4857401847839355,0.1494816706730769,0.006031602155417204,2428.696627410195,2679.2192860178434,0.0
-525.2376098632812,52.50491714477539,-9.512894630432129,8.420576095581055,-1.3765499591827393,-2.7347755432128906,0.03675631061196327,-17.743059158325195,-2.0501344203948975,0.6129664182662964,-6.08375358581543,-7.438467979431152,-1.5806626081466675,0.1295447716346154,0.008517329581081867,2468.2019507902514,2544.113566093932,0.0
-521.0103149414062,56.47303771972656,-6.019632816314697,6.653652667999268,-3.2040274143218994,-3.6686832904815674,1.7822239398956299,-18.693742752075195,-2.962674379348755,-1.818454623222351,-5.968775272369385,-7.918093681335449,-3.4629695415496826,0.13817608173076923,0.009563786908984184,2630.089840125274,2556.906915180743,0.0
-533.057861328125,52.85637664794922,-5.706298828125,0.18302494287490845,-6.651835918426514,-4.798395156860352,3.327993869781494,-17.02096939086914,-6.487579822540283,-5.50145149230957,-2.4719064235687256,-7.896028995513916,-5.13762903213501,0.17459059495192308,0.012473572045564651,2729.0959049319154,2582.9754869651083,0.0
-522.8504638671875,49.72917938232422,-1.3204143047332764,2.6819357872009277,-2.8769540786743164,-2.488602876663208,0.30234843492507935,-20.908721923828125,-7.4553985595703125,-6.346230983734131,-5.529468059539795,-10.681950569152832,-6.4837212562561035,0.19713416466346154,0.012279593385756016,2873.4846860871066,2553.2259004209604,0.0
-725.1006469726562,94.5753402709961,21.81450653076172,32.62691116333008,22.829315185546875,9.692814826965332,5.322299003601074,5.508560657501221,7.156362056732178,6.812148571014404,-0.2383035570383072,8.944679260253906,6.170526504516602,0.11742412860576923,0.0014674742706120014,1642.1570662927372,2318.0101343869696,1.0
-768.2207641601562,78.76923370361328,13.901731491088867,21.324857711791992,13.583573341369629,4.3199615478515625,0.9120826125144958,-2.106738805770874,4.990933418273926,2.316765785217285,-5.822563171386719,6.516561031341553,2.1948435306549072,0.3258563701923077,0.0009906841441988945,2846.1446063077947,2646.9251533114843,1.0
-754.0184936523438,67.6839370727539,15.377135276794434,20.42119026184082,12.990942001342773,5.7073750495910645,-1.0357344150543213,-5.488663196563721,-0.9646888375282288,1.6103196144104004,-5.947260856628418,1.810654878616333,-0.22297005355358124,0.2713454026442308,0.0010982167441397905,3260.416344277516,2632.0945799018837,1.0
-752.7478637695312,72.4540786743164,12.463441848754883,21.17389488220215,11.80209732055664,3.4010605812072754,0.8495057225227356,-4.285758972167969,-0.5363338589668274,1.4084620475769043,-5.237264156341553,3.2790284156799316,0.2757962942123413,0.24732196514423077,0.001167577225714922,2895.0832286609257,2515.0696617251665,1.0
-748.2948608398438,72.48849487304688,13.563827514648438,20.470319747924805,16.990921020507812,6.032094478607178,-4.003782272338867,-2.793093681335449,3.2041473388671875,2.1399452686309814,-4.211073875427246,4.436245441436768,-0.5693855881690979,0.3112229567307692,0.0010299297282472253,2937.2597637702897,2699.405694263662,1.0
-697.5811157226562,65.07588958740234,-0.6291598081588745,30.04562759399414,15.362537384033203,-0.4272477328777313,-8.158020973205566,-4.944341659545898,4.892099380493164,4.344461917877197,-7.656599998474121,5.0493011474609375,-0.10388189554214478,0.2685359074519231,0.001201512524858117,2928.260515796745,2546.142684364693,1.0
-669.116455078125,64.94198608398438,8.028363227844238,20.13263511657715,5.567303657531738,-4.889490604400635,-3.403355836868286,-1.75698721408844,-1.9944568872451782,1.8165217638015747,-5.762509822845459,3.7205982208251953,-2.2755448818206787,0.312890625,0.001950302510522306,3151.475330154981,2628.2338694249693,1.0
-724.787109375,73.72299194335938,16.247251510620117,23.668964385986328,16.673412322998047,9.684743881225586,-1.4199265241622925,-4.053645610809326,0.8040871024131775,6.851529598236084,-3.5074777603149414,5.576601982116699,1.2260552644729614,0.18175330528846154,0.0013019702164456248,2815.4140140818263,2592.32113873915,1.0
-799.4066162109375,61.2081298828125,19.973127365112305,21.503875732421875,14.953592300415039,8.79952335357666,-2.4185264110565186,-3.5073153972625732,6.750266075134277,5.798397541046143,-0.9729137420654297,7.862912178039551,1.7173032760620117,0.24491060697115385,0.0005271211266517639,3100.29210872882,2769.2446555952943,1.0
-757.638671875,82.99382781982422,25.74281883239746,35.9339599609375,22.716590881347656,13.438076972961426,-2.2476165294647217,-2.2768688201904297,6.160905361175537,2.8322372436523438,-2.5894742012023926,9.69072437286377,-1.2024139165878296,0.20569786658653846,0.000808383512776345,2393.0742179793233,2591.7659406401735,1.0
-677.8650512695312,84.96532440185547,14.513250350952148,28.81453514099121,16.358924865722656,2.1368229389190674,-3.9230313301086426,-5.077980995178223,0.716927170753479,4.386449337005615,-3.849146842956543,4.8132805824279785,-2.3647754192352295,0.239990234375,0.0016665366711094975,2440.436221375956,2511.5991036732075,1.0
-732.21533203125,76.69296264648438,13.008763313293457,19.882932662963867,11.873583793640137,7.243955612182617,-4.096055030822754,-5.671804428100586,-1.890117883682251,1.9169034957885742,-9.065779685974121,3.7883760929107666,-0.1831512451171875,0.10958909254807692,0.001531169400550425,1989.9705736575668,1818.3256414736816,1.0
-688.22900390625,96.67471313476562,9.407510757446289,18.38823127746582,21.331655502319336,4.154269218444824,-4.810194492340088,-6.0377068519592285,-11.756834983825684,-1.1881917715072632,-1.909438133239746,-0.17317575216293335,1.6180614233016968,0.2411884014423077,0.0019097472541034222,2456.2188300446683,2409.9295270482685,1.0
-641.6690063476562,80.34891510009766,-1.8361961841583252,16.219257354736328,18.68000602722168,-2.1694819927215576,-5.257753372192383,-4.726987838745117,-3.996943950653076,2.1047286987304688,-3.0290462970733643,-1.914444923400879,-1.7947256565093994,0.25259540264423075,0.0033163961488753557,2750.1340810906077,2536.0074115710217,1.0
-692.4693603515625,70.15313720703125,4.3985748291015625,15.08619499206543,16.964324951171875,3.9521968364715576,-5.221317768096924,-4.97836446762085,-4.23506498336792,3.0065603256225586,-7.069878578186035,0.6514543890953064,-0.698501706123352,0.19657451923076924,0.0022104354575276375,2958.141615519983,2468.408432042145,1.0
-626.7025146484375,72.6126480102539,-7.8037109375,14.82984447479248,13.340275764465332,-0.4891413748264313,-6.064075469970703,-13.05840015411377,-9.802675247192383,3.360898733139038,-5.647705078125,-5.659207820892334,1.4025287628173828,0.29229642427884617,0.0038443913217633963,2743.259368684738,2371.7695507717544,1.0
-445.7132263183594,65.87068939208984,-21.1911563873291,3.3577234745025635,8.620070457458496,-16.661151885986328,-18.263612747192383,-7.812256813049316,-17.677980422973633,-3.467970371246338,-1.8444727659225464,-4.713871955871582,-6.826816082000732,0.10478515625,0.02436746098101139,2128.5785950216837,2113.8690596374163,1.0
-439.65582275390625,84.30181884765625,-23.20193099975586,6.5607452392578125,7.081094741821289,-25.492176055908203,-21.64301109313965,-5.137336730957031,-21.09257698059082,-8.860566139221191,-4.919900894165039,-7.3114705085754395,-6.88294792175293,0.11705979567307692,0.0196609515696764,1996.2004939734088,2011.3047558782932,1.0
-432.991455078125,45.4615478515625,-17.415203094482422,5.995347023010254,8.950629234313965,-8.55945873260498,-13.260102272033691,-7.1583662033081055,-17.73105239868164,-0.5520115494728088,-7.868531227111816,-4.0086283683776855,-2.9884109497070312,0.21971529447115384,0.026132337749004364,2779.638083752253,2490.3110122365515,1.0
-485.30535888671875,65.45423126220703,-9.709356307983398,6.767672061920166,9.459199905395508,-6.046875953674316,-10.175199508666992,-11.40961742401123,-18.964824676513672,-2.7399959564208984,-5.232936382293701,-4.280263423919678,-1.26699960231781,0.17112379807692307,0.01771528832614422,2365.419384182268,2269.181524354448,1.0
-792.4686279296875,76.36060333251953,12.452909469604492,25.458158493041992,20.65632438659668,11.861262321472168,1.1294761896133423,-8.262199401855469,-1.2852245569229126,4.217681407928467,0.5566799640655518,1.5918145179748535,3.668274402618408,0.32498497596153847,0.00038782734191045165,2827.923223581611,2729.89696028691,2.0
-806.3318481445312,58.83871841430664,8.597517013549805,18.90338134765625,12.470126152038574,8.600810050964355,-4.729752063751221,-7.818515300750732,-0.3821036219596863,0.4375968873500824,-0.11340801417827606,1.029215931892395,1.8041212558746338,0.3139385516826923,0.0004004122456535697,3373.731122193977,2828.9273741781767,2.0
-778.0985107421875,56.12724685668945,12.494450569152832,18.65903663635254,11.747091293334961,11.61873722076416,-0.010502859018743038,-8.328373908996582,-3.5202715396881104,1.571510910987854,-1.4714584350585938,-1.7920689582824707,3.1545019149780273,0.2634840745192308,0.0006614861777052283,3191.1623235894576,2583.2370567787743,2.0
-805.1318359375,67.99613952636719,22.46952247619629,25.840482711791992,17.62774658203125,15.050273895263672,3.2448980808258057,-6.2433857917785645,0.2933789789676666,7.0804619789123535,-0.20182086527347565,2.5383169651031494,4.675643444061279,0.2989933894230769,0.0004698019474744797,3039.3730283017712,2805.5286125596504,2.0
-660.4594116210938,90.84705352783203,3.013524055480957,26.65816879272461,19.778095245361328,3.3814330101013184,-12.086068153381348,-11.94677448272705,-12.079465866088867,-2.9873435497283936,-1.200681447982788,-10.791293144226074,-0.2272038459777832,0.16386343149038463,0.0013507645344361663,2394.6311916668346,2367.0119120385802,2.0
-643.173828125,78.96517944335938,-2.884887933731079,26.164522171020508,20.45539093017578,0.9640212059020996,-15.652067184448242,-8.30531120300293,-8.073298454284668,-3.524704694747925,-4.292102813720703,-9.972707748413086,-3.40493106842041,0.20555889423076923,0.0012811708729714155,2711.7053607811035,2524.9062111990042,2.0
-676.3151245117188,76.58149719238281,1.279830813407898,22.968502044677734,17.53331184387207,4.725075721740723,-12.417491912841797,-11.25679874420166,-10.920610427856445,-0.29962268471717834,-4.722008228302002,-12.989319801330566,-4.491257190704346,0.24125225360576924,0.0016783099854364991,2687.990714646241,2401.5704951288467,2.0
-652.0114135742188,92.13484191894531,5.999482154846191,31.9625186920166,20.829254150390625,6.190438270568848,-8.765596389770508,-12.877423286437988,-12.177290916442871,0.7153321504592896,-4.355650424957275,-14.825852394104004,-2.2876548767089844,0.18577599158653846,0.001783599960617721,2236.32055285753,2315.2297085107384,2.0
-688.1524047851562,75.00254821777344,-0.6179103851318359,20.535419464111328,21.413143157958984,0.9899449348449707,-4.537972450256348,-4.37939453125,-6.914079189300537,0.8956623077392578,0.2484637051820755,-3.4114227294921875,2.7087697982788086,0.28941932091346156,0.0015913816168904305,2920.081042092476,2555.730241858991,2.0
-649.6428833007812,70.74240112304688,-3.1875722408294678,18.44562530517578,20.403783798217773,3.4583325386047363,-3.6128337383270264,-5.487607002258301,-4.679989814758301,1.8727314472198486,-1.1461951732635498,-2.031780958175659,3.2665517330169678,0.12791090745192307,0.0024011514615267515,2948.609348966934,2392.903379097273,2.0
-545.0302734375,68.23577117919922,-14.482396125793457,12.808741569519043,19.41680908203125,-4.332173824310303,-3.6685798168182373,-9.56092643737793,-15.85593032836914,-0.3888408839702606,0.010768127627670765,-6.661534786224365,1.3313100337982178,0.19427959735576922,0.007291560061275959,2650.371644381748,2394.514467806807,2.0
-609.0875244140625,67.59244537353516,-6.5849833488464355,16.53717041015625,20.66143035888672,-1.7712438106536865,-3.018404960632324,-7.577889442443848,-10.345126152038574,0.991005539894104,-2.3842201232910156,-7.0118913650512695,2.2864975929260254,0.25885291466346155,0.0046328105963766575,2927.633115593721,2550.503209180174,2.0
-305.85504150390625,59.06694793701172,-24.27202033996582,3.213963031768799,2.388282537460327,-14.18040657043457,-11.207916259765625,-5.877238750457764,-8.708706855773926,-1.8592060804367065,-0.5181337594985962,-1.9469735622406006,-1.0813534259796143,0.13404447115384616,0.07387347519397736,2466.8503244202,2324.6543726431823,2.0
-318.84515380859375,62.015838623046875,-26.107126235961914,2.355217695236206,1.2691683769226074,-14.34841537475586,-9.52535343170166,-9.174250602722168,-9.694050788879395,-3.4683642387390137,-0.7698724865913391,-1.2598905563354492,-3.598936080932617,0.1767352764423077,0.05766741558909416,2657.231268531055,2283.0067157992185,2.0
-308.4176940917969,44.8017463684082,-20.592111587524414,1.3049663305282593,0.04486706107854843,-11.167470932006836,-14.969515800476074,-8.70550537109375,-9.194327354431152,-6.84705924987793,-1.0135029554367065,-2.026689052581787,-0.5118317008018494,0.17525540865384615,0.07049878686666489,2665.102824759082,2377.8061402482795,2.0
-286.3404846191406,52.4114875793457,-25.63753318786621,-3.560584545135498,-5.091734886169434,-13.801694869995117,-8.898555755615234,-10.886045455932617,-3.47111439704895,-6.034956455230713,0.9269500970840454,-1.2322653532028198,-3.4975192546844482,0.16194035456730768,0.07661031931638718,2687.0563369034967,2328.1046127544582,2.0
-799.5413208007812,57.53019332885742,9.167990684509277,19.490192413330078,14.919073104858398,6.0568718910217285,0.11177133768796921,-1.8138389587402344,3.713514566421509,2.1197428703308105,-1.626711130142212,3.958760976791382,1.2509554624557495,0.27713341346153847,0.0005378148634918034,3332.618453973638,2789.2638560363557,0.0
-761.7465209960938,56.92121124267578,10.036842346191406,22.300640106201172,14.872783660888672,5.615414142608643,-1.0487556457519531,-4.929622173309326,2.867967367172241,3.3744149208068848,-0.1408812254667282,2.4767727851867676,0.29806047677993774,0.3255746694711538,0.0007432562415488064,3183.212741463886,2790.5246428791265,0.0
-762.5822143554688,61.41455078125,18.11025047302246,23.23560333251953,16.884666442871094,11.357193946838379,3.0378339290618896,-2.4586052894592285,4.644258499145508,6.285441875457764,0.4254387617111206,6.727231979370117,3.3510611057281494,0.19823467548076923,0.0008172779344022274,2753.42187266089,2874.495759262875,0.0
-793.802978515625,53.53797912597656,15.553018569946289,23.238645553588867,11.369556427001953,6.275547504425049,1.0253931283950806,-5.957155227661133,-0.594406008720398,2.6048195362091064,0.15145443379878998,3.25052809715271,-0.27895206212997437,0.31607572115384613,0.0007279914570972323,3482.6546892113165,2874.912421389669,0.0
-575.3587646484375,78.15469360351562,-5.223023891448975,23.158369064331055,19.921424865722656,-6.496577739715576,-11.458122253417969,1.1837098598480225,-7.090545654296875,-5.627573013305664,-1.937741756439209,-5.466887474060059,-6.270425796508789,0.11319110576923076,0.0038689852226525545,2426.0179785949003,2409.337102351705,0.0
-683.891357421875,55.47186279296875,3.168490409851074,24.252689361572266,17.826440811157227,1.5885568857192993,-4.190494537353516,1.3660047054290771,-0.6511969566345215,-1.8764348030090332,-1.514678955078125,-2.4899141788482666,-7.174403190612793,0.31451697716346155,0.001639553694985807,3158.1914766309797,2802.471560825992,0.0
-550.9765625,50.50596618652344,-0.2698768079280853,13.271187782287598,9.520652770996094,-5.721946716308594,-8.341019630432129,0.9665202498435974,-9.97116470336914,-5.93501091003418,-3.7719316482543945,-8.378641128540039,-4.728918552398682,0.24349459134615384,0.008354411460459232,2821.5523784498855,2542.4292257599263,0.0
-520.897216796875,58.250953674316406,-0.6568407416343689,12.991321563720703,12.19855785369873,-5.227298736572266,-8.302486419677734,-1.5398279428482056,-11.319771766662598,-4.064518451690674,-2.0387184619903564,-11.70268726348877,-5.13371467590332,0.1283916766826923,0.010855425149202347,2391.091416486583,2421.522218189193,0.0
-705.993408203125,86.47972106933594,-7.473278045654297,19.030099868774414,12.416272163391113,-1.4201747179031372,-8.0474271774292,-8.223075866699219,0.6884397268295288,-2.4805071353912354,-3.699230909347534,-1.4518721103668213,-0.9815489649772644,0.26449068509615387,0.0009624345693737268,2685.7493429656356,2367.2906402932435,2.0
-708.3972778320312,79.93498992919922,-9.409734725952148,20.749914169311523,13.759907722473145,-5.580897331237793,-8.81528377532959,-8.329568862915039,-0.5868242979049683,-0.3325479328632355,-3.4462454319000244,-2.3057923316955566,-1.3586689233779907,0.30352689302884617,0.000986932311207056,2773.0758954289486,2440.2481223531836,2.0
-743.923583984375,71.97250366210938,4.714687347412109,24.06884765625,12.571048736572266,1.1089439392089844,-1.4998542070388794,-3.945930004119873,-3.717491626739502,-3.346597194671631,0.07518357783555984,-3.6614627838134766,1.8061418533325195,0.3645582932692308,0.001061780727468431,3145.8885451185834,2517.6540166020663,2.0
-659.6712646484375,75.51548767089844,-2.980194091796875,29.095550537109375,12.237648010253906,0.40111106634140015,-8.702247619628906,-14.271456718444824,3.2812118530273438,-1.6955980062484741,-3.04171085357666,-0.29678604006767273,0.6315710544586182,0.21901292067307693,0.001553678186610341,2768.4784528239343,2412.1601710904015,2.0
-674.7496337890625,79.05878448486328,-2.368222951889038,17.02630615234375,10.242058753967285,-7.067343235015869,-1.8603297472000122,-3.086331605911255,-2.7376065254211426,-6.86247444152832,-5.879059314727783,-4.404208660125732,2.021493673324585,0.32214918870192305,0.0018137505976483226,2875.690991062694,2494.763323178966,2.0
-629.205322265625,81.22221374511719,-4.352673530578613,22.09577178955078,11.265336036682129,-6.96953010559082,-3.2670164108276367,0.029545241966843605,-5.031508445739746,-4.791824817657471,-4.226069450378418,-4.8793792724609375,1.1313458681106567,0.22277268629807692,0.002057567471638322,2830.77097271729,2433.9117893630855,2.0
-619.9496459960938,83.49054718017578,-7.572092533111572,23.076753616333008,11.42531967163086,-3.770003080368042,-0.38463088870048523,-6.013447284698486,-5.438143253326416,-4.589865684509277,-3.4472413063049316,-5.768623352050781,-1.4678614139556885,0.24799053485576922,0.0031647246796637774,2715.8731135665125,2343.6437709291467,2.0
-606.3740234375,98.53602600097656,-12.998530387878418,16.542158126831055,13.5206298828125,-8.619694709777832,-3.024099588394165,-4.654717922210693,-8.224873542785645,-1.9818977117538452,-1.5200989246368408,-8.33848762512207,-2.1531903743743896,0.22063927283653847,0.0033841757103800774,2283.109691103536,2128.4734437878487,2.0
-760.1270141601562,78.7752456665039,16.497594833374023,22.192747116088867,18.427345275878906,8.708810806274414,2.717952013015747,1.8022191524505615,4.454400539398193,3.780001640319824,-0.9108595848083496,5.753077507019043,2.4288523197174072,0.21810772235576922,0.0009190461714752018,2517.9244277490507,2777.1671893064236,0.0
-751.3363037109375,73.04310607910156,6.553486347198486,19.33268165588379,15.051844596862793,-1.7408229112625122,-2.004033088684082,-3.8672006130218506,2.8102548122406006,-1.2339198589324951,-4.194046974182129,1.0674277544021606,-1.3389854431152344,0.19598482572115383,0.0010429959511384368,2905.381942211351,2458.8229451467914,0.0
-706.3565063476562,84.02302551269531,13.408347129821777,26.63675308227539,18.877614974975586,5.591463088989258,3.0051608085632324,-0.962872326374054,4.253688335418701,2.314063549041748,-3.5020604133605957,4.577706336975098,1.5302844047546387,0.195947265625,0.001641343696974218,2501.606866374537,2544.6349876672557,0.0
-728.7168579101562,76.0240249633789,5.182237148284912,18.448230743408203,12.745112419128418,-0.9645776748657227,-3.3048012256622314,-6.383238792419434,-4.515964984893799,-1.4610011577606201,-5.726345062255859,-0.9423140287399292,-1.3110018968582153,0.23235802283653847,0.0015388213796541095,3055.033241911964,2447.299829627363,0.0
-622.5433959960938,57.34077453613281,3.4035401344299316,14.75587272644043,8.423909187316895,-5.0309367179870605,-3.4615275859832764,-3.4928345680236816,-2.198270559310913,-3.825157880783081,-5.374685287475586,-1.7845616340637207,-3.3173415660858154,0.3395958533653846,0.0029627566691488028,2935.0155872122564,2702.4187364819372,0.0
-689.3648681640625,80.1845932006836,13.901145935058594,25.459545135498047,18.696502685546875,0.7678077220916748,-0.9798412322998047,-1.204392671585083,4.921425819396973,-0.11784762144088745,-0.5428901314735413,3.681826591491699,0.4758329391479492,0.16917067307692307,0.002018204191699624,2481.5439902599887,2690.4794356695556,0.0
-709.280029296875,68.73754119873047,12.238513946533203,19.376501083374023,11.041085243225098,3.111800193786621,-2.5707476139068604,-2.8293673992156982,-1.8996092081069946,-5.1137285232543945,-4.498275279998779,-1.5182833671569824,-3.8321304321289062,0.18232797475961537,0.0019691975321620703,2631.854008835648,2337.7245969176206,0.0
-693.3831787109375,69.38996124267578,6.084343910217285,22.179424285888672,12.126678466796875,-1.6496555805206299,-2.0041730403900146,-3.2602689266204834,-2.622868061065674,-2.783691883087158,-5.8546295166015625,-0.8936514854431152,-3.772913694381714,0.26788987379807694,0.002283893758431077,3141.373318257293,2510.626903170577,0.0
-542.3292236328125,58.730281829833984,-1.1169309616088867,3.876929998397827,4.40382194519043,-5.553925037384033,-9.20625114440918,-10.272528648376465,-5.758607864379883,-2.6699092388153076,-8.255215644836426,-4.9057111740112305,-1.0159817934036255,0.11742788461538461,0.011327510699629784,2557.178361975729,2638.956067918411,1.0
-500.9391784667969,59.9955940246582,-2.9235081672668457,9.379593849182129,-1.2745552062988281,-10.077848434448242,-12.500958442687988,-15.377084732055664,-5.761962413787842,-1.7102519273757935,-7.800403118133545,-6.1220808029174805,-0.4643566310405731,0.18106219951923078,0.00994452740997076,2888.092819952028,2399.5004878422446,1.0
-502.1098327636719,60.86941909790039,-4.845531940460205,2.9491653442382812,3.6855435371398926,-10.625753402709961,-15.067927360534668,-21.496923446655273,-7.386373996734619,0.4583036005496979,-9.130207061767578,-6.7562103271484375,-1.5929481983184814,0.12657001201923077,0.014565903693437576,2529.468487230707,2374.1809709789936,1.0
-560.2034912109375,59.098472595214844,9.448141098022461,13.058265686035156,3.677384614944458,-2.643502950668335,-7.848450660705566,-12.561690330505371,-5.8116302490234375,-1.2586342096328735,-7.062853813171387,-5.825976848602295,-0.963192880153656,0.1447490985576923,0.009715674445033073,2765.8486160785765,2595.9745804573286,1.0
-500.93109130859375,62.04252624511719,-13.777793884277344,16.05276870727539,-2.3223068714141846,-10.084403991699219,-9.285683631896973,-20.10338020324707,-9.245301246643066,-6.090130805969238,3.709879159927368,-9.381763458251953,-4.717741012573242,0.17713341346153846,0.009613667614758015,2837.0774814117717,2373.614229118132,1.0
-534.371337890625,64.74917602539062,-6.577383995056152,10.91252326965332,2.512920618057251,-6.39876651763916,-7.624263286590576,-14.288216590881348,-1.6367989778518677,-3.020850658416748,-6.389052391052246,-5.293925762176514,-0.5202377438545227,0.152783203125,0.008955874480307102,2709.0909345666832,2450.7576689213834,1.0
-516.5997314453125,48.84461975097656,-5.977332592010498,10.845976829528809,-0.028080398216843605,-9.616519927978516,-6.070897579193115,-21.224531173706055,-6.323247909545898,-3.5810937881469727,-5.310334205627441,-7.602639198303223,-1.388211727142334,0.18603140024038461,0.012402603402733803,3016.768959201663,2508.7086251470764,1.0
-508.23455810546875,54.52013397216797,-4.871962547302246,8.932089805603027,1.8826000690460205,-12.976136207580566,-7.894463539123535,-18.077438354492188,-5.215388298034668,-2.959421396255493,-9.034579277038574,-6.2092742919921875,-2.210188388824463,0.16971905048076924,0.013530782423913479,2908.0549230746997,2385.9180876719006,1.0
-513.734619140625,64.86842346191406,-12.45361328125,5.210574150085449,6.410252094268799,-10.640202522277832,-16.493335723876953,-24.30221939086914,-5.765379428863525,-0.5933865904808044,-3.793515682220459,-5.5456085205078125,0.5770066380500793,0.12892127403846154,0.010146680288016796,2444.4310606660756,2346.663904623943,1.0
-517.7848510742188,68.23908996582031,-7.041661739349365,-1.2896966934204102,2.013580799102783,-7.648005485534668,-14.72994327545166,-23.486892700195312,-9.21650505065918,-0.09215721487998962,-0.6266899704933167,-4.590789794921875,-4.993383884429932,0.10662560096153846,0.01300415676087141,2266.895551617131,2355.513257580595,1.0
-525.1792602539062,64.18264770507812,-5.900100231170654,10.62316608428955,1.7921088933944702,-10.896105766296387,-6.6771345138549805,-20.28925132751465,-6.012535572052002,-3.5136361122131348,-6.9901838302612305,-8.703831672668457,-3.454281806945801,0.13834134615384616,0.012039833702147007,2514.9366768388327,2365.904522358164,1.0
-561.04833984375,70.22338104248047,2.6249070167541504,9.438485145568848,4.679129600524902,-2.765566825866699,-6.2900614738464355,-13.3997163772583,-4.681094169616699,-3.668962240219116,-5.964710235595703,-8.56989574432373,-5.96495246887207,0.13307542067307693,0.007901969365775585,2603.8887165438186,2557.228619712637,1.0
-481.2756652832031,53.76515579223633,-15.798018455505371,3.9861228466033936,3.5123355388641357,-10.002923965454102,-5.91616678237915,-16.949466705322266,-8.188590049743652,-2.549663543701172,-7.025907516479492,-5.752549171447754,-3.7741286754608154,0.119921875,0.018295031040906906,2783.3318875736986,2607.942604869974,1.0
-475.915771484375,52.55921936035156,-12.634610176086426,4.101596355438232,1.9282113313674927,-11.669098854064941,-9.970958709716797,-18.270736694335938,-9.949363708496094,-0.5142287015914917,-10.360274314880371,-8.349703788757324,-2.1827919483184814,0.11815279447115384,0.020195379853248596,2529.6511224224764,2464.9446424171438,1.0
-498.6221008300781,44.137237548828125,-21.594253540039062,4.862988471984863,-0.05287334695458412,-11.596193313598633,-14.915284156799316,-19.555891036987305,-4.7669758796691895,-1.520331859588623,-12.83944034576416,-5.727487564086914,-1.085908055305481,0.15096905048076922,0.017465755343437195,2850.644699565287,2387.8805834268856,1.0
-498.5767517089844,54.12907409667969,-12.410199165344238,5.2737298011779785,-2.1221113204956055,-13.63888931274414,-9.952326774597168,-20.198917388916016,-8.092756271362305,0.5008094310760498,-12.374053955078125,-5.454092025756836,-2.3885891437530518,0.15674579326923077,0.019433999434113503,2777.298433829414,2499.066002880964,1.0
-333.8875732421875,40.83338928222656,-32.591129302978516,-3.0919082164764404,-7.785773754119873,-27.02884292602539,-11.14393424987793,-22.676498413085938,-19.73715591430664,-0.5130175352096558,-17.646217346191406,-11.812602043151855,-3.7125513553619385,0.18394305889423077,0.07707509398460388,2919.19407404754,2303.6969667986564,1.0
-362.1256103515625,37.49489212036133,-30.774154663085938,-1.3892170190811157,0.04429192095994949,-20.166828155517578,-14.490945816040039,-22.056806564331055,-16.997774124145508,0.33479297161102295,-14.105225563049316,-12.91024398803711,0.3086557686328888,0.14654447115384617,0.06454546004533768,2862.3337423322255,2517.5805499658363,1.0
-310.7992858886719,27.122865676879883,-29.701858520507812,-1.772360920906067,-7.65717887878418,-20.092153549194336,-13.875314712524414,-20.176206588745117,-19.92155647277832,-3.0246503353118896,-15.388031005859375,-14.655635833740234,1.1463857889175415,0.20768103966346155,0.08824557065963745,3129.8155927159623,2448.810498250257,1.0
-316.53857421875,34.44258117675781,-37.40165710449219,-1.6765636205673218,-4.00688362121582,-22.981782913208008,-12.33337116241455,-21.167499542236328,-21.7900390625,-0.6495060920715332,-17.365413665771484,-10.781986236572266,-2.3213398456573486,0.15089768629807693,0.0809185579419136,2990.1989900036483,2531.2380449942652,1.0
-611.6112060546875,61.13710403442383,3.0096726417541504,13.390141487121582,6.741705894470215,-4.300299167633057,-0.8752723336219788,-14.40109920501709,-2.5471653938293457,-1.7038315534591675,-5.0228352546691895,-5.685156345367432,1.3203984498977661,0.1304424579326923,0.005575279239565134,2699.4915431807194,2669.8558779247946,2.0
-572.0913696289062,69.34452819824219,-0.014049588702619076,6.680939674377441,4.37697696685791,-4.671942710876465,-6.86517858505249,-20.340070724487305,-4.047128677368164,3.200441837310791,-3.2044003009796143,-6.100430488586426,0.5322014689445496,0.1277531550480769,0.004918048158288002,2612.2119354511256,2634.0677153240463,2.0
-587.8807983398438,71.47477722167969,9.307913780212402,14.01491928100586,7.057831287384033,-4.756916046142578,-5.548923492431641,-19.15818214416504,-4.860031604766846,-2.404489278793335,-10.300039291381836,-4.6338653564453125,1.2492973804473877,0.13038611778846154,0.0065247793681919575,2508.930127599965,2461.888514046285,2.0
-578.0617065429688,77.0362548828125,10.689847946166992,5.659112453460693,2.3256940841674805,-2.272254467010498,-7.9630961418151855,-17.324384689331055,-0.5584026575088501,-0.6316487789154053,-9.645030975341797,-4.7962775230407715,0.24819758534431458,0.13638822115384616,0.00568521860986948,2711.7113900098298,2572.1861351884936,2.0
-485.26678466796875,63.83372116088867,-10.7947416305542,14.815011024475098,9.209040641784668,-14.360591888427734,-7.111274242401123,-22.23828887939453,-6.8579325675964355,-2.534367799758911,-10.446290969848633,-4.567146301269531,1.092393159866333,0.13076923076923078,0.014910168014466763,2600.731387729119,2498.970404539419,2.0
-511.0224609375,71.0152587890625,-16.161163330078125,15.100142478942871,10.351566314697266,-13.745233535766602,-15.55283260345459,-31.564014434814453,-6.639806270599365,2.1129040718078613,-7.839856147766113,-4.18089485168457,2.3059394359588623,0.13386418269230768,0.008495686575770378,2515.8723383321194,2405.020484638552,2.0
-563.0846557617188,62.994686126708984,13.838324546813965,15.525970458984375,4.848972797393799,-4.659478187561035,-10.107048034667969,-19.58038330078125,-2.4686741828918457,-2.4665815830230713,-9.470794677734375,-2.826321601867676,1.3109123706817627,0.14808443509615385,0.006266353186219931,2783.354755956626,2540.526273920746,2.0
-553.8720092773438,59.32469940185547,5.611870765686035,17.269453048706055,4.850275993347168,-2.8485286235809326,-6.111611843109131,-21.54836654663086,-4.678675651550293,-5.9938201904296875,-11.8763427734375,-3.8437044620513916,-3.1338441371917725,0.15537109375,0.008335382677614689,2687.602138285176,2493.597015051644,2.0
-483.35235595703125,71.62385559082031,-11.654254913330078,11.57160758972168,-0.7862343192100525,-9.580172538757324,-11.205316543579102,-23.137203216552734,-5.870728969573975,-3.4134066104888916,-6.353628635406494,-5.651020526885986,2.3015036582946777,0.16241361177884617,0.011886566877365112,2599.2682113132787,2205.8511607268215,2.0
-425.8268127441406,64.43727111816406,-20.47011375427246,9.29076099395752,-7.7782816886901855,-11.288899421691895,-8.855968475341797,-19.93238067626953,-7.147627353668213,-5.324843406677246,-6.944419860839844,-8.312912940979004,-3.542170286178589,0.160009765625,0.023796003311872482,2797.4416252275755,2234.8732758269193,2.0
-449.54107666015625,66.94111633300781,-14.452860832214355,4.8595428466796875,-4.698493003845215,-8.392937660217285,-13.871753692626953,-18.437570571899414,-7.5686750411987305,-3.0484602451324463,-9.958333015441895,-0.32194966077804565,-0.9985786080360413,0.13947941706730768,0.019418757408857346,2640.5668748503354,2269.225423737731,2.0
-451.1519775390625,68.6647720336914,-18.261680603027344,11.97756576538086,-9.253286361694336,-10.118404388427734,-11.845568656921387,-21.581253051757812,-1.3366849422454834,-7.487297058105469,-9.08698558807373,-1.3000236749649048,-4.059974193572998,0.1802020733173077,0.02041800692677498,2784.314587295156,2106.0705492495763,2.0
-312.4366455078125,45.748870849609375,-25.932140350341797,9.826860427856445,-11.707612991333008,-18.225778579711914,-9.241796493530273,-17.19639778137207,-9.810615539550781,-6.556429386138916,-10.7742338180542,-7.009798526763916,-4.755056858062744,0.13687274639423078,0.06711509078741074,2564.6252088090478,2206.2553030732993,2.0
-336.2872009277344,44.879295349121094,-32.1726188659668,-0.8477980494499207,-14.892529487609863,-17.51868438720703,-8.058659553527832,-11.82626724243164,-14.989930152893066,-7.659048080444336,-11.119782447814941,-9.939105987548828,-8.884688377380371,0.12275390625,0.07164987921714783,2429.1759182471524,2240.2499676905536,2.0
-346.5279235839844,45.033233642578125,-20.159591674804688,-4.260429382324219,-13.189398765563965,-14.099749565124512,-10.07820987701416,-13.82912826538086,-15.097708702087402,-5.643261909484863,-9.00324821472168,-8.805350303649902,-8.297801971435547,0.18485952524038463,0.07195591926574707,2770.979422525859,2240.8252977565144,2.0
-332.8231506347656,35.30596923828125,-27.63289451599121,0.6254962682723999,-18.63319969177246,-17.22301483154297,-12.71226692199707,-14.98861026763916,-16.28724479675293,-6.963171482086182,-11.0849609375,-7.4053730964660645,-8.366525650024414,0.1571063701923077,0.0787942036986351,2876.3417518206124,2447.2710889205405,2.0
-512.3660888671875,59.63622283935547,-12.133673667907715,5.185675144195557,5.374507904052734,-7.680583477020264,-16.250293731689453,-25.40230369567871,-6.520208835601807,5.909341812133789,-6.420337200164795,-4.5266876220703125,3.2649502754211426,0.1278771033653846,0.01181225385516882,2376.0442046893404,2286.7320191453487,0.0
-592.7782592773438,58.39711380004883,2.587205648422241,8.455551147460938,2.3586108684539795,0.7056961059570312,-5.994012832641602,-12.97232437133789,1.3507575988769531,3.8943428993225098,-5.282202243804932,-0.755852222442627,0.4052410423755646,0.13411583533653845,0.005728161893785,2737.340521602601,2709.0049977573863,0.0
-564.4569702148438,54.964752197265625,3.2637836933135986,5.628950595855713,3.3031842708587646,-5.496553421020508,-9.848455429077148,-19.102949142456055,-5.7715606689453125,2.31697416305542,-7.699697017669678,-6.5100579261779785,-1.1457782983779907,0.13015700120192308,0.009273985400795937,2707.314947670513,2633.36438166219,0.0
-565.7646484375,55.9797248840332,5.409866809844971,8.356945037841797,4.303877830505371,-1.620302677154541,-5.83491325378418,-14.962937355041504,0.20530900359153748,2.3872599601745605,-7.391922473907471,-5.625268459320068,0.0178529005497694,0.121337890625,0.008507278747856617,2701.578263817952,2721.818742873805,0.0
-403.433837890625,43.98927688598633,-22.898134231567383,1.977935552597046,-4.680813312530518,-17.853254318237305,-14.623862266540527,-19.599849700927734,-11.659478187561035,-0.28627678751945496,-12.215848922729492,-9.79429817199707,0.12266223877668381,0.1746319110576923,0.02841562032699585,3062.4877848242304,2537.994535630516,0.0
-426.5164489746094,46.49473571777344,-28.158737182617188,2.6726088523864746,-2.679485559463501,-19.14169692993164,-12.199044227600098,-22.81114959716797,-12.111788749694824,1.0145083665847778,-9.898717880249023,-12.047117233276367,1.0044612884521484,0.15856370192307692,0.026594851166009903,2880.7199417188667,2538.347666235539,0.0
-412.78936767578125,44.72509002685547,-18.693906784057617,3.151611089706421,-5.378414630889893,-17.31604766845703,-12.26462173461914,-20.95275115966797,-14.475275039672852,-2.0036044120788574,-11.775162696838379,-13.190752983093262,-0.09501706808805466,0.1448016826923077,0.033521246165037155,2810.701363952585,2443.0106806857234,0.0
-490.9865417480469,55.57225799560547,-14.188758850097656,6.407359600067139,-5.936691761016846,-14.751479148864746,-8.490363121032715,-20.528730392456055,-7.950311660766602,-4.564039707183838,-12.348552703857422,-6.9851460456848145,-0.37749481201171875,0.12392202524038462,0.017171062529087067,2695.1576352963225,2507.8025754850282,0.0
-567.3758544921875,76.70606994628906,-4.564689636230469,11.761882781982422,1.1039271354675293,-5.385300636291504,-5.278556823730469,-17.288116455078125,-2.730227470397949,-1.684592843055725,-8.443473815917969,-3.1420674324035645,0.6968238353729248,0.12246469350961539,0.00744221406057477,2538.617129975663,2456.9575147899127,2.0
-554.6828002929688,73.09983825683594,-7.955522060394287,15.033310890197754,1.6832771301269531,-5.279482841491699,-9.073515892028809,-15.679814338684082,1.7498430013656616,-1.3806113004684448,-12.173468589782715,-0.452516108751297,-1.2630276679992676,0.11175255408653846,0.008449511602520943,2513.2930814269057,2390.9145401381056,2.0
-546.6264038085938,69.87793731689453,5.6097025871276855,7.7729644775390625,2.902804374694824,-6.289740562438965,-3.9683480262756348,-12.0606107711792,0.3546709418296814,0.7368379235267639,-10.1200532913208,-1.9095412492752075,-2.1263182163238525,0.13743614783653846,0.007538558915257454,2818.0374655618966,2479.8321985432904,2.0
-503.1153259277344,40.02587890625,-2.695794105529785,7.2530951499938965,-0.7844159603118896,-7.703724384307861,-5.628351211547852,-11.004201889038086,4.052107334136963,-3.525700569152832,-11.36646556854248,2.520299196243286,-7.973462104797363,0.1893855168269231,0.011522175744175911,3507.3139213879267,2688.563844920163,2.0
-440.0966796875,45.18281173706055,-20.6082820892334,10.885766983032227,-3.833547830581665,-11.27780532836914,-11.80380630493164,-11.167993545532227,-0.9226843118667603,-7.156271457672119,-12.533122062683105,-2.477918863296509,-8.952593803405762,0.15113431490384616,0.019229333847761154,2951.978368507879,2490.3770316505515,2.0
-410.273681640625,47.00613021850586,-27.075712203979492,7.764458179473877,-7.555126190185547,-18.05075454711914,-15.485404014587402,-17.91987419128418,-5.976105690002441,-6.1911163330078125,-16.286008834838867,-4.50292444229126,-4.504642963409424,0.13683518629807692,0.03018615022301674,2640.793804227984,2276.763350942326,2.0
-448.76654052734375,52.40757751464844,-18.282394409179688,6.034574031829834,-6.390069484710693,-14.78242015838623,-12.853464126586914,-20.052207946777344,-3.7468721866607666,-6.169201850891113,-16.968252182006836,-2.1919326782226562,-10.18822956085205,0.15714017427884616,0.025902245193719864,2835.907334043068,2421.157538372787,2.0
-427.35125732421875,41.86022186279297,-16.950376510620117,-4.056169509887695,-10.104767799377441,-15.044687271118164,-10.874846458435059,-14.01764965057373,-9.87368392944336,-1.5387028455734253,-12.414074897766113,-5.910698890686035,-6.342682838439941,0.16259014423076923,0.032102879136800766,2987.563820621748,2426.0293283942533,2.0
-533.135009765625,45.585411071777344,-0.9424121379852295,8.225909233093262,1.9669198989868164,-7.064777851104736,-7.547307968139648,-9.82162857055664,-0.552520215511322,-1.50627863407135,-8.850168228149414,-2.9570701122283936,-3.993927478790283,0.1461688701923077,0.010606767609715462,2880.4709627875886,2761.9000483796553,0.0
-541.8251342773438,60.106964111328125,3.1235549449920654,9.520355224609375,1.279613971710205,-3.570699453353882,-6.60129451751709,-9.400174140930176,-4.522740840911865,1.026556134223938,-6.695197105407715,-4.503212928771973,0.38354068994522095,0.14556790865384617,0.010113382712006569,2761.1377931742327,2525.989157602086,0.0
-465.92633056640625,51.831321716308594,-5.268101215362549,2.013153553009033,-4.374242305755615,-7.130177021026611,-9.694480895996094,-11.148662567138672,-7.388223171234131,-0.9114986658096313,-13.108121871948242,-7.898870468139648,-3.2507760524749756,0.13478440504807693,0.023159213364124298,2728.8278551688154,2588.5167211086678,0.0
-542.7373657226562,64.5904541015625,6.126114845275879,7.087473392486572,0.8940035104751587,-7.7866315841674805,-8.953665733337402,-8.694979667663574,-2.8727660179138184,-1.4160616397857666,-10.813929557800293,-5.004380226135254,-1.265946388244629,0.13932917668269232,0.01195693388581276,2793.639882273156,2522.9838847356245,0.0
-447.9688720703125,51.530250549316406,-12.643616676330566,1.1484910249710083,-1.7710121870040894,-9.234768867492676,-7.405581951141357,-14.657698631286621,-11.884459495544434,-2.0734779834747314,-7.93080472946167,-8.414719581604004,-1.516676902770996,0.136669921875,0.02568904496729374,2630.361667172928,2505.252056361505,0.0
-456.06304931640625,44.17060089111328,-17.32237434387207,3.8741114139556885,-8.191757202148438,-11.240313529968262,-12.685588836669922,-12.545368194580078,-7.784212589263916,-4.560917854309082,-11.493287086486816,-7.801451206207275,-2.3496150970458984,0.13961463341346153,0.02898704819381237,2677.5100181059806,2468.2255717860235,0.0
-412.0909729003906,41.41785430908203,-7.861217498779297,-7.38594388961792,-2.248853921890259,-11.815324783325195,-8.491875648498535,-10.972168922424316,-12.333006858825684,-2.6078453063964844,-12.850320816040039,-11.337313652038574,-6.419134140014648,0.14420072115384616,0.04155026748776436,2965.7372549656297,2742.430968294813,0.0
-402.2659912109375,46.981815338134766,-8.373031616210938,-2.7722933292388916,-4.454463481903076,-10.310297012329102,-10.211883544921875,-13.439933776855469,-10.754154205322266,-0.3439764082431793,-10.161261558532715,-9.87861442565918,-4.143710136413574,0.1343036358173077,0.03296854346990585,2728.6673199564516,2571.2513356088634,0.0
-723.916259765625,64.256591796875,24.880773544311523,20.29034423828125,12.468755722045898,5.764773368835449,7.012581825256348,1.6886274814605713,0.06716425716876984,0.6696703433990479,4.0034098625183105,3.0183939933776855,-0.2669992744922638,0.1835712139423077,0.0018768657464534044,2664.1100497627604,2884.7485837130566,1.0
-691.6226196289062,63.839542388916016,21.956113815307617,16.838308334350586,11.296404838562012,6.301836967468262,7.153565406799316,1.0419024229049683,-2.0614349842071533,0.5998325347900391,3.675398349761963,1.0416903495788574,-1.342221975326538,0.18438626802884617,0.002590138465166092,2705.0694403064876,2899.027465043536,1.0
-689.6506958007812,60.244590759277344,23.595117568969727,21.4620361328125,11.222158432006836,5.6711931228637695,5.076105117797852,0.4972192049026489,-2.2550363540649414,1.173822283744812,2.6743040084838867,-0.99404376745224,-0.9187218546867371,0.18016451322115384,0.0023361630737781525,2634.257672093149,2822.2100378458576,1.0
-691.6888427734375,67.4798355102539,27.760190963745117,24.286062240600586,14.505558967590332,7.554865837097168,5.320173740386963,1.3462560176849365,-1.4118140935897827,3.029280662536621,5.870713233947754,0.2596680819988251,-0.9138655662536621,0.16546349158653847,0.0023945514112710953,2551.3825724610833,2792.5384919135004,1.0
-722.6744995117188,66.28172302246094,24.678993225097656,23.33812141418457,16.507883071899414,12.499136924743652,8.958507537841797,4.132096290588379,-0.4615398645401001,4.8947649002075195,6.2811279296875,1.723105549812317,-2.3852999210357666,0.13934044471153847,0.0012009692145511508,2678.8004372877454,2925.035497008418,1.0
-698.9764404296875,78.8404541015625,24.445425033569336,26.071943283081055,18.228538513183594,12.603282928466797,5.947656631469727,1.6679271459579468,-1.5936534404754639,2.922027587890625,4.695282936096191,0.480400025844574,-2.4296555519104004,0.12736253004807693,0.0014990667114034295,2331.0911983332185,2781.2604288528514,1.0
-690.7360229492188,69.05597686767578,26.005754470825195,22.946517944335938,10.291010856628418,10.050951957702637,3.1965324878692627,-2.5024421215057373,-1.032662272453308,2.4539108276367188,5.572813987731934,0.4326571524143219,-1.7885463237762451,0.18623422475961537,0.0021525132469832897,2728.832801473634,2748.598811633618,1.0
-680.4287109375,68.72432708740234,26.071699142456055,23.22430992126465,14.647480010986328,13.789681434631348,1.962607741355896,3.885071277618408,-4.522134780883789,2.0416038036346436,7.532110214233398,2.05814528465271,-4.0766777992248535,0.1298602764423077,0.0016429568640887737,2675.5736659646223,2717.551484659976,1.0
-684.7454223632812,74.67637634277344,23.36988067626953,22.389991760253906,18.412113189697266,7.79377555847168,3.3790829181671143,3.8740622997283936,-1.9924290180206299,2.944033622741699,7.2913031578063965,2.4041993618011475,-3.066117286682129,0.16851337139423078,0.001307350117713213,2663.014339973457,2681.983322585274,1.0
-701.3403930664062,60.40705871582031,18.294572830200195,25.0528507232666,15.107065200805664,10.828222274780273,4.425390720367432,4.8299102783203125,-1.3805420398712158,-0.24260300397872925,6.259022235870361,-0.7687617540359497,-3.46032452583313,0.1755596454326923,0.0011575572425499558,2868.3243310874022,2853.724978124769,1.0
-677.6162109375,67.61509704589844,24.948808670043945,22.507314682006836,16.258047103881836,9.056509971618652,4.506174087524414,3.4664993286132812,-2.1730992794036865,3.2729010581970215,7.656545639038086,1.5573657751083374,-2.4093589782714844,0.10999098557692308,0.0015872729709371924,2593.191736981774,2895.3740326965685,1.0
-675.1381225585938,71.0882339477539,23.043825149536133,23.76377296447754,14.744297981262207,9.062901496887207,4.199526309967041,1.9704068899154663,-2.082756519317627,0.6692066788673401,9.047164916992188,1.8381938934326172,-1.2269015312194824,0.12147310697115385,0.001865152851678431,2391.1354815034974,2660.6677121370108,1.0
-667.118896484375,59.85540008544922,12.787921905517578,13.26006031036377,9.747284889221191,5.036980152130127,0.6231330633163452,-3.6338675022125244,-2.315340280532837,-3.2098500728607178,3.6579394340515137,1.12562096118927,-2.199209451675415,0.1389685997596154,0.0035289227962493896,2546.3606786839814,2834.61889755776,1.0
-655.986328125,64.55511474609375,16.709888458251953,12.159683227539062,10.86078929901123,6.8625006675720215,0.7080331444740295,0.5660552978515625,-3.0259182453155518,-0.0063902633264660835,4.407738208770752,-0.11143171042203903,-0.7062602639198303,0.17003455528846154,0.0037925681099295616,2592.5805882735303,2824.8936666313584,1.0
-653.1032104492188,55.22261047363281,17.102256774902344,11.966533660888672,10.14324951171875,7.005612373352051,-1.430286169052124,-0.728667140007019,-4.527173042297363,-0.658430814743042,3.4131879806518555,0.1544458270072937,1.3963489532470703,0.1611853966346154,0.003852926194667816,2787.2576838743853,2807.286632883707,1.0
-639.9360961914062,55.890602111816406,18.359983444213867,13.772841453552246,9.292901039123535,3.2555222511291504,1.7859748601913452,-1.2222490310668945,-2.379805326461792,-3.9472501277923584,3.0514371395111084,-0.8572295904159546,-2.473019599914551,0.20516075721153845,0.004530382342636585,2899.8707613797783,2862.4826469155987,1.0
-440.4522705078125,57.36525344848633,3.0009264945983887,6.3545823097229,-1.5284465551376343,-2.348874092102051,-3.059494733810425,-0.765802800655365,-9.111815452575684,-7.273910045623779,2.053436517715454,-3.4986484050750732,-1.7952098846435547,0.14403545673076923,0.02113388478755951,2715.465591476633,2639.0899336908383,1.0
-451.9186706542969,51.587677001953125,1.640283465385437,8.239721298217773,2.419215679168701,-2.333902597427368,-1.010197401046753,-0.8257724642753601,-6.673535346984863,-3.7220849990844727,1.5290876626968384,-1.2639811038970947,-1.9508192539215088,0.14135366586538461,0.020249806344509125,2499.1506068229696,2657.0712340563796,1.0
-454.15911865234375,55.291866302490234,-4.588407039642334,1.8213474750518799,-5.085831165313721,-4.7868499755859375,-4.816483020782471,-6.544338703155518,-13.883380889892578,-9.80105209350586,-2.703253746032715,-5.396510124206543,-3.356214761734009,0.1473670372596154,0.02207285910844803,2700.372030290044,2406.238216000771,1.0
-491.36968994140625,49.71339416503906,6.2516937255859375,4.480061054229736,-1.3289071321487427,-1.0677882432937622,-5.0970587730407715,-4.204984188079834,-7.103537082672119,-9.192155838012695,-1.001043677330017,-2.645674467086792,-3.821643114089966,0.17852313701923078,0.016229478642344475,2554.6841505987186,2692.8603895189203,1.0
-677.5628051757812,59.67381286621094,17.546157836914062,20.996732711791992,14.278162956237793,7.444431781768799,4.196745872497559,4.2500505447387695,-3.0504310131073,1.6583075523376465,5.344322681427002,-0.3988439738750458,-0.846854031085968,0.15128831129807693,0.002046281471848488,2598.2404922270866,2941.728895266629,2.0
-672.4812622070312,72.07474517822266,26.40566062927246,27.11520767211914,15.211660385131836,7.892820358276367,6.013146877288818,3.033655881881714,-3.93753719329834,-2.1933796405792236,6.2038655281066895,1.6361750364303589,-0.5652729868888855,0.16307842548076923,0.002001198474317789,2423.72087369835,2698.4655327473,2.0
-666.5839233398438,63.23123550415039,24.916500091552734,21.201745986938477,6.556197166442871,6.724846839904785,2.9641010761260986,1.390126347541809,-2.831108808517456,-3.4971587657928467,3.897113084793091,-2.3120827674865723,-3.7011687755584717,0.18716947115384616,0.0024302341043949127,2827.6902852683193,2675.973047262879,2.0
-675.7965087890625,64.1865463256836,25.178159713745117,20.519027709960938,9.74644660949707,8.06196117401123,5.363229274749756,1.8723785877227783,-3.6181533336639404,-0.4859980642795563,3.77128529548645,-1.7595939636230469,-1.7675527334213257,0.1995868389423077,0.002769265789538622,2736.111847333396,2798.313827442472,2.0
-585.5780029296875,53.90919876098633,8.551340103149414,8.615104675292969,2.0218489170074463,3.314629554748535,-2.266669988632202,-2.3903141021728516,-5.591075897216797,-6.103104591369629,-0.4375869631767273,-1.459747552871704,-2.2498130798339844,0.19242788461538463,0.006537935696542263,2792.257417278563,2782.366072614912,2.0
-508.3771667480469,70.08415222167969,5.910526275634766,13.17220687866211,5.644055366516113,0.7088602185249329,-5.981033802032471,-4.925703525543213,-10.366462707519531,-7.4522504806518555,-1.925726056098938,-3.7555270195007324,-3.503394842147827,0.09699519230769231,0.011023538187146187,2314.1937621112675,2542.995606804616,2.0
-554.0531005859375,50.62478256225586,8.551655769348145,9.134804725646973,-0.3037273585796356,-2.384974956512451,-0.6633623838424683,-8.487736701965332,-9.985979080200195,-8.541693687438965,-3.61997652053833,-1.024641513824463,-5.452303886413574,0.21498647836538462,0.010098665952682495,2785.5110844278374,2669.869374410942,2.0
-515.1205444335938,45.73480987548828,9.516359329223633,11.276342391967773,-0.5407992005348206,1.1074399948120117,-2.4576237201690674,-7.758353233337402,-9.343863487243652,-9.999996185302734,-1.7932859659194946,-3.0235061645507812,-6.08815336227417,0.17288912259615385,0.00955151952803135,2850.3295567787823,2670.692373583968,2.0
-508.2825622558594,55.78331756591797,6.691261291503906,9.46265983581543,1.1438840627670288,-1.0271681547164917,0.9793825149536133,-1.5649346113204956,-6.38675594329834,-3.517328977584839,1.8816806077957153,-2.826338529586792,-2.723076343536377,0.14515474759615385,0.010532060638070107,2616.2254548225774,2752.280836742412,2.0
-553.6842041015625,56.84185791015625,14.84395694732666,13.200570106506348,2.3184890747070312,4.312298774719238,0.22810639441013336,0.6167746186256409,-6.657341957092285,-2.58721923828125,3.074314832687378,-3.237368583679199,0.3718746602535248,0.15184795673076923,0.006505152676254511,2682.758701221918,2751.361485386021,2.0
-508.31695556640625,51.29184341430664,4.571730136871338,7.05133056640625,-3.0283241271972656,1.2409120798110962,-0.9131974577903748,-3.617971658706665,-7.644289970397949,-7.085564613342285,2.0280776023864746,-4.797643661499023,-1.7916795015335083,0.1727276141826923,0.013528015464544296,2631.790088992493,2735.8284608576287,2.0
-488.0407409667969,58.72539138793945,8.626506805419922,8.836392402648926,-3.02608585357666,2.53287410736084,-3.31500244140625,-5.028340816497803,-7.891862392425537,-8.868075370788574,2.683213233947754,-6.780081272125244,-2.1079189777374268,0.15928485576923077,0.013445612043142319,2625.799615490622,2566.9872928365917,2.0
-416.5651550292969,40.9664192199707,0.6584437489509583,7.305865287780762,-4.824941158294678,-4.642171382904053,-2.2614352703094482,-0.023175518959760666,-6.57716178894043,-7.664329528808594,0.24624879658222198,-2.1137962341308594,-3.378699779510498,0.1756573016826923,0.02707592211663723,2894.2093933454535,2849.6728766630754,2.0
-317.24737548828125,37.06565856933594,-11.06458568572998,3.94441819190979,-15.951615333557129,-7.465526103973389,-7.735175132751465,-2.3925671577453613,-10.927281379699707,-10.691728591918945,-0.6235047578811646,-4.377594470977783,-4.3195366859436035,0.17520658052884616,0.06785235553979874,2887.0161699191917,2707.50805197806,2.0
-308.4840393066406,47.14421081542969,-3.6591379642486572,8.185230255126953,-11.060708045959473,-12.237215995788574,-1.5334486961364746,-1.5044312477111816,-9.194940567016602,-10.25808334350586,0.40713876485824585,-4.730880260467529,-3.2540695667266846,0.1449481670673077,0.06300400197505951,2750.86824839244,2585.0822466679065,2.0
-300.0690612792969,28.53843879699707,-10.633857727050781,0.8635830283164978,-16.668148040771484,-6.980052947998047,-3.1312637329101562,-3.7661542892456055,-9.62026309967041,-12.182845115661621,0.38323745131492615,-5.207869052886963,-6.306188106536865,0.1615948016826923,0.0761464461684227,3044.6197512439508,2726.9811502286716,2.0
-617.2586669921875,62.4036750793457,17.133153915405273,15.06015396118164,6.159057140350342,6.0027923583984375,3.4515163898468018,1.642519235610962,-4.316301345825195,-1.182392954826355,5.471088886260986,-0.6406672596931458,-0.19500873982906342,0.16734525240384615,0.003751961048692465,2727.77579764776,2859.1132423851377,0.0
-586.1129760742188,61.87738800048828,17.47480010986328,11.803183555603027,3.993098258972168,3.7311530113220215,4.05187463760376,1.6495884656906128,-5.322875022888184,-4.080895900726318,2.164760112762451,-0.4012191891670227,-1.4937312602996826,0.17589768629807692,0.0054988255724310875,2689.6137900182935,2845.2614720488586,0.0
-599.483642578125,56.986793518066406,11.368000030517578,12.078186988830566,6.1191630363464355,5.109667778015137,0.6548300385475159,-8.5031099319458,-7.412027835845947,-3.0520856380462646,0.48540931940078735,-1.9452677965164185,-2.088324546813965,0.1991473858173077,0.006533085834234953,2717.0723235705004,2767.27186888723,0.0
-594.8726196289062,57.10478973388672,11.772701263427734,10.388433456420898,5.533490180969238,4.09956693649292,1.3459314107894897,-5.321382522583008,-4.78816032409668,-2.697939872741699,0.8557446002960205,-1.4167135953903198,-3.173414707183838,0.21275916466346154,0.00650180596858263,2643.7749225510515,2770.1861676371063,0.0
-469.4397888183594,43.33003234863281,-5.429515838623047,5.849815845489502,-0.19393838942050934,-3.5359103679656982,-1.9406543970108032,-4.214230060577393,-11.016826629638672,-5.412505626678467,0.26333630084991455,-0.8337993025779724,-3.5534610748291016,0.1748722956730769,0.02137194573879242,2644.3369122140657,2690.5198835464785,0.0
-438.2310485839844,37.3303337097168,-4.041380882263184,5.4015936851501465,1.1049165725708008,-2.0994644165039062,-1.542330026626587,-2.479205846786499,-8.260302543640137,-2.578178882598877,-0.046115580946207047,-3.0038585662841797,-5.870681285858154,0.1500525841346154,0.025719041004776955,2751.3088245114973,2696.888710188727,0.0
-436.2186279296875,32.413116455078125,-7.586588382720947,2.498067617416382,-2.187507390975952,-4.9910430908203125,-2.5004043579101562,-7.8875908851623535,-11.460224151611328,-5.445916652679443,-0.847517192363739,-1.8981513977050781,-5.6724348068237305,0.18368389423076922,0.02757842279970646,2789.2899985267086,2667.252491940524,0.0
-424.0549621582031,31.558759689331055,-5.232783794403076,-0.5890530347824097,-4.461408615112305,-0.5998786091804504,-2.3554913997650146,-5.5597076416015625,-9.297788619995117,-5.709380626678467,0.31356704235076904,-1.8554470539093018,-4.206515789031982,0.15492788461538462,0.031171534210443497,2979.812809286648,2705.708263657578,0.0
-587.6812744140625,60.7833251953125,14.142776489257812,17.426475524902344,2.20957350730896,2.983833074569702,2.639671564102173,-2.570143461227417,-7.192221641540527,-4.735663414001465,5.27632474899292,-3.2307512760162354,-3.730214834213257,0.17518780048076923,0.004971140064299107,2733.51675887147,2719.870332789908,2.0
-571.2866821289062,59.66824722290039,11.175765037536621,17.305341720581055,4.645061492919922,0.49113112688064575,4.7850728034973145,-3.5163495540618896,-5.653573036193848,-3.4205963611602783,3.418393611907959,-3.3452842235565186,-1.6457289457321167,0.1720966045673077,0.006408466026186943,2746.3222681538655,2752.428148971147,2.0
-602.5248413085938,62.78064727783203,17.029924392700195,10.639595985412598,0.3203125,5.001331329345703,0.6212889552116394,-1.338051676750183,-2.6952059268951416,-4.479964256286621,4.843609809875488,-4.506744861602783,-2.289196729660034,0.19299879807692308,0.005124593619257212,2768.7803953854527,2687.834512313015,2.0
-561.638671875,72.81643676757812,21.30518913269043,11.876941680908203,-3.531355619430542,0.3738507926464081,0.3659747838973999,-2.321347951889038,-7.453794002532959,-7.249845027923584,3.1175124645233154,-6.33536958694458,-3.944671154022217,0.17065054086538461,0.006945242173969746,2604.5531773951757,2476.43872597757,2.0
-513.3525390625,57.52678680419922,8.880239486694336,16.831012725830078,0.8742713332176208,1.4247325658798218,1.0672721862792969,-3.586244583129883,-9.498209953308105,-3.5717215538024902,6.294765949249268,-3.075655937194824,-2.3540868759155273,0.17520658052884616,0.008252264931797981,2825.174688595014,2679.8814376572095,2.0
-537.8001098632812,60.029964447021484,9.979375839233398,13.11678695678711,2.875943183898926,-1.9812372922897339,0.3037165701389313,-0.9060725569725037,-10.308553695678711,-2.399228096008301,3.761422872543335,-5.958579063415527,-3.2741787433624268,0.1719012920673077,0.006426993757486343,2801.036669889917,2766.2397884807265,2.0
-543.5223388671875,72.45720672607422,17.83646011352539,8.512554168701172,-3.5985910892486572,1.064538598060608,1.1019951105117798,-5.731916904449463,-11.007100105285645,-8.445074081420898,3.7532172203063965,-4.504387855529785,-4.656361103057861,0.1577411358173077,0.008147555403411388,2566.646768110815,2613.502801497346,2.0
-500.03857421875,61.74325942993164,12.810820579528809,8.922289848327637,-4.378432273864746,-0.633217990398407,-1.0477099418640137,-4.9086432456970215,-7.216883182525635,-3.5067288875579834,2.0790016651153564,-4.992450714111328,-6.404634952545166,0.15628756009615385,0.00968641135841608,2667.535010253352,2619.0424597616047,2.0
-664.890869140625,43.917423248291016,12.75070571899414,9.01625919342041,5.07354211807251,5.07609748840332,1.810610055923462,-0.7871254682540894,-2.9555232524871826,-0.937082052230835,4.608219623565674,0.5362772941589355,-1.2403826713562012,0.2073692908653846,0.003467608941718936,2872.217648076583,3020.203908403246,0.0
-623.0729370117188,44.48045349121094,9.578789710998535,2.9231209754943848,1.253353476524353,1.4336920976638794,-2.114346981048584,-2.410705089569092,-4.129565238952637,-4.3939714431762695,0.6283234357833862,-2.167078971862793,-4.096060752868652,0.19746469350961537,0.005037524271756411,2905.4095053046362,2990.4528771656437,0.0
-570.8905029296875,45.8126220703125,10.020082473754883,8.902938842773438,2.5628888607025146,2.210264205932617,2.3875679969787598,-0.44613295793533325,-7.483933448791504,-3.2333757877349854,2.4564476013183594,-1.9687308073043823,-2.3493399620056152,0.14334810697115385,0.00909156259149313,2551.6318055708334,2810.1300044882023,0.0
-574.702392578125,46.38270568847656,1.8393464088439941,3.81008243560791,1.7404093742370605,3.4103598594665527,-1.6092474460601807,-8.255814552307129,-12.144375801086426,-2.985584020614624,2.3333687782287598,-2.5028395652770996,-2.1914854049682617,0.165802001953125,0.007159313187003136,2859.3697174258623,2877.81919117715,0.0
-586.5722045898438,37.90932083129883,4.393865585327148,7.105644226074219,2.0503995418548584,1.3224363327026367,-0.9705603718757629,-2.9377427101135254,-4.879717826843262,-2.9095256328582764,1.6034976243972778,-0.984484076499939,-3.5281593799591064,0.1404484675480769,0.0068685696460306644,2759.3413223545203,2912.1411875159106,0.0
-500.3979187011719,34.756591796875,3.0684165954589844,4.479947090148926,-2.476651668548584,0.17900073528289795,-2.2659847736358643,-0.40818914771080017,-7.560970783233643,-3.2473092079162598,1.9560821056365967,-3.2874388694763184,-5.153928756713867,0.18099083533653845,0.012121488340198994,2936.418729928246,2949.0427117158524,0.0
-539.9144287109375,35.61704635620117,4.0091986656188965,4.2967376708984375,-0.33230119943618774,1.6683517694473267,-3.136878490447998,-1.936042070388794,-8.33173942565918,-3.919442892074585,1.4672777652740479,-2.448899745941162,-4.078430652618408,0.1896259014423077,0.011654794216156006,2917.560348289819,2905.110443264189,0.0
-523.5797729492188,27.700946807861328,5.720545768737793,5.264212131500244,-1.5847392082214355,-0.149219810962677,-3.470700740814209,-0.9929677844047546,-8.842206001281738,-2.378791570663452,0.18492156267166138,-4.324112892150879,-4.97208833694458,0.21098257211538463,0.011205614544451237,3129.6121094434548,2951.832047460166,0.0
-653.9208374023438,64.15535736083984,-5.131977558135986,11.081987380981445,1.00340735912323,-6.629922866821289,-3.0462355613708496,-11.983945846557617,-12.526740074157715,-4.30042028427124,-7.785467147827148,-3.4519481658935547,-10.072043418884277,0.21002103365384617,0.003170770825818181,2957.018772973452,2481.8331446379975,1.0
-661.7440185546875,61.63194274902344,-4.324173450469971,12.30016040802002,2.740090847015381,-4.781303405761719,-2.3276290893554688,-9.773884773254395,-10.124083518981934,0.33388039469718933,-6.761075973510742,-4.262416362762451,-7.284213542938232,0.2903282752403846,0.00293169217184186,2915.8665514268964,2541.025400792324,1.0
-630.8154907226562,61.24066162109375,-3.2694039344787598,8.121583938598633,6.782060146331787,-5.986426830291748,-8.354632377624512,-15.860163688659668,-11.370628356933594,0.7603713870048523,-8.105853080749512,-2.8798491954803467,-9.940241813659668,0.21678560697115384,0.0040543777868151665,2912.6612984629924,2555.5048776926965,1.0
-643.2713012695312,54.079124450683594,2.091529369354248,5.473948955535889,3.6265182495117188,-4.902403354644775,-4.1914591789245605,-14.350685119628906,-5.445108890533447,-0.34284475445747375,-8.799970626831055,-3.4235613346099854,-8.569300651550293,0.27669771634615387,0.003667268203571439,3181.5907977589086,2732.0387599980254,1.0
-617.278076171875,60.22379684448242,-5.570501327514648,7.374860763549805,1.2193238735198975,-7.042856216430664,-1.9571105241775513,-10.496781349182129,-9.567105293273926,-4.982421875,-7.875528335571289,-1.0489003658294678,-10.093565940856934,0.2613093449519231,0.0037945546209812164,3024.3263012034195,2549.021864599295,1.0
-621.3583374023438,73.65656280517578,-4.967861652374268,11.674217224121094,3.776167154312134,-2.215388298034668,-2.1885321140289307,-12.882519721984863,-7.121072292327881,-6.122808933258057,-4.732841968536377,-0.1324496567249298,-12.68008041381836,0.20444711538461538,0.002997733885422349,2583.8309256865996,2536.4724122233856,1.0
-631.7239379882812,52.309059143066406,-7.202555179595947,5.500366687774658,2.9676294326782227,-7.816843032836914,-8.34870719909668,-14.427419662475586,-11.595549583435059,-5.464250087738037,-9.510723114013672,-4.291769027709961,-12.733553886413574,0.27901141826923076,0.0040961019694805145,3219.567911652497,2456.2733674171072,1.0
-637.1903686523438,53.99287414550781,-3.990940570831299,9.533740997314453,4.180246829986572,-5.931649208068848,-7.386427879333496,-15.112576484680176,-9.637786865234375,-4.465488433837891,-8.362808227539062,-3.1839046478271484,-12.895709037780762,0.31094125600961536,0.0036477523390203714,3079.8698179132207,2515.418916708162,1.0
-634.2205810546875,55.59416198730469,-6.877880573272705,10.970635414123535,-0.02758871205151081,-7.016417980194092,-4.242227077484131,-9.165404319763184,-12.146751403808594,-8.540726661682129,-7.5986809730529785,-1.8302465677261353,-11.921414375305176,0.2435847355769231,0.0032906229607760906,2985.0811299895195,2465.019868521393,1.0
-637.566162109375,69.54694366455078,0.5067299604415894,14.253352165222168,6.447574138641357,-4.227315425872803,-0.6409749984741211,-8.788476943969727,-10.009154319763184,-3.3756325244903564,-6.186223030090332,-1.8864367008209229,-10.297093391418457,0.2714017427884615,0.003280317410826683,2564.7231948473463,2476.7490255393805,1.0
-637.2710571289062,52.1611328125,1.064483404159546,4.253162384033203,1.631611943244934,-7.121679782867432,-6.492212295532227,-14.751376152038574,-7.177915096282959,-9.119626998901367,-6.57602071762085,-1.090165615081787,-14.401811599731445,0.3070838341346154,0.0038208081386983395,3237.935938079314,2608.355660531069,1.0
-635.53955078125,52.862159729003906,0.20452015101909637,5.375063896179199,-1.7834242582321167,-7.010200023651123,-7.410274982452393,-14.141966819763184,-8.9569673538208,-7.791060447692871,-10.459507942199707,-1.8265596628189087,-14.240531921386719,0.3047663762019231,0.003741881111636758,3105.414632126635,2532.872915519417,1.0
-558.0142822265625,62.14214324951172,-28.12619400024414,9.071972846984863,-1.775010108947754,-12.010936737060547,-4.984099388122559,-16.686365127563477,-8.499624252319336,0.1947302669286728,-7.105416774749756,-0.5546459555625916,-11.515167236328125,0.19912860576923078,0.007658606395125389,2882.5043753058894,2362.4862094868845,1.0
-555.666259765625,65.58113861083984,-21.442394256591797,8.092978477478027,1.952609896659851,-11.837275505065918,-3.412036895751953,-13.4864501953125,-9.311447143554688,1.7367167472839355,-5.753765106201172,1.7254948616027832,-9.318975448608398,0.23455528846153847,0.008032627403736115,2730.09243497481,2444.549119936135,1.0
-560.771484375,48.660884857177734,-16.460887908935547,5.805758476257324,-2.1476542949676514,-13.053297996520996,-9.285378456115723,-21.151235580444336,-11.646063804626465,-5.985652923583984,-10.188501358032227,-1.2609165906906128,-16.047948837280273,0.20336538461538461,0.006753583438694477,3202.7313931964322,2456.958952128511,1.0
-547.0657348632812,56.33391571044922,-22.51885223388672,6.193138122558594,0.677022397518158,-16.309696197509766,-8.74618148803711,-21.1906795501709,-11.00903606414795,-1.4367344379425049,-10.416952133178711,0.2709805965423584,-12.759505271911621,0.2382286658653846,0.009046216495335102,2963.0260556867192,2346.693450351731,1.0
-433.28106689453125,36.3726692199707,-27.83485984802246,4.9872283935546875,-4.653388500213623,-17.73944091796875,-2.68170428276062,-7.852560043334961,-11.734764099121094,0.32600638270378113,-5.923074245452881,0.8767949342727661,-7.220388412475586,0.22568359375,0.02833946980535984,3247.309384378857,2588.230769380674,1.0
-437.2242126464844,37.472084045410156,-24.538728713989258,7.51641321182251,-1.3335261344909668,-16.254106521606445,-1.8369808197021484,-5.572715759277344,-11.416833877563477,2.0522348880767822,-5.247351169586182,2.856508255004883,-5.74916934967041,0.22952974759615385,0.027491791173815727,3316.2437062024846,2558.5119826327455,1.0
-492.7391357421875,48.703521728515625,-27.21245574951172,2.57430362701416,-3.2406563758850098,-15.834970474243164,-8.883015632629395,-17.18858528137207,-13.600421905517578,0.7093145251274109,-13.17339038848877,-2.7027511596679688,-10.794480323791504,0.2238093449519231,0.015352876856923103,3242.1549667568997,2368.0675266847925,1.0
-410.6155700683594,38.614559173583984,-40.27763366699219,-9.35509204864502,-6.940338134765625,-25.039398193359375,-10.700092315673828,-15.928823471069336,-16.807388305664062,0.6301907896995544,-13.65964126586914,-1.6320834159851074,-7.346161365509033,0.21698467548076922,0.034536801278591156,2990.74778778728,2409.821644443878,1.0
-584.9042358398438,65.2718734741211,-15.178893089294434,4.986465930938721,0.4831714332103729,-9.110374450683594,-7.160947799682617,-14.566473007202148,-12.559906005859375,-2.5573508739471436,-7.133368492126465,-1.6621606349945068,-7.992923736572266,0.23968975360576922,0.006144902668893337,2711.2292077177417,2425.182031136668,2.0
-588.1781005859375,63.47743225097656,-13.721123695373535,8.381195068359375,3.075714349746704,-9.271183967590332,-7.813360214233398,-20.723735809326172,-12.64581298828125,0.7924063801765442,-9.882987022399902,-2.163007974624634,-10.395761489868164,0.22138671875,0.005481622647494078,2622.500120653095,2494.580484280985,2.0
-622.402587890625,43.71824645996094,-1.3222028017044067,5.010570049285889,2.08010196685791,-2.0083138942718506,-2.7004165649414062,-16.325132369995117,-6.613724708557129,-3.345095634460449,-5.48627233505249,1.697510004043579,-9.873177528381348,0.2940016526442308,0.003964177332818508,3321.7393463533317,2721.4066238824844,2.0
-598.9119262695312,53.40690994262695,-10.071964263916016,5.10533332824707,0.6329110860824585,-7.4765472412109375,-6.742239952087402,-21.14188003540039,-11.101592063903809,-4.459907054901123,-10.137229919433594,-0.4189006984233856,-10.88680648803711,0.2739971454326923,0.005169081036001444,3069.621196955893,2543.911837623938,2.0
-480.1240234375,54.17061233520508,-24.56452751159668,0.923727810382843,-7.491497039794922,-18.414772033691406,-9.4470796585083,-14.553948402404785,-17.638690948486328,2.565225601196289,-8.968338966369629,-0.845200777053833,-3.99711537361145,0.137841796875,0.017542937770485878,2445.2324625086403,2359.0120301851844,2.0
-447.1287841796875,47.610862731933594,-33.908775329589844,-8.038325309753418,-10.503095626831055,-22.08197593688965,-12.643167495727539,-20.683490753173828,-15.825654983520508,4.3613996505737305,-12.932902336120605,-1.692164659500122,-7.662527561187744,0.21059194711538462,0.02394840307533741,2933.460735158593,2370.930795758989,2.0
-491.7990417480469,38.429569244384766,-31.49005889892578,-9.536726951599121,-11.277076721191406,-19.712465286254883,-16.1770076751709,-18.945091247558594,-20.73234748840332,0.23344485461711884,-13.239542961120605,-6.650986671447754,-7.658514976501465,0.3119591346153846,0.017256740480661392,2998.7031528751545,2391.899672694663,2.0
-426.6569519042969,36.90073776245117,-28.074071884155273,-11.504552841186523,-9.160287857055664,-23.124372482299805,-13.86298942565918,-15.231047630310059,-19.220319747924805,2.9182090759277344,-11.450525283813477,-2.927932024002075,-5.915367126464844,0.22658128004807693,0.029839038848876953,3198.1041266583597,2442.329908250081,2.0
-542.07373046875,49.84395217895508,-6.4369916915893555,13.998169898986816,-3.295722246170044,-6.4226765632629395,-0.18834921717643738,-8.412118911743164,-9.352715492248535,-2.9958460330963135,-4.1812663078308105,-2.2401504516601562,-4.532920837402344,0.25297100360576924,0.007452167570590973,3269.496653722421,2471.817050204287,2.0
-529.5597534179688,62.712791442871094,-10.690816879272461,15.170021057128906,-2.3541767597198486,-8.689216613769531,-1.1737263202667236,-9.804498672485352,-11.35278034210205,-2.3937015533447266,-3.5742950439453125,-1.366668939590454,-5.044193744659424,0.20279822716346155,0.00887228362262249,2768.520468452942,2293.8518023159245,2.0
-584.2929077148438,53.65959548950195,0.5380809903144836,4.0876784324646,2.7284417152404785,-7.389568328857422,-6.847414970397949,-16.591110229492188,-8.938506126403809,-2.975970983505249,-10.608101844787598,-1.461081862449646,-11.082027435302734,0.3005821814903846,0.005577473435550928,3222.3118911599777,2645.566630699351,2.0
-553.4483642578125,50.44100570678711,-8.932639122009277,3.9715797901153564,-1.7387150526046753,-11.446802139282227,-6.944169521331787,-19.772438049316406,-10.434142112731934,-3.29193115234375,-10.930192947387695,-1.4736037254333496,-10.582327842712402,0.2441631610576923,0.006753605790436268,3316.345927703927,2463.6469900087345,2.0
-415.1654968261719,49.04509735107422,-12.201810836791992,-0.4674743711948395,-4.189786911010742,-10.070700645446777,1.204428791999817,-5.178454399108887,-8.255087852478027,0.7053938508033752,-5.807575225830078,-0.31917911767959595,-4.219786167144775,0.19055739182692308,0.02772154100239277,3008.2072509789423,2622.716805570269,2.0
-337.9079284667969,39.085548400878906,-25.29696273803711,-10.923584938049316,-8.481529235839844,-12.960516929626465,-1.5927485227584839,-7.408050537109375,-10.562519073486328,-1.9981098175048828,-8.977567672729492,-3.5811550617218018,-6.855602741241455,0.21260516826923076,0.060340460389852524,2867.8704701542083,2439.763906979017,2.0
-420.8668212890625,52.32847595214844,-11.503168106079102,-1.584999442100525,-2.589594602584839,-11.520197868347168,-0.47184500098228455,-11.989684104919434,-12.28632640838623,-1.151265025138855,-10.5295991897583,-0.2145051211118698,-6.477173805236816,0.32113882211538464,0.02753772772848606,3147.051157502703,2492.6696226693657,2.0
-364.9146423339844,48.5289306640625,-19.107580184936523,-14.295022964477539,-6.008707523345947,-12.374618530273438,-3.5487265586853027,-9.482970237731934,-13.16012191772461,2.196201801300049,-5.947754859924316,-5.564613342285156,-7.42423677444458,0.22933443509615384,0.04947367310523987,3001.7778450089313,2289.27407887543,2.0
-502.38580322265625,50.0328369140625,-11.710823059082031,6.789242267608643,-1.4944324493408203,-7.382440567016602,-8.928277015686035,-14.04836654663086,-3.0964767932891846,0.025240618735551834,-6.76370906829834,-0.3683907091617584,-4.566307544708252,0.1850360576923077,0.010878780856728554,2868.267189572327,2662.716864656052,0.0
-506.3689270019531,48.739654541015625,-14.993755340576172,7.956293106079102,-0.4584383964538574,-8.034215927124023,-7.80213737487793,-15.06273365020752,-6.035065174102783,2.787438154220581,-7.99333381652832,-3.1112112998962402,-4.6676344871521,0.21859600360576922,0.01036568358540535,3015.421052599298,2534.3482848037706,0.0
-556.9130859375,44.30781936645508,-14.225227355957031,5.631506443023682,-3.7505171298980713,-10.419273376464844,-10.174177169799805,-21.54893684387207,-5.213571548461914,-1.5349724292755127,-10.366111755371094,-2.887991428375244,-9.963574409484863,0.2569749098557692,0.006729231681674719,3303.1389750636845,2675.6222555984887,0.0
-557.1397705078125,41.50383377075195,-11.188603401184082,3.710158348083496,-2.3004567623138428,-10.758925437927246,-11.5694580078125,-17.996252059936523,-5.555849552154541,-0.6293708682060242,-10.75322437286377,-3.6563668251037598,-7.789682388305664,0.2240234375,0.0077184950932860374,3344.7174095420087,2764.4867548244065,0.0
-396.5078125,38.37952423095703,-26.488361358642578,-4.758666038513184,-5.4334821701049805,-15.215373039245605,-7.3643903732299805,-12.700334548950195,-10.978970527648926,7.131078243255615,-9.266201972961426,-4.426562309265137,-4.929825305938721,0.20616361177884615,0.0400623120367527,2939.901781142229,2636.1243480398584,0.0
-359.1012878417969,31.32552719116211,-33.129390716552734,-12.301249504089355,-9.300419807434082,-15.361495018005371,-8.976862907409668,-15.96888542175293,-15.67937183380127,0.4035109281539917,-8.44591999053955,-0.07597597688436508,4.726564884185791,0.158447265625,0.05194290354847908,2859.0901980570743,2369.377504768751,0.0
-399.5326843261719,33.80040740966797,-22.83493423461914,-11.486591339111328,-8.796234130859375,-14.316051483154297,-12.871103286743164,-21.163829803466797,-13.334405899047852,-1.9164156913757324,-11.034557342529297,-1.8154219388961792,0.6774489283561707,0.21189528245192307,0.037547726184129715,3171.996924634497,2653.608518537952,0.0
-387.4348449707031,30.76576042175293,-33.292118072509766,-12.171141624450684,-11.191405296325684,-14.767197608947754,-10.021285057067871,-17.45721435546875,-19.164287567138672,-1.6175483465194702,-12.058805465698242,-1.6794546842575073,4.185338497161865,0.18025090144230768,0.043630365282297134,3070.703907717058,2527.3215326962677,0.0
-576.876220703125,57.32269287109375,-13.671103477478027,13.224136352539062,-0.043845660984516144,-5.658828258514404,-8.5895357131958,-16.75450897216797,-1.543698787689209,1.9850064516067505,-10.5811767578125,1.4412132501602173,-6.15880823135376,0.19305889423076922,0.004935172386467457,3270.4732199069326,2501.4196455611063,2.0
-563.2245483398438,75.63084411621094,-18.60589599609375,18.15042495727539,-1.1984463930130005,-5.943725109100342,-6.513148784637451,-20.98838233947754,-10.217574119567871,1.2632161378860474,-10.640005111694336,0.8059667348861694,-8.9886474609375,0.12874474158653845,0.0057232994586229324,2415.9826946725234,2282.4613747699004,2.0
-608.548583984375,56.916812896728516,-9.530817031860352,2.8953280448913574,-0.6980772614479065,-5.836156368255615,-10.604327201843262,-19.3051700592041,-5.519421100616455,-0.7960644960403442,-8.902921676635742,-3.162914514541626,-9.817313194274902,0.2641038161057692,0.004599627573043108,3332.519154367528,2508.653074078827,2.0
-587.5455322265625,61.414512634277344,-4.70859432220459,2.8580615520477295,-1.702290654182434,-5.804180145263672,-8.698820114135742,-17.93170166015625,-2.8877038955688477,-0.06062357872724533,-7.923890113830566,-0.4163491725921631,-12.439068794250488,0.28137394831730766,0.004732610657811165,3293.8375025122855,2528.8167859582722,2.0
-499.21832275390625,55.53401184082031,-20.391145706176758,8.474812507629395,-3.7070462703704834,-12.1774320602417,-14.174209594726562,-15.636774063110352,-6.139138698577881,2.559084177017212,-12.268742561340332,-4.152162551879883,-5.892249584197998,0.20188927283653846,0.009048025123775005,3065.747073840564,2372.984646703396,2.0
-494.2200012207031,41.6473388671875,-15.215852737426758,5.49739408493042,-5.3755784034729,-12.951172828674316,-9.912081718444824,-17.656681060791016,-15.482921600341797,-4.37576961517334,-11.497103691101074,-5.498958110809326,-12.026290893554688,0.234375,0.011784076690673828,2837.475215452244,2399.5986183646905,2.0
-476.0074157714844,31.877246856689453,-14.245597839355469,5.075587749481201,-2.7673146724700928,-18.455339431762695,-16.29913330078125,-20.1103458404541,-4.046372413635254,-0.009775909595191479,-15.753776550292969,-2.2587780952453613,-8.927079200744629,0.29187575120192305,0.015227355994284153,3546.8928583070233,2422.747709963826,2.0
-480.6587829589844,39.548805236816406,-14.676420211791992,-4.085282802581787,-4.122912406921387,-14.59511947631836,-11.878596305847168,-19.02876853942871,-15.241523742675781,-0.49453336000442505,-16.893503189086914,-1.5954866409301758,-12.863603591918945,0.2584021935096154,0.016438579186797142,3165.6881619913047,2396.0805880779535,2.0
-592.593994140625,56.89327621459961,-14.375937461853027,4.3153862953186035,-1.2876591682434082,-11.782894134521484,-7.7274322509765625,-15.52835750579834,-7.201371669769287,-1.4616878032684326,-11.872590065002441,-3.009734630584717,-8.978753089904785,0.27020357572115383,0.005822925828397274,3170.5016293842546,2530.7109100880843,0.0
-563.47509765625,56.606651306152344,-9.087024688720703,5.069194316864014,1.3641722202301025,-6.25192403793335,-5.591050148010254,-9.584136962890625,-8.546234130859375,2.5165913105010986,-7.639978885650635,-1.359010934829712,-6.544350624084473,0.19685246394230768,0.006857104133814573,3098.616999604037,2561.8547843311635,0.0
-588.6402587890625,47.907737731933594,-9.603515625,5.676230430603027,-0.5258969664573669,-7.745022296905518,-6.92000150680542,-16.064678192138672,-7.352443695068359,-4.145834922790527,-8.576432228088379,-1.9683328866958618,-9.764355659484863,0.3126089242788462,0.006919061299413443,3259.3034150950757,2652.8080854442837,0.0
-572.3584594726562,49.93095016479492,-7.15955114364624,2.559688091278076,-1.5831865072250366,-10.654582977294922,-9.607421875,-21.30786895751953,-10.105669975280762,-5.399603843688965,-10.4607515335083,-0.9976828694343567,-13.710432052612305,0.28543419471153847,0.007958495058119297,3042.7789883508435,2617.7687333158074,0.0
-509.00433349609375,54.23697280883789,-15.687959671020508,0.6985605359077454,-2.5677523612976074,-11.523499488830566,-11.295267105102539,-17.351154327392578,-5.107384204864502,-0.6764505505561829,-7.051675796508789,-0.953765869140625,-11.443836212158203,0.16192157451923078,0.010354647412896156,2717.9401979145136,2339.8974826576723,0.0
-483.51116943359375,47.712188720703125,-22.431629180908203,2.8939096927642822,-5.984924793243408,-15.231701850891113,-11.951648712158203,-17.936891555786133,-5.622660160064697,-0.5963179469108582,-8.060041427612305,-3.851591110229492,-12.827877044677734,0.20021033653846154,0.013247587718069553,2986.726217404332,2565.2372429131487,0.0
-504.1071472167969,55.025299072265625,-9.578078269958496,0.4303162693977356,-3.3581392765045166,-13.024601936340332,-11.54000473022461,-16.5456485748291,-7.915655136108398,1.1248542070388794,-13.55705738067627,-1.7322077751159668,-7.387400150299072,0.24894080528846155,0.012188232503831387,3054.1282090261793,2468.872662580103,0.0
-524.9511108398438,47.272891998291016,-12.231423377990723,-8.452651023864746,-5.6107258796691895,-14.679489135742188,-14.97500228881836,-18.87105941772461,-10.57974624633789,-1.5800700187683105,-14.534692764282227,-4.339714050292969,-14.188064575195312,0.23475811298076923,0.01046981941908598,3171.2733594578904,2463.4463057419202,0.0
-726.696044921875,68.31655883789062,2.9968550205230713,11.322084426879883,10.438183784484863,1.5116974115371704,-1.3564643859863281,-2.3165409564971924,-4.846571445465088,0.817467212677002,1.9464691877365112,-1.5176994800567627,4.5193023681640625,0.3184119591346154,0.0019994566682726145,2987.9830443334827,2697.022770620707,1.0
-716.711669921875,69.61723327636719,4.795114994049072,10.606110572814941,8.922231674194336,3.0998778343200684,-2.2333648204803467,-3.609363555908203,-4.250159740447998,1.845330834388733,1.7916338443756104,-1.690014362335205,5.411228179931641,0.31394981971153846,0.0020907691214233637,2938.8563357772555,2664.3443995894945,1.0
-716.1092529296875,60.51341247558594,2.531428337097168,9.042753219604492,10.046215057373047,3.936245918273926,-2.611835479736328,-5.712728977203369,-5.191685199737549,1.4648382663726807,2.9854326248168945,-2.4371910095214844,5.424336910247803,0.3231708233173077,0.002031399169936776,3051.75100610574,2785.20743351283,1.0
-698.646484375,58.04292678833008,-1.7835376262664795,11.374320030212402,6.977651596069336,2.8738062381744385,-3.346332311630249,-5.163817405700684,-8.608257293701172,1.9346026182174683,2.063572883605957,-4.273131370544434,5.234587669372559,0.3244816706730769,0.0025494685396552086,3137.3172092240957,2741.72026461684,1.0
-711.6336059570312,87.427734375,6.897157669067383,17.129758834838867,13.732718467712402,4.768049716949463,-1.606432318687439,-5.424277305603027,-5.034769535064697,0.929860532283783,-1.3183928728103638,-3.593907356262207,8.580049514770508,0.23645582932692308,0.0017712862463667989,2579.2848103510246,2612.6888236577674,1.0
-724.994140625,78.14173889160156,3.6192753314971924,13.35201358795166,10.945289611816406,4.023662090301514,-1.1862983703613281,-2.694486618041992,-4.227611064910889,-0.5546534657478333,-1.3582853078842163,-3.863328695297241,8.315116882324219,0.30052584134615384,0.0018798108212649822,2928.0659247281724,2641.1855117008586,1.0
-716.5031127929688,70.01183319091797,13.734525680541992,13.280118942260742,12.256173133850098,5.434414863586426,1.5735124349594116,-4.752412796020508,-4.553857803344727,2.744279384613037,0.46184080839157104,-3.503901481628418,6.686008930206299,0.25729041466346153,0.0016974220052361488,2817.5536798086177,2772.073145439356,1.0
-729.8632202148438,64.62952423095703,8.52791690826416,13.229140281677246,9.263225555419922,3.53357195854187,0.5517962574958801,-6.478725910186768,-4.69291353225708,2.585742712020874,0.6076931953430176,-1.236327886581421,6.2950897216796875,0.30647145669291337,0.0015906542539596558,3110.5962355953784,2809.37802152251,1.0
-733.5736694335938,73.43521881103516,7.484130859375,13.700353622436523,14.035491943359375,5.441399574279785,-0.7924374938011169,-4.713828086853027,-5.354246139526367,3.5857276916503906,3.4333136081695557,-1.282631516456604,4.4217047691345215,0.2976825420673077,0.0016396231949329376,2965.5659208195816,2730.4207396633788,1.0
-702.3323364257812,72.95729064941406,0.7580735087394714,8.305909156799316,12.189003944396973,4.041882038116455,-0.9091861248016357,-4.616185188293457,-7.541203498840332,0.08977116644382477,3.106454610824585,-2.522017002105713,4.232518196105957,0.31600811298076925,0.0022257640957832336,2779.119536494924,2649.287886680032,1.0
-711.4437866210938,59.387508392333984,2.3157410621643066,12.316400527954102,10.619176864624023,2.965657949447632,0.9142642617225647,-6.6026387214660645,-6.543787002563477,3.1891443729400635,3.096315860748291,-1.2436373233795166,5.909614562988281,0.3190617487980769,0.00197088741697371,3095.264695408301,2766.6610146968737,1.0
-716.1215209960938,64.03385162353516,0.2463446408510208,11.138422012329102,8.625997543334961,1.0922777652740479,1.1044504642486572,-5.334356307983398,-7.5262932777404785,1.920279860496521,0.7573570609092712,-0.5495884418487549,5.427297592163086,0.3030048076923077,0.002077172975987196,3047.095048984682,2710.428104439851,1.0
-656.9874877929688,64.34705352783203,-6.920005798339844,10.555179595947266,8.624676704406738,0.262968510389328,-4.4137187004089355,-4.990110397338867,-9.125661849975586,1.8527376651763916,1.4344050884246826,-4.098120212554932,5.544687271118164,0.28148662860576923,0.003792308736592531,2843.116045915687,2671.545030088422,1.0
-661.826171875,63.826263427734375,-5.531877040863037,9.234113693237305,9.664777755737305,1.2052993774414062,-5.132645130157471,-3.9721462726593018,-10.03336238861084,0.630362868309021,2.1527998447418213,-4.917340278625488,4.7906813621521,0.28245943509615384,0.003588646650314331,2891.05689527783,2666.5639165560005,1.0
-654.8007202148438,56.37613296508789,-1.5602092742919922,9.754836082458496,4.933060169219971,3.814113140106201,-6.47628927230835,-5.429190635681152,-9.632384300231934,0.1692081242799759,0.8354414105415344,-3.7216720581054688,5.27684211730957,0.27852689302884615,0.00345399952493608,3007.6296640672836,2757.270117974976,1.0
-631.1065673828125,57.313018798828125,-3.1792821884155273,10.245742797851562,2.5974016189575195,5.085771083831787,-10.882442474365234,-7.784573078155518,-8.878292083740234,-3.2040212154388428,2.248940944671631,-7.018092155456543,4.052199840545654,0.27111253004807695,0.004741653334349394,3039.4990417933054,2729.8817464474796,1.0
-561.3455810546875,64.27916717529297,-11.239614486694336,11.628173828125,10.0079927444458,0.6500236988067627,-11.39098834991455,-4.495546340942383,-9.151248931884766,0.03358295187354088,1.1846266984939575,-9.388264656066895,4.677801609039307,0.23099834735576924,0.00613155122846365,2772.756078412868,2534.6648645773917,1.0
-494.4609375,60.06966018676758,-10.501312255859375,3.3531222343444824,-1.6147812604904175,-1.315072774887085,-19.9766788482666,-6.78759765625,-12.116911888122559,-6.678874492645264,-0.6326332092285156,-10.42530345916748,-1.9598982334136963,0.2043682391826923,0.014180988073348999,2816.8666257732243,2597.4339655389354,1.0
-506.4840087890625,39.00299835205078,-7.695281028747559,-0.8324728012084961,-8.259243965148926,0.8606932759284973,-18.217844009399414,-8.810513496398926,-10.40227222442627,-6.614770412445068,-1.6557258367538452,-8.84175968170166,-2.5303430557250977,0.24938025841346154,0.013792318291962147,3240.3440523179975,2738.123462815015,1.0
-528.3338623046875,44.704383850097656,-8.212939262390137,0.4575982391834259,-7.536202907562256,0.8586738109588623,-15.638925552368164,-7.679672718048096,-9.387388229370117,-5.485872268676758,-0.9052694439888,-7.492027282714844,-2.596374988555908,0.26943359375,0.01366614829748869,3049.1593249211555,2735.968739763057,1.0
-684.3631591796875,84.0623550415039,17.776811599731445,15.737616539001465,11.70570182800293,4.460249423980713,-1.190751314163208,-4.460714817047119,-2.4357736110687256,0.6508311033248901,2.6500353813171387,-2.5267889499664307,2.687610626220703,0.22016977163461537,0.002410563873127103,2444.601029902316,2576.3975681688617,2.0
-692.32958984375,83.47200775146484,12.361913681030273,15.470988273620605,12.496755599975586,4.51633358001709,-8.176429748535156,-7.296059608459473,-2.8489346504211426,0.01688414439558983,1.027937412261963,-5.664530277252197,3.438688039779663,0.2395545372596154,0.0020809343550354242,2613.0178215859933,2508.343926572103,2.0
-703.4266967773438,77.65485382080078,10.84841537475586,12.321756362915039,11.419598579406738,3.580993890762329,-4.667985439300537,-5.414392948150635,-1.9755229949951172,-1.001377820968628,0.8126780390739441,-2.710080862045288,2.9290802478790283,0.26324744591346155,0.002139078453183174,2767.193519257062,2615.114094958601,2.0
-691.6390991210938,72.87861633300781,10.68282699584961,10.59011459350586,7.954706192016602,1.7925546169281006,-6.496312618255615,-6.733467102050781,-4.299157619476318,-0.1446869820356369,0.08117981255054474,-4.289958477020264,5.282843112945557,0.2861628605769231,0.002217615023255348,2772.135424779537,2588.0671777480875,2.0
-651.51611328125,75.4702377319336,0.5390167832374573,14.647199630737305,8.290511131286621,-0.005809842608869076,-8.247304916381836,-6.888047695159912,-5.21939754486084,-2.6859219074249268,-0.21469013392925262,-4.9777936935424805,4.7123188972473145,0.22471078725961538,0.003727403935045004,2610.0399759267843,2519.115324537637,2.0
-663.3569946289062,65.95668029785156,8.372211456298828,16.71646499633789,8.544022560119629,2.171624183654785,-7.9332990646362305,-4.883998394012451,-1.2386823892593384,-2.100193977355957,0.590047299861908,-3.1547634601593018,2.3154733180999756,0.2548302283653846,0.002660089172422886,2739.0564706564146,2599.7404927501825,2.0
-668.966064453125,75.45365142822266,14.131449699401855,8.463180541992188,8.927227020263672,2.2775416374206543,-3.051097869873047,-4.809695720672607,-4.793561935424805,-3.1706721782684326,2.302128314971924,-3.8055074214935303,5.058894634246826,0.22353515625,0.0029927880968898535,2734.9148121208596,2657.4487360562002,2.0
-710.7819213867188,65.39124298095703,19.622821807861328,17.148752212524414,13.69055461883545,5.215619087219238,0.2705390453338623,-1.6078118085861206,-0.8133553266525269,-1.5533264875411987,2.167841911315918,-1.7833963632583618,3.1511588096618652,0.25250901442307694,0.0020938620436936617,2810.852496433016,2765.328216827736,2.0
-592.9697265625,63.76487350463867,-4.861358642578125,13.164859771728516,4.217467784881592,-3.04892897605896,-2.926504611968994,-4.763983726501465,-11.080878257751465,-2.6697754859924316,-2.390294313430786,-5.20546817779541,6.542824745178223,0.24556790865384615,0.006125773303210735,2865.243490104904,2616.972651269799,2.0
-542.8329467773438,57.75550079345703,-6.768430709838867,9.444798469543457,0.6293637752532959,-3.3321986198425293,-4.745855808258057,-5.642429828643799,-11.29096508026123,-2.098104953765869,-2.1567020416259766,-6.101017475128174,4.488633155822754,0.2397723858173077,0.008520152419805527,2870.8094939933803,2636.323551620721,2.0
-541.0803833007812,59.28462219238281,-6.021522045135498,12.111518859863281,4.579749584197998,-2.308577537536621,-6.094860553741455,-5.371457099914551,-18.102441787719727,-2.1170456409454346,-2.9969005584716797,-7.804683208465576,5.022972583770752,0.254638671875,0.00843319296836853,2841.6066282446154,2540.694370509139,2.0
-541.3402099609375,51.84423065185547,-7.773250579833984,9.20854663848877,0.9591036438941956,-3.539409637451172,-7.0790114402771,-7.994987487792969,-15.698726654052734,-3.590562105178833,-3.4559247493743896,-8.268946647644043,2.7509994506835938,0.26455078125,0.010021590627729893,2905.204732181001,2619.06786601944,2.0
-328.6210632324219,22.831417083740234,-15.60572338104248,-1.8932725191116333,-11.906189918518066,-6.331637859344482,-12.743874549865723,-6.0931396484375,-10.909268379211426,-4.9528961181640625,-0.8501894474029541,-6.8427019119262695,-3.7568368911743164,0.2198993389423077,0.06313129514455795,3137.5285573859646,2775.467993276615,2.0
-390.77398681640625,42.451969146728516,-6.655849456787109,11.765151977539062,2.4417943954467773,-7.700091361999512,-8.925406455993652,0.11028268933296204,-9.683063507080078,-0.9429460763931274,-0.586879312992096,-7.3197503089904785,-0.41982561349868774,0.18949819711538463,0.030370017513632774,2891.656425416903,2736.840494783231,2.0
-363.58984375,28.446807861328125,-16.468591690063477,-4.453588008880615,-12.354448318481445,-5.0805511474609375,-14.46323013305664,-7.393332004547119,-13.771812438964844,-6.146596431732178,-0.20958152413368225,-5.444110870361328,-1.7292835712432861,0.27190880408653845,0.049242377281188965,3326.7265015468715,2795.1776368712754,2.0
-276.6834716796875,7.265584468841553,-19.60076332092285,-6.479949951171875,-22.22422981262207,-6.415866374969482,-17.329389572143555,-7.192142486572266,-11.7352876663208,-8.214799880981445,-0.8648056983947754,-7.04284143447876,-8.19629192352295,0.2278771033653846,0.1157204881310463,3547.365585802695,2824.8368711546555,2.0
-671.2766723632812,57.736610412597656,5.4653425216674805,10.759181022644043,8.139323234558105,1.4598385095596313,-6.470774173736572,-0.8630143404006958,-3.725146532058716,0.10910163074731827,0.7274728417396545,-4.874034404754639,2.336103677749634,0.3173527644230769,0.0031508528627455235,2998.478149698144,2784.299241774395,0.0
-692.2777709960938,55.81884765625,11.859682083129883,14.489640235900879,9.127278327941895,4.869659900665283,-2.5408642292022705,1.7506308555603027,0.41638699173927307,1.6424702405929565,2.3166136741638184,-1.8834214210510254,2.0852737426757812,0.25481520432692306,0.0022350733634084463,2953.0869738868478,2910.868040816376,0.0
-618.6837768554688,51.633480072021484,5.055177688598633,9.78494930267334,7.034683704376221,1.2370285987854004,-5.294225215911865,-1.4375274181365967,-6.293622016906738,-0.8699710965156555,0.28274160623550415,-4.9504852294921875,4.005270481109619,0.29327298677884617,0.004518058616667986,3045.6335553004956,2792.444449989431,0.0
-621.759033203125,62.088294982910156,6.472707748413086,12.460711479187012,6.9865875244140625,3.497545003890991,-4.6267476081848145,-0.3309266269207001,-6.113211631774902,3.2846384048461914,3.6791915893554688,-1.6379854679107666,6.222176551818848,0.21352163461538462,0.0048615592531859875,2581.04012056536,2656.5738671205304,0.0
-650.1375122070312,57.8458251953125,8.7364501953125,11.146920204162598,5.5112528800964355,1.9110623598098755,-5.078580379486084,-0.7104291915893555,-3.6529266834259033,-0.9004639983177185,1.1073399782180786,-4.7583184242248535,1.2305032014846802,0.31280799278846155,0.0036959629505872726,2994.5684652299574,2780.631877235731,0.0
-482.55010986328125,34.36337661743164,-5.655808448791504,2.794442653656006,-3.0917396545410156,-5.277602195739746,-12.282071113586426,-3.6094741821289062,-5.3042449951171875,-6.440779209136963,-1.9662259817123413,-5.947979927062988,-3.2002272605895996,0.2228327824519231,0.018099145963788033,2972.2676032170784,2849.1546798996183,0.0
-469.364501953125,42.57184982299805,-3.158362865447998,0.7327077984809875,-4.401551723480225,-6.319657802581787,-12.02353286743164,-4.31049919128418,-11.359078407287598,-5.361042499542236,-2.4846107959747314,-8.249397277832031,-2.1468751430511475,0.23150540865384617,0.016216300427913666,3055.117854578788,2797.403574381353,0.0
-638.301513671875,55.28236770629883,5.499447822570801,11.804614067077637,8.018410682678223,2.8218655586242676,-4.289247512817383,-0.5734720826148987,-6.527993679046631,-0.20068582892417908,-1.0145812034606934,-4.742457389831543,2.5020804405212402,0.2615572415865385,0.004076572600752115,2945.740018115158,2764.1157908290893,0.0
-728.6279907226562,72.54010772705078,4.3910956382751465,16.019685745239258,10.439850807189941,3.176187753677368,0.7027409672737122,-2.8854660987854004,-3.186065673828125,2.8177881240844727,0.6754636168479919,0.1289091855287552,6.734103202819824,0.26473858173076925,0.0017894842894747853,2928.108108026982,2727.2845954528084,2.0
-727.4544677734375,72.70557403564453,4.80661153793335,17.45904541015625,6.878026008605957,2.360480546951294,0.44204238057136536,-3.2044014930725098,-2.0264763832092285,2.978895425796509,2.217491626739502,-0.1553804874420166,6.37389612197876,0.32559344951923075,0.0017960150726139545,2981.0121153361333,2675.8175459124127,2.0
-707.2071533203125,73.46659088134766,10.45698070526123,13.578429222106934,11.329076766967773,3.907881498336792,-1.9702177047729492,-2.9861888885498047,-1.5990583896636963,1.9085606336593628,2.289515972137451,-1.072422981262207,5.225119590759277,0.3147986778846154,0.002126647625118494,3006.2630432353194,2693.496248178901,2.0
-697.3948974609375,67.0283203125,9.32895278930664,11.504989624023438,4.931492805480957,1.4314887523651123,-4.965573310852051,-2.4945170879364014,-2.674778938293457,-0.6152225732803345,2.231123924255371,-1.7013846635818481,4.033695220947266,0.3264986478365385,0.0023072075564414263,3115.707059680666,2669.1380377703763,2.0
-617.99951171875,61.6790657043457,7.618217468261719,12.032222747802734,5.868437767028809,-1.801865577697754,-6.093677043914795,-1.947837471961975,-2.7793476581573486,-0.10068148374557495,0.5225766897201538,-3.5813701152801514,1.5635625123977661,0.25763221153846155,0.003993787337094545,2955.977347101223,2697.522616084427,2.0
-580.5227661132812,79.9244613647461,3.7508087158203125,14.236531257629395,3.9105303287506104,-1.2742595672607422,-6.7157721519470215,-8.315763473510742,-5.508711338043213,-1.0625675916671753,-0.5048341155052185,-3.5900912284851074,4.963730812072754,0.17109375,0.005670649465173483,2356.5181769920177,2418.3017786373343,2.0
-688.86572265625,76.47721099853516,14.856698989868164,10.980544090270996,6.479032516479492,3.2749154567718506,-0.1095714271068573,-3.663196563720703,-3.419750928878784,-0.5000185370445251,0.7360950112342834,-0.8038442730903625,5.932499408721924,0.28741736778846155,0.0023742015473544598,2889.171827147005,2621.7208598944308,2.0
-635.6552734375,75.58143615722656,4.725364685058594,10.072528839111328,3.53071665763855,0.17456911504268646,-4.4274516105651855,-4.442236423492432,-6.016633987426758,-2.211838960647583,2.764207124710083,-4.011872291564941,4.478614807128906,0.252294921875,0.0034437188878655434,2715.228350040351,2531.8372919323174,2.0
-588.1677856445312,61.71100616455078,-3.109833002090454,3.21482515335083,-2.2765347957611084,0.08719564229249954,-12.446296691894531,-8.682144165039062,-6.921040058135986,-3.8613662719726562,-1.8058079481124878,-5.356173992156982,-0.06721772253513336,0.24065880408653847,0.007639314513653517,2847.995913349778,2629.1007506982,0.0
-668.1364135742188,53.60166549682617,-0.025392914190888405,2.62522292137146,0.5754227042198181,2.427258253097534,-6.785674095153809,-3.829434394836426,-7.984390735626221,-2.8881826400756836,2.6458327770233154,-5.155990123748779,-0.26128047704696655,0.31246619591346153,0.003210175083950162,3099.615504744505,2809.0753759181284,0.0
-687.3449096679688,59.53587341308594,3.380012035369873,7.883175849914551,0.7992297410964966,1.9860527515411377,-6.586715221405029,-6.340333938598633,-7.330500602722168,-1.662109613418579,0.29277899861335754,-4.947278022766113,1.576670527458191,0.3336050180288462,0.0032381995115429163,3048.2306554690003,2744.4563946719354,0.0
-675.7990112304688,46.82211685180664,0.16755558550357819,6.527644157409668,-1.121748447418213,1.5208419561386108,-6.341974258422852,-5.598384857177734,-4.908549785614014,-3.2167632579803467,0.5003602504730225,-3.566195011138916,0.7234312891960144,0.32299053485576923,0.003361351788043976,3047.544269159961,2833.5553768794225,0.0
-597.6766967773438,52.131675720214844,-1.0960279703140259,7.282931804656982,1.405031442642212,-0.5485012531280518,-9.22805404663086,-3.737879753112793,-6.139667510986328,-2.5949206352233887,0.1284976303577423,-7.119796276092529,-1.6237168312072754,0.28832256610576923,0.006019475404173136,3095.4134711565935,2783.240697515453,0.0
-629.7329711914062,60.27393341064453,6.458993434906006,10.585477828979492,8.614753723144531,4.525821208953857,-6.028998374938965,-2.8415071964263916,-2.46315598487854,-1.1577497720718384,0.7090252041816711,-1.6523510217666626,2.3015236854553223,0.2656512920673077,0.0040167635306715965,2887.970854116249,2760.504801278762,0.0
-551.4443359375,53.48003005981445,0.8865972757339478,3.8889071941375732,2.838070869445801,2.0249152183532715,-9.780807495117188,-6.6803879737854,-7.800721645355225,-2.32492995262146,-2.356062650680542,-6.452162742614746,1.0269029140472412,0.2771446814903846,0.008307707495987415,2882.1206027330118,2758.724211815673,0.0
-561.8219604492188,53.21803665161133,1.1262929439544678,4.086785316467285,1.7936204671859741,1.2535754442214966,-8.011978149414062,-5.8642168045043945,-8.017728805541992,-3.2617526054382324,-3.8145992755889893,-6.158234596252441,-1.4362623691558838,0.29129356971153847,0.008646407164633274,2984.5895413504204,2751.8298832868504,0.0
-738.0848999023438,45.644561767578125,5.399040222167969,10.561444282531738,-7.5365214347839355,-7.492918968200684,-4.983736515045166,-9.81267261505127,-4.8325958251953125,-3.8010361194610596,-1.7810450792312622,-5.828380107879639,-3.09346342086792,0.21228590745192308,0.0013032500864937901,2790.575861923857,2174.390965372206,1.0
-739.4700927734375,44.7659797668457,4.099470138549805,10.940993309020996,-6.812881946563721,-4.596734523773193,-6.643030166625977,-8.342013359069824,-1.9853171110153198,-3.020890474319458,-2.7658822536468506,-6.476923942565918,-2.600130319595337,0.320849609375,0.0011631363304331899,2877.224785586999,2262.8194916209504,1.0
-708.55810546875,44.39347839355469,2.02921986579895,8.411951065063477,-7.526725769042969,-3.4563512802124023,-9.294142723083496,-10.970412254333496,-3.851356029510498,-3.349088668823242,-4.107621669769287,-6.521819591522217,-3.292285919189453,0.2961162860576923,0.0017905134009197354,2970.2620555319204,2277.6039864034146,1.0
-700.165283203125,50.22773742675781,2.3851547241210938,6.666357040405273,-11.718693733215332,-3.7149906158447266,-9.272980690002441,-11.850899696350098,-2.9192442893981934,-5.377330780029297,-3.610764980316162,-6.16218376159668,-3.4153921604156494,0.2390625,0.0019409372471272945,3136.28639566125,2302.3881624970622,1.0
-682.4404907226562,47.36538314819336,0.6999518871307373,7.739467144012451,-8.556501388549805,-11.595208168029785,-10.771256446838379,-10.825553894042969,-6.104804515838623,-7.858014106750488,-5.087550640106201,-8.699919700622559,-6.781721591949463,0.1412372295673077,0.0019947357941418886,2130.9698016768984,1939.5924469037152,1.0
-750.1431274414062,44.58667755126953,4.417076110839844,12.241392135620117,-5.877095699310303,-4.77583122253418,-7.629415035247803,-8.04759407043457,-5.986730575561523,-7.048276901245117,-3.386600971221924,-7.91404390335083,-5.061403274536133,0.24332557091346155,0.0011392019223421812,2887.1997295097717,2329.125191387884,1.0
-697.1605834960938,28.119117736816406,5.920653343200684,7.8059539794921875,-8.252791404724121,-4.496614933013916,-9.933289527893066,-9.857807159423828,-5.609682083129883,-7.709686279296875,-6.214719772338867,-8.691017150878906,-5.546412944793701,0.2283428485576923,0.0020005526021122932,2622.5144585930807,1985.0269369313467,1.0
-701.3479614257812,36.642372131347656,4.268096923828125,9.469884872436523,-7.60023307800293,-6.417496681213379,-8.198243141174316,-12.735493659973145,-5.0764617919921875,-8.354999542236328,-5.758042335510254,-10.736419677734375,-5.6905412673950195,0.27534930889423076,0.0022192189935594797,2789.343770905193,2248.483152689572,1.0
-737.4491577148438,50.23640441894531,7.980480194091797,7.5793352127075195,-7.150959014892578,-6.578918933868408,-6.419436454772949,-9.696441650390625,-3.992586135864258,-2.713602066040039,-2.4375481605529785,-8.26430606842041,-3.526764392852783,0.15116060697115385,0.0007198556559160352,2520.4827242225865,2052.157028316961,1.0
-726.076416015625,38.49727249145508,3.415836811065674,9.917388916015625,-5.423000335693359,-7.814479351043701,-8.16083812713623,-9.09654426574707,-6.474462032318115,-7.189052104949951,-4.25579309463501,-10.215700149536133,-5.452729225158691,0.14045973557692307,0.0010294613894075155,2394.895677398366,1968.4725636432086,1.0
-743.3073120117188,47.15964126586914,6.534406661987305,3.5769121646881104,-7.254780292510986,-1.9071509838104248,-9.239120483398438,-9.912657737731934,-4.42216157913208,-2.584022283554077,-2.5937631130218506,-4.794061183929443,-4.233468055725098,0.18063401442307692,0.0011591510847210884,2926.257507906977,2292.32735426386,1.0
-700.9363403320312,43.792701721191406,6.8221821784973145,7.132116317749023,-9.155234336853027,-5.9574174880981445,-10.612791061401367,-12.517601013183594,-1.7132439613342285,-8.552151679992676,-3.4345622062683105,-6.867820739746094,-5.101589679718018,0.14039212740384616,0.0018687440315261483,2090.6116572221295,1745.7283331338278,1.0
-488.715576171875,34.306854248046875,-20.772972106933594,12.659222602844238,-11.49374771118164,-19.572940826416016,-6.251986026763916,-17.37809944152832,-2.500145196914673,-8.051654815673828,-8.990947723388672,1.7911943197250366,-9.325850486755371,0.25147986778846154,0.012582154013216496,3179.7721625446566,2608.4069930238284,1.0
-510.6182556152344,36.02008056640625,-14.542426109313965,0.4103626012802124,-8.449779510498047,-15.371371269226074,-6.924720287322998,-12.92387580871582,-2.2577908039093018,-6.906420707702637,-8.088879585266113,-4.415583610534668,-12.289921760559082,0.18167442908653847,0.012102791108191013,2338.481563726852,1953.331550841215,1.0
-573.1187744140625,31.251266479492188,-11.624170303344727,4.910501956939697,-8.853279113769531,-14.25228214263916,-15.748510360717773,-14.854695320129395,-2.1727077960968018,-10.555593490600586,-6.988503456115723,-4.429906368255615,-5.907563209533691,0.25738431490384617,0.006920951418578625,3106.329803486114,2222.517338689384,1.0
-574.3902587890625,30.277950286865234,-10.444074630737305,2.0186495780944824,-7.683316707611084,-14.140865325927734,-10.458094596862793,-15.204384803771973,-6.058133125305176,-9.655511856079102,-9.569234848022461,-4.678029537200928,-9.602458000183105,0.18612530048076922,0.00797299761325121,2378.9244278422157,1838.832539276476,1.0
-407.98236083984375,24.00374412536621,-39.850032806396484,-2.1755545139312744,-17.24466323852539,-26.459232330322266,-5.0406084060668945,-18.094215393066406,-7.337191581726074,-3.2323145866394043,-14.036520957946777,9.575103759765625,-1.4706968069076538,0.19149263822115384,0.030100379139184952,2637.499775847285,1946.4248458575767,1.0
-417.813232421875,23.29914093017578,-38.212791442871094,1.0946401357650757,-17.556900024414062,-21.17943572998047,-6.908833026885986,-20.509761810302734,-2.854527473449707,-9.157901763916016,-10.479345321655273,1.7765529155731201,-11.144201278686523,0.1683894230769231,0.02452809549868107,2621.3353151509486,1981.2698489543016,1.0
-397.6608581542969,14.567959785461426,-50.00188064575195,-1.9926471710205078,-15.893287658691406,-30.072866439819336,-9.80660629272461,-24.79017448425293,-4.031413555145264,-6.573266506195068,-11.934237480163574,6.515682697296143,-2.1927011013031006,0.21131310096153846,0.03562989830970764,3327.777838672624,2268.750188982273,1.0
-428.5763854980469,15.413981437683105,-35.82948303222656,-1.2833796739578247,-12.108241081237793,-26.901844024658203,-6.959019184112549,-22.797697067260742,-7.791198253631592,-8.887044906616211,-10.062774658203125,7.747781753540039,6.825685977935791,0.19209735576923076,0.0309620201587677,2808.533753829344,2038.1075178805115,1.0
-664.033935546875,53.60483169555664,7.036628246307373,17.08831024169922,-8.089343070983887,-7.452021598815918,-11.368579864501953,-10.275484085083008,-5.643143177032471,-6.818831443786621,-2.5998051166534424,-3.596554756164551,-3.4135494232177734,0.2694486177884615,0.0020159578416496515,3244.53392402008,2553.299729493336,2.0
-666.17236328125,52.839420318603516,4.138330936431885,7.832268714904785,-8.518799781799316,-6.549756050109863,-10.03221607208252,-10.090287208557129,-4.009859561920166,-8.738593101501465,-5.704433917999268,-6.60405969619751,-6.73508358001709,0.2017540564903846,0.0027245008386671543,2895.5765154713467,2357.027701878536,2.0
-650.16552734375,40.23181915283203,2.68222713470459,12.178945541381836,-10.209358215332031,-7.0327467918396,-11.44131088256836,-13.995146751403809,-1.8083456754684448,-6.9478912353515625,-3.7555465698242188,-5.506728172302246,-3.637019157409668,0.31354417067307694,0.002095684641972184,3624.477404517544,2615.4762468354716,2.0
-646.6312255859375,46.423805236816406,7.6339874267578125,10.890580177307129,-7.392550945281982,-4.516048908233643,-12.387370109558105,-12.443648338317871,-3.204712390899658,-7.421934604644775,-3.928248643875122,-4.223543167114258,-3.2854576110839844,0.3126389723557692,0.0028280296828597784,3503.3453949278073,2644.833439637597,2.0
-574.482421875,41.42970275878906,-7.968847751617432,7.277026176452637,-14.595293045043945,-7.607588291168213,-14.386343002319336,-16.696067810058594,-4.506782054901123,-6.010465145111084,-3.8545515537261963,-3.4042890071868896,-7.469879627227783,0.34325420673076923,0.0041988990269601345,3605.9767331370995,2528.3829481086927,2.0
-637.4229125976562,50.40517807006836,-8.933730125427246,11.207088470458984,-9.800121307373047,-8.335081100463867,-12.320025444030762,-14.267080307006836,-5.349723815917969,-1.8290354013442993,-5.7866034507751465,-1.196764588356018,-5.665491580963135,0.21053185096153845,0.0025331161450594664,2463.9198040241204,1916.6099485782186,2.0
-580.0910034179688,44.50575637817383,-9.565299987792969,5.582586288452148,-15.283635139465332,-11.017173767089844,-15.137494087219238,-18.345172882080078,-6.395992279052734,-7.9001145362854,-8.043660163879395,-2.4570529460906982,-7.988701820373535,0.2737342247596154,0.005291389301419258,3179.402943595405,2336.106747112782,2.0
-526.982177734375,41.850181579589844,-21.05646514892578,9.325414657592773,-17.464040756225586,-21.06459617614746,-13.165811538696289,-26.95697593688965,-6.107151508331299,-7.6625261306762695,-15.42701244354248,2.6261348724365234,-12.69501781463623,0.22684795673076924,0.008185058832168579,3041.9786282641353,2135.8718119789623,2.0
-564.7221069335938,36.022823333740234,-8.33078384399414,5.067919731140137,-14.416549682617188,-8.025110244750977,-7.3817644119262695,-11.164825439453125,-4.016901016235352,-8.633035659790039,-7.73453950881958,-7.090759754180908,-5.101670742034912,0.2582444411057692,0.0064665828831493855,3674.3278616365196,2670.165002862204,2.0
-540.8053588867188,39.55183792114258,-10.112752914428711,4.501612663269043,-14.602407455444336,-11.160327911376953,-4.784477233886719,-12.255444526672363,-5.822274208068848,-5.134192943572998,-3.0148861408233643,-5.227676868438721,-3.7934489250183105,0.20472881610576923,0.008382439613342285,2693.2923183691355,2118.029907301644,2.0
-515.75927734375,33.7418327331543,-13.33770751953125,7.406660556793213,-18.36849021911621,-14.318955421447754,-7.776651859283447,-18.53558349609375,-7.5088210105896,-8.885302543640137,-4.933533668518066,-6.439510345458984,-7.751605033874512,0.2106708233173077,0.010569073259830475,3135.6344037056606,2163.3910991505104,2.0
-497.28082275390625,37.50037384033203,-17.222814559936523,-0.8742888569831848,-19.960847854614258,-15.530351638793945,-9.826395988464355,-19.913101196289062,-9.84892463684082,-8.13060188293457,-7.805797576904297,-9.894291877746582,-6.02095365524292,0.2182091346153846,0.011470000259578228,2916.588969266562,1989.0778301804066,2.0
-324.6544494628906,32.56765365600586,-39.527503967285156,1.092934012413025,-25.532615661621094,-21.691360473632812,-4.5926513671875,-17.21490478515625,-8.46923828125,-6.098989486694336,-7.6345391273498535,3.419463634490967,-2.7370662689208984,0.17747521033653846,0.060007065534591675,2635.9182771079695,1828.0148072303214,2.0
-357.46917724609375,21.41619873046875,-37.21592712402344,-1.2362004518508911,-23.640043258666992,-23.359193801879883,-5.756415367126465,-17.96686363220215,-6.816649913787842,-2.7721645832061768,-4.98248815536499,6.626026153564453,-1.2509711980819702,0.1918682391826923,0.04186146706342697,2810.979354063485,1931.6055521335045,2.0
-333.88580322265625,20.320079803466797,-41.57807159423828,-11.059523582458496,-26.689319610595703,-22.286781311035156,-4.491108417510986,-22.899404525756836,-4.604761600494385,-4.057707786560059,-1.3083832263946533,7.224959850311279,-1.40907883644104,0.217578125,0.06442850828170776,2909.407363331675,2122.955973307462,2.0
-378.10107421875,22.652517318725586,-26.15621566772461,1.0609369277954102,-23.651731491088867,-16.05596923828125,-6.66840124130249,-22.608867645263672,-7.74006462097168,-9.81993293762207,-9.391111373901367,-3.085728645324707,-5.303483009338379,0.28682391826923076,0.03973722085356712,3884.4437693182845,2481.283992682985,2.0
-693.107666015625,42.74934387207031,4.735584259033203,18.2374267578125,-4.323493957519531,-4.669804096221924,-10.32370376586914,-10.948881149291992,-4.260177135467529,-6.205242156982422,-6.11253547668457,-6.037345886230469,-0.4970298707485199,0.23311673677884615,0.0016580604715272784,2821.5567122652483,2224.1327331836233,0.0
-628.6213989257812,40.326236724853516,-4.779269695281982,10.260897636413574,-8.972066879272461,-3.213761329650879,-9.440775871276855,-11.375414848327637,-1.2068508863449097,-4.743026256561279,-5.41789436340332,-4.627081871032715,-1.9077690839767456,0.24663837139423078,0.0021818026434630156,3627.0850582659787,2668.025210444484,0.0
-669.0860595703125,38.48723602294922,4.773940086364746,8.195528984069824,-5.519983768463135,-4.685082912445068,-12.289661407470703,-11.011518478393555,-2.224522829055786,-10.054920196533203,-5.686376094818115,-4.455806732177734,-3.3719100952148438,0.41870868389423077,0.0024902168661355972,3727.886652313034,2744.0176820984407,0.0
-631.9228515625,37.3153190612793,-6.047698020935059,10.360366821289062,-4.975975513458252,-8.884212493896484,-16.3414249420166,-14.863754272460938,0.02762768045067787,-8.359158515930176,-7.1916890144348145,-4.955510139465332,-1.189333438873291,0.3105431189903846,0.0034566246904432774,3246.963537373994,2412.9287518033284,0.0
-413.6651916503906,9.759527206420898,-37.64674758911133,-5.049357891082764,-17.421581268310547,-17.695362091064453,-6.71956205368042,-20.731605529785156,-5.671378135681152,-3.1061973571777344,-3.7686898708343506,13.982872009277344,8.389663696289062,0.21989182692307693,0.037162311375141144,2946.04604641583,2015.4229745382968,0.0
-403.8086242675781,10.552720069885254,-35.059635162353516,-1.7388601303100586,-11.759904861450195,-20.576383590698242,-4.797089099884033,-18.436948776245117,-5.1765875816345215,-2.3694095611572266,-7.335550308227539,12.41185474395752,7.619084358215332,0.2374549278846154,0.03654513135552406,3302.1771770479304,2354.107287122785,0.0
-470.1343994140625,14.933955192565918,-30.032337188720703,-4.924248695373535,-17.34221839904785,-19.001779556274414,-8.83155632019043,-23.584964752197266,-5.460835933685303,-9.292532920837402,-16.883071899414062,-1.254350185394287,-2.1713101863861084,0.2249737079326923,0.01898922584950924,3565.6511938315784,2398.2516676037803,0.0
-450.0729064941406,12.716784477233887,-34.55972671508789,-6.589832305908203,-17.52099609375,-22.189212799072266,-10.382862091064453,-22.832143783569336,-4.716925621032715,-3.3343498706817627,-13.301331520080566,1.978781819343567,1.491705060005188,0.21188401442307692,0.022701222449541092,2930.840739391588,2027.193879633018,0.0
-544.5348510742188,35.359657287597656,-5.409552574157715,4.008305549621582,-9.39922046661377,-7.576448917388916,-15.05887508392334,-14.32669734954834,-8.086597442626953,-6.995003700256348,-4.349689960479736,-7.1053996086120605,-3.503544807434082,0.27063551682692305,0.005572154652327299,3373.289776787877,2432.3039002299124,2.0
-617.4453125,49.65620803833008,-5.041385650634766,-0.9053431749343872,-10.741145133972168,-12.01062297821045,-12.52607250213623,-14.731597900390625,-5.562249183654785,-9.039864540100098,-2.5203053951263428,-3.3056156635284424,-7.838266372680664,0.219140625,0.004072563722729683,2422.107750719563,2043.8453422986267,2.0
-610.5443725585938,36.33723449707031,4.892405033111572,0.2843457758426666,-7.044851303100586,-5.323616981506348,-9.668076515197754,-9.950562477111816,-6.41641092300415,-9.153987884521484,-4.094767093658447,-3.8125171661376953,-6.614616394042969,0.24082406850961538,0.004140110220760107,3220.7085536971526,2200.516146983835,2.0
-524.146484375,48.562774658203125,-2.1950905323028564,2.1945371627807617,-17.80548095703125,-11.829700469970703,-14.360651969909668,-19.26601791381836,-9.101317405700684,-11.33541202545166,-9.09618091583252,-3.824117422103882,-7.139388561248779,0.20060096153846155,0.008869428187608719,2646.827949021965,2017.667913565979,2.0
-484.92156982421875,40.37974548339844,-22.3146915435791,8.97908878326416,-22.62921142578125,-15.499221801757812,-13.336406707763672,-23.40833282470703,-6.871599197387695,-3.0506751537323,-6.105357646942139,1.4884523153305054,-8.973258972167969,0.16197791466346154,0.011467413045465946,2631.4706680053982,1973.4283561709517,2.0
-566.8750610351562,36.90168380737305,-8.892348289489746,4.376833438873291,-16.510473251342773,-7.270033836364746,-15.912270545959473,-21.161338806152344,-3.9253997802734375,-10.127202987670898,-1.1309751272201538,-4.958400249481201,-6.9281463623046875,0.23836388221153845,0.005049780011177063,2830.2168895023547,2160.542653929576,2.0
-567.9447021484375,42.379337310791016,1.8922532796859741,4.753078937530518,-11.745429992675781,-10.414484024047852,-14.959761619567871,-12.586324691772461,-5.6795854568481445,-9.371438980102539,-7.457608699798584,-5.044292449951172,-6.588944435119629,0.2235614483173077,0.004746239632368088,2828.491331870498,2014.905578548964,2.0
-540.9644165039062,43.264495849609375,-10.353738784790039,-1.2915561199188232,-17.577659606933594,-13.908080101013184,-16.879661560058594,-24.88838768005371,-5.739510536193848,-11.08733081817627,-8.042902946472168,-3.3365890979766846,-11.38426685333252,0.17044020432692308,0.0105194803327322,2587.7791260338163,1850.2612852882303,2.0
-655.8150024414062,46.32529830932617,-7.876913547515869,7.677638530731201,-13.279268264770508,-7.531757831573486,-8.468501091003418,-9.991988182067871,-4.539361953735352,-6.814763069152832,-5.7219414710998535,-8.182024955749512,-4.166313648223877,0.19273963341346154,0.0023338531609624624,2586.206249831033,1979.8993874815128,0.0
-640.5799560546875,44.40830612182617,-9.289717674255371,3.949702262878418,-10.540426254272461,-8.836766242980957,-7.11203145980835,-8.72649097442627,-4.4457550048828125,-5.083020210266113,-5.474022388458252,-7.004148483276367,-3.6153221130371094,0.21351787860576923,0.0026177484542131424,2550.164455025366,1976.4971542722035,0.0
-657.9114379882812,34.101261138916016,-3.3511428833007812,4.311501979827881,-9.075540542602539,-8.345574378967285,-11.17180347442627,-11.104228973388672,-3.553962230682373,-8.240397453308105,-5.399066925048828,-5.29893159866333,-3.943209648132324,0.31934720552884616,0.0026931599713861942,3178.1995966438285,2285.6382172470135,0.0
-630.1035766601562,37.256324768066406,-6.908016681671143,1.7375314235687256,-10.08924674987793,-8.947114944458008,-11.13306999206543,-9.314056396484375,-3.994171619415283,-7.409423828125,-6.348238945007324,-7.140007019042969,-4.890867233276367,0.2791240985576923,0.0033090468496084213,2934.244250977544,2088.385421377645,0.0
-580.555908203125,55.218631744384766,-8.019951820373535,-0.7175236344337463,-15.318349838256836,-10.759544372558594,-2.8313255310058594,-13.307683944702148,-8.760504722595215,-5.508235454559326,-8.212379455566406,-8.673200607299805,-4.745697975158691,0.21539212740384617,0.004462472163140774,2752.5875434326867,2212.015524070188,0.0
-553.4517822265625,48.348419189453125,-17.329570770263672,-2.7367310523986816,-15.777111053466797,-13.611923217773438,-9.647994041442871,-16.304847717285156,-5.619594097137451,-8.674919128417969,-10.426973342895508,-3.359389066696167,-5.87968635559082,0.1685246394230769,0.009017126634716988,2319.4743149324354,1838.5826404765276,0.0
-556.6472778320312,39.03514862060547,-11.022007942199707,-2.003100872039795,-13.797880172729492,-13.29328727722168,-11.683087348937988,-15.551983833312988,-5.528766632080078,-9.461898803710938,-8.304287910461426,-8.627511978149414,-3.8579044342041016,0.19669095552884616,0.00616985559463501,2589.8570417399565,1873.3662427690829,0.0
-572.2470092773438,34.62199401855469,-2.7064473628997803,4.712164878845215,-10.88963508605957,-10.166772842407227,-11.333809852600098,-12.736936569213867,-5.110345840454102,-9.458890914916992,-8.834320068359375,-8.524303436279297,-4.908607006072998,0.21655649038461539,0.005138693377375603,2916.040518334953,1967.4213367671916,0.0
-615.5950927734375,75.83389282226562,-4.077097415924072,12.574734687805176,10.643834114074707,-3.4924306869506836,0.2555478513240814,-2.898559331893921,-5.023812294006348,-2.1747851371765137,-2.377023935317993,-0.1656496226787567,-1.610435962677002,0.23124624399038463,0.004862904082983732,2514.398155006301,2470.3521784361164,1.0
-629.9701538085938,77.81828308105469,-2.2936174869537354,16.297910690307617,10.262120246887207,-3.2591001987457275,3.3900442123413086,0.41973936557769775,-3.512352466583252,-1.559478998184204,-0.5165154337882996,1.3803898096084595,-0.37670406699180603,0.210791015625,0.00404743617400527,2545.5245670485865,2576.2324490772658,1.0
-612.2086791992188,82.5299072265625,0.11505033075809479,13.242630004882812,12.294946670532227,0.278402715921402,2.086669921875,-0.3535788357257843,-3.278390645980835,-2.0701096057891846,-0.46546077728271484,2.90402889251709,0.4453880786895752,0.18629432091346154,0.004940556827932596,2303.693034859503,2512.1726134916794,1.0
-613.061279296875,77.09213256835938,0.9010820984840393,13.992927551269531,10.483855247497559,-2.5732672214508057,3.1645760536193848,-3.2444918155670166,-4.551573753356934,-0.24793964624404907,-1.664773941040039,1.4530816078186035,0.5783402919769287,0.19122220552884617,0.004878533072769642,2364.3622627778254,2494.0650883470057,1.0
-628.5717163085938,86.7966537475586,2.781489133834839,14.504234313964844,10.194905281066895,-0.41757717728614807,0.6492813229560852,1.3297971487045288,-0.9114847779273987,-1.3189702033996582,0.6500402688980103,3.4699208736419678,-2.8244690895080566,0.18492337740384615,0.003028774866834283,2322.727559684686,2464.1715046644426,1.0
-620.851806640625,78.99063110351562,-0.2995671331882477,17.22077751159668,8.4500093460083,0.1869661808013916,1.4898935556411743,-3.889498710632324,0.11208873242139816,-2.714813470840454,-1.089971899986267,5.654872894287109,-3.7626113891601562,0.20580679086538461,0.003447560593485832,2589.818010965263,2445.4440256995736,1.0
-573.84375,80.0648422241211,-6.67818021774292,19.687101364135742,6.275487422943115,0.4435051679611206,1.066109538078308,-5.453681945800781,-4.170307636260986,-4.366661071777344,-3.560730218887329,7.367222309112549,-6.037169456481934,0.15509314903846153,0.003755190409719944,2537.093961733167,2283.087424813582,1.0
-615.2294311523438,76.73989868164062,5.032354831695557,13.978683471679688,10.94277572631836,0.10829350352287292,1.3612947463989258,0.05047713220119476,-3.271242618560791,-3.1333162784576416,-2.0468249320983887,4.335699081420898,-2.944171190261841,0.22013596754807693,0.0038053570315241814,2692.191123379927,2552.1991003455432,1.0
-613.912109375,81.53535461425781,1.8980520963668823,15.13254451751709,9.379155158996582,-0.2765817642211914,0.5054327249526978,0.5533865094184875,-1.1643000841140747,-3.532270908355713,0.7675800323486328,3.647153615951538,-5.061771869659424,0.166357421875,0.0038265553303062916,2575.5617875357266,2496.5847184989743,1.0
-600.98583984375,89.81574249267578,4.0419020652771,17.819917678833008,9.21839427947998,-0.49247482419013977,1.8456472158432007,0.16804973781108856,-1.996221899986267,-2.6636035442352295,0.3309183120727539,2.992677688598633,-3.094278335571289,0.12009840745192307,0.003950864542275667,1930.947833265351,2306.009144157029,1.0
-579.3880004882812,96.5574722290039,7.555429458618164,21.711177825927734,9.948576927185059,-0.5450829267501831,3.9761295318603516,-2.962611436843872,-3.542583703994751,-4.8007402420043945,-3.869488000869751,2.7243173122406006,-3.5948004722595215,0.10655423677884615,0.005131706595420837,2005.8169262093725,2157.3594809475417,1.0
-597.934326171875,74.94709014892578,4.212869167327881,19.765535354614258,8.15190315246582,5.548350811004639,1.0490926504135132,-4.163583755493164,-0.20666785538196564,-0.8520997166633606,-2.6986258029937744,4.344039440155029,-6.876692295074463,0.1378155048076923,0.0035257081035524607,2479.593872671695,2464.489293601687,1.0
-593.25048828125,78.14078521728516,-11.995633125305176,15.450398445129395,12.394643783569336,-5.8168768882751465,-0.9555693864822388,-0.6023702621459961,-7.921704292297363,0.06913628429174423,0.9885384440422058,0.2670266330242157,-0.5792952179908752,0.21160606971153847,0.0059049432165920734,2483.8642143549346,2455.996692327515,1.0
-584.8348999023438,74.66826629638672,-8.171985626220703,14.47701644897461,11.296812057495117,-4.457556247711182,1.89402437210083,-0.8416917324066162,-6.333670139312744,0.307016521692276,-0.4135383069515228,2.303858518600464,-0.6328489780426025,0.19732947716346153,0.006656717509031296,2483.695496951597,2527.804885659009,1.0
-588.6531372070312,77.55867004394531,-9.878129959106445,15.521869659423828,15.60240364074707,-0.8907691240310669,-1.8222665786743164,-2.249722480773926,-4.12495231628418,-1.6565430164337158,0.6090148687362671,1.7700614929199219,-1.0420693159103394,0.177099609375,0.005599556490778923,2265.1614678809333,2385.7853740863025,1.0
-573.1787719726562,76.03327178955078,-9.471991539001465,14.47683334350586,15.245250701904297,-3.8293583393096924,-2.7404820919036865,-0.6282637715339661,-6.8726301193237305,-3.137519359588623,-1.0457587242126465,2.978771924972534,-0.7641575932502747,0.20950270432692308,0.007132182829082012,2425.709463381891,2407.974500890222,1.0
-501.367431640625,58.10076141357422,-6.197934150695801,19.625595092773438,11.605074882507324,-0.8532559871673584,3.065239906311035,4.0615363121032715,-3.773507595062256,5.2659149169921875,0.18885204195976257,3.8625948429107666,2.4490909576416016,0.11873121995192308,0.016371717676520348,2295.120575069249,2317.436466507132,1.0
-516.5411987304688,71.63937377929688,-15.566146850585938,17.139780044555664,15.08791732788086,-5.357690334320068,0.5116384029388428,2.057817220687866,-8.083651542663574,2.1529428958892822,2.1833956241607666,1.3106874227523804,-0.38786575198173523,0.17042518028846154,0.011791666969656944,2331.6501185044044,2439.671442552498,1.0
-455.5058898925781,69.51844024658203,-15.043121337890625,14.573807716369629,12.842303276062012,-8.159914016723633,-2.298931837081909,-1.124696135520935,-10.214117050170898,1.3517524003982544,-1.7141891717910767,1.0309993028640747,-0.9136062860488892,0.15318134014423077,0.016135351732373238,2336.1778053385397,2359.662755939899,1.0
-544.7715454101562,61.60301208496094,-14.675501823425293,17.62822723388672,11.044991493225098,-5.162856101989746,-0.9122641682624817,-1.2767059803009033,-6.995912551879883,1.8467134237289429,1.433608889579773,1.7272508144378662,-1.2720603942871094,0.23729717548076923,0.010833431966602802,2803.3316346919073,2462.48182027142,1.0
-591.1737060546875,73.80982971191406,-3.114210367202759,15.90732192993164,13.261094093322754,-5.62870979309082,2.866649866104126,-2.7475929260253906,-3.893921375274658,0.6309611201286316,-2.011752128601074,-0.2680147588253021,-1.1618168354034424,0.1869854266826923,0.005788321606814861,2409.812541771894,2560.86301573409,2.0
-646.8640747070312,74.21733856201172,3.0663838386535645,18.071212768554688,17.526716232299805,-0.18277540802955627,8.148507118225098,-1.1721714735031128,-1.5037524700164795,4.785387992858887,0.9264474511146545,6.719311714172363,2.1726043224334717,0.1263446514423077,0.0038920200895518064,2206.0761219003066,2676.4717559541223,2.0
-604.8054809570312,67.0033187866211,-2.8120858669281006,15.26490592956543,15.272137641906738,0.4202263355255127,2.2099289894104004,0.1378410905599594,-1.2247241735458374,1.4348981380462646,1.0712839365005493,4.015774250030518,2.949742555618286,0.181396484375,0.005033333785831928,2435.5505058094436,2653.570762907204,2.0
-600.5917358398438,82.17130279541016,-1.614125370979309,16.86368179321289,16.64455795288086,-0.7048652172088623,2.685901403427124,-3.9408035278320312,-4.285480499267578,0.8787558078765869,-2.1658146381378174,-2.394148111343384,-2.2620253562927246,0.12642728365384615,0.004548459779471159,2110.785886558615,2420.6101647431733,2.0
-557.1918334960938,62.40896987915039,-0.8250733613967896,15.147064208984375,12.800597190856934,-0.43488609790802,2.064546823501587,-0.22084300220012665,-2.7942111492156982,1.7829490900039673,-0.24798431992530823,4.716005802154541,2.2382564544677734,0.15030423677884616,0.008823934011161327,2221.6696203940155,2370.288982038293,2.0
-547.9267578125,62.826812744140625,-1.2076588869094849,11.367168426513672,12.89360523223877,0.7996321320533752,0.9330649375915527,-0.538159966468811,-3.6730475425720215,2.3714921474456787,-0.5151495933532715,2.202131986618042,1.0390819311141968,0.16020132211538463,0.009312566369771957,2308.101994354126,2442.013924013001,2.0
-564.2158813476562,64.5393295288086,-11.273176193237305,13.670390129089355,12.886676788330078,-6.223134517669678,0.6879751086235046,-3.0793306827545166,-7.16264533996582,2.111204147338867,-4.626387596130371,-2.2280778884887695,-0.7199457287788391,0.22868464543269232,0.00695422338321805,2845.8157131412067,2536.293010616019,2.0
-577.6979370117188,71.037353515625,-2.108034610748291,15.867131233215332,16.2757625579834,1.3410381078720093,1.4076571464538574,-0.2914341390132904,-2.8631749153137207,2.7465076446533203,-1.4686166048049927,0.3768478333950043,0.11545856297016144,0.16510291466346153,0.007230137009173632,2321.2901835658267,2355.532275430164,2.0
-503.0682678222656,65.81790924072266,-8.052632331848145,13.283830642700195,9.075617790222168,-7.3242974281311035,2.869058847427368,0.2110282927751541,-7.7595014572143555,0.7911880016326904,-1.5862230062484741,0.1576714664697647,-2.288686990737915,0.17191631610576924,0.011073920875787735,2425.2462127623808,2400.5900736665094,2.0
-475.8943786621094,59.495155334472656,-10.945610046386719,6.609518527984619,3.592548131942749,-10.563069343566895,1.9660199880599976,-1.5757923126220703,-7.43184232711792,0.9154937267303467,-5.046170711517334,-0.4787577986717224,-0.7665796279907227,0.15343299278846154,0.01680593565106392,2805.975746833882,2679.722816110597,2.0
-504.2657470703125,70.79542541503906,-11.330084800720215,10.57629680633545,12.804059982299805,-9.506559371948242,2.4701032638549805,-0.953534722328186,-6.684927463531494,-1.7088196277618408,-4.170863628387451,0.06429947912693024,-0.7201047539710999,0.2131573016826923,0.012761696241796017,2641.1794041870235,2503.6597154487613,2.0
-474.3372497558594,49.962528228759766,-10.140475273132324,7.301605701446533,3.967461585998535,-9.279043197631836,0.26953500509262085,-1.3547428846359253,-10.237367630004883,2.9253551959991455,-6.08547306060791,-0.7053496241569519,-0.14466573297977448,0.21204927884615385,0.020217064768075943,2839.37233566318,2663.417045678448,2.0
-448.4856872558594,45.268123626708984,-16.370765686035156,6.752079963684082,-1.7990288734436035,-7.465076923370361,-0.8845030665397644,-2.4978768825531006,-9.534543991088867,-0.8176683187484741,-5.6815338134765625,-3.715500831604004,-1.8508188724517822,0.26680814302884615,0.02404606156051159,3233.961868288539,2573.220877054079,2.0
-408.4073181152344,54.97454071044922,-13.569869995117188,4.84165096282959,0.07556023448705673,-12.685259819030762,1.4791464805603027,-2.9914889335632324,-11.229881286621094,-0.5696561336517334,-6.227907180786133,-0.9243245720863342,-3.4726030826568604,0.20713641826923077,0.030677666887640953,2910.548595129755,2551.56698299591,2.0
-466.224609375,53.80005645751953,-7.785767078399658,11.995253562927246,11.336433410644531,-4.544421195983887,-3.852750062942505,-2.342240333557129,-6.384954929351807,-1.2091484069824219,-0.0916064903140068,1.1482738256454468,0.5511695146560669,0.19407301682692307,0.018701842054724693,2744.2751976547133,2577.881910853437,2.0
-391.1432189941406,40.798648834228516,-11.633901596069336,7.099488258361816,2.102590560913086,-11.04709243774414,-1.214966058731079,-4.555527210235596,-9.671759605407715,-3.183457851409912,-6.6246113777160645,-0.48461946845054626,-3.3357698917388916,0.20537109375,0.035219985991716385,2874.7489574310457,2615.4756903554007,2.0
-591.2454223632812,63.46165084838867,6.196557998657227,14.3048095703125,17.67913818359375,4.026777267456055,3.9975192546844482,-1.2609422206878662,-0.3062469959259033,4.000759601593018,1.3484236001968384,5.262112617492676,2.5191643238067627,0.14463641826923077,0.006505237892270088,2164.4188821429834,2495.082180048093,0.0
-558.96240234375,64.53455352783203,3.701808452606201,14.269571304321289,15.010664939880371,1.7224189043045044,-2.6786391735076904,-7.314051151275635,2.1133499145507812,7.328374862670898,0.759820818901062,3.860933780670166,4.4387030601501465,0.12154822716346154,0.007379748858511448,2276.1295022487575,2627.083472894902,0.0
-571.8568725585938,59.24960708618164,10.171902656555176,14.240718841552734,14.9513521194458,5.953839302062988,0.6539095640182495,-3.697331666946411,1.958950400352478,6.268360137939453,0.44550663232803345,1.917773723602295,3.8906362056732178,0.152880859375,0.007297256030142307,2412.039208310058,2723.1049693779732,0.0
-519.5462646484375,55.35572814941406,-3.7850639820098877,11.106006622314453,7.147396087646484,-2.458512306213379,-9.317076683044434,-12.976679801940918,-7.545085906982422,0.7452391386032104,-4.827605724334717,-4.458637714385986,-3.916844129562378,0.1637657752403846,0.007020315155386925,2942.3170393351643,2596.255386135858,0.0
-489.3265686035156,53.391910552978516,-2.8436279296875,14.792694091796875,11.49323558807373,-2.7331364154815674,1.106909155845642,0.6248605847358704,-5.094019412994385,2.36181378364563,-1.8622797727584839,-0.12116529047489166,2.5556604862213135,0.11597806490384616,0.017444981262087822,2266.440562424301,2583.4359195027732,0.0
-435.5755920410156,42.100521087646484,-6.307949542999268,14.82148551940918,7.987980842590332,-3.752943277359009,-4.394213676452637,-1.9059641361236572,-7.355110168457031,1.4966721534729004,-3.7412123680114746,-0.14577877521514893,-0.891215443611145,0.13475435697115384,0.02560907043516636,2475.602011577214,2535.893801188454,0.0
-498.4219970703125,52.05702209472656,-3.6772475242614746,15.45813274383545,13.72287368774414,-4.582690715789795,-1.0705842971801758,-1.709025263786316,-4.825413227081299,2.6982245445251465,-3.3196003437042236,-0.011944403871893883,1.945642113685608,0.14805063100961538,0.013161794282495975,2403.604784513586,2362.531108483236,0.0
-460.0036315917969,48.4602165222168,-11.754227638244629,8.820341110229492,10.366783142089844,-6.083206653594971,-2.1507949829101562,-5.954918384552002,-9.246354103088379,3.545825481414795,-3.8517446517944336,0.368484765291214,1.5338035821914673,0.150048828125,0.020915165543556213,2638.0889773147924,2600.6823145387516,0.0
-535.0491943359375,79.46370697021484,-7.154998302459717,12.187418937683105,15.553799629211426,-4.399616718292236,-6.771050930023193,-8.23520278930664,-8.080911636352539,0.47024407982826233,-6.793893337249756,-3.967863082885742,1.3249591588974,0.15177283653846155,0.006401797290891409,2489.189655244531,2366.8095484131254,2.0
-565.6339111328125,86.89726257324219,-17.911306381225586,10.529229164123535,9.603297233581543,-2.7535173892974854,-0.3294338285923004,-4.681677341461182,-5.526271343231201,0.6243419647216797,0.06621363759040833,-0.6721252799034119,-3.517000198364258,0.1972430889423077,0.00476651918143034,2578.398619350348,2344.4952259410215,2.0
-548.420654296875,88.42347717285156,-9.313435554504395,11.66187858581543,15.494465827941895,-0.3831495940685272,-7.200067520141602,-14.232850074768066,-4.648691177368164,4.361493110656738,1.304496169090271,-2.453386068344116,-2.603788137435913,0.14742713341346153,0.006417539902031422,2293.0438705657216,2238.8227993033083,2.0
-501.1656799316406,71.3343734741211,-2.507373094558716,15.234942436218262,12.846054077148438,-5.01033353805542,-1.7062889337539673,-3.0593018531799316,-9.621347427368164,-0.543194591999054,-5.517926216125488,-1.875597596168518,-2.226674795150757,0.12869215745192308,0.010406178422272205,2260.9481267882393,2341.898086593781,2.0
-493.8954772949219,68.9608154296875,-12.91667652130127,14.855271339416504,11.527621269226074,-3.5707039833068848,-1.388468623161316,-4.35286283493042,-5.694864749908447,1.2081248760223389,-2.8021743297576904,2.590615749359131,-1.4869391918182373,0.13254957932692307,0.010230155661702156,2468.840179585249,2410.2396156140353,2.0
-537.5015258789062,90.763427734375,-5.529240131378174,13.989126205444336,15.22054672241211,-0.2789672911167145,-0.6497193574905396,-6.124300479888916,-4.6392974853515625,5.1888108253479,4.375766277313232,3.3954129219055176,2.281036853790283,0.08233173076923077,0.007115688640624285,1885.1614419819266,2187.4554809312704,2.0
-525.7869262695312,72.48816680908203,-10.440472602844238,8.168360710144043,12.538592338562012,-2.6704514026641846,-1.5981781482696533,-7.3931779861450195,-2.919914722442627,0.9063840508460999,-1.5129868984222412,2.5581448078155518,1.6817817687988281,0.1480205829326923,0.010763166472315788,2030.6681751453627,2171.584076636216,2.0
-522.5667114257812,61.99510192871094,-2.5815236568450928,9.344474792480469,14.8658447265625,-1.942244052886963,-0.889836847782135,-6.927792549133301,-2.6672868728637695,1.6351672410964966,-5.321326732635498,1.11072838306427,-1.2713838815689087,0.14797926682692308,0.009931100532412529,2675.8083912556754,2639.4536380797845,2.0
-548.3738403320312,91.81410217285156,-14.114879608154297,16.377685546875,14.372357368469238,-5.786983966827393,0.5060482025146484,-2.630016326904297,-6.9868669509887695,-0.4053805470466614,-1.4419605731964111,0.27065229415893555,-3.8457190990448,0.15590444711538462,0.0073859416879713535,2074.0452872081096,2176.2249329058636,0.0
-558.70703125,70.21195983886719,-7.078284740447998,12.515850067138672,9.627570152282715,-2.3207828998565674,2.256136894226074,-3.2881038188934326,-5.549286365509033,1.5202209949493408,-0.7827105522155762,-2.1206467151641846,-3.850461483001709,0.16178260216346155,0.007184997666627169,2355.5648638533858,2464.7537304398516,0.0
-556.2237548828125,75.69364929199219,-12.331530570983887,11.339032173156738,11.328352928161621,-5.595168590545654,-1.6998947858810425,-3.8969674110412598,-9.848055839538574,0.39456072449684143,0.33043423295021057,0.35530489683151245,-4.648617267608643,0.23093825120192307,0.006681256927549839,2712.0966683041524,2390.8983655937004,0.0
-592.4915771484375,79.96658325195312,1.6761794090270996,14.753941535949707,11.500229835510254,-0.06927161663770676,0.0954364463686943,-6.798666477203369,-6.5032854080200195,2.030820369720459,-2.8191635608673096,-0.5975894927978516,-0.19019122421741486,0.15994966947115385,0.006414717994630337,2253.013772755732,2445.381992088182,0.0
-509.1418151855469,59.31011962890625,-2.001154899597168,14.954533576965332,11.720789909362793,-1.146325945854187,2.269374370574951,-0.6375516653060913,-4.428171157836914,3.821290969848633,1.050750970840454,0.11558588594198227,1.5769462585449219,0.1677471454326923,0.01605166867375374,2409.2447635315266,2596.843935684252,0.0
-546.5502319335938,67.12026977539062,-6.380308628082275,19.381704330444336,16.38195037841797,-3.5134775638580322,2.78476619720459,0.8102372884750366,-3.802086591720581,5.391147136688232,2.686335325241089,0.4796768128871918,0.6562504172325134,0.14688251201923078,0.009505612775683403,2273.6857118073385,2508.035931801223,0.0
-604.0006103515625,77.03380584716797,-0.5463505387306213,19.408283233642578,16.941370010375977,1.4329482316970825,2.7732675075531006,-2.6031737327575684,-4.4673686027526855,1.7096792459487915,0.7729851603507996,1.793375849723816,1.955701231956482,0.144091796875,0.006269047502428293,2232.0368571525305,2488.5708521863035,0.0
-533.8407592773438,71.92167663574219,-4.815613746643066,18.03426170349121,16.575544357299805,-3.3226921558380127,-2.3109352588653564,-3.881171941757202,-8.0517578125,0.005373323801904917,-2.8613834381103516,-0.11254489421844482,-0.4742299020290375,0.15187424879807693,0.00923153106123209,2422.843989529948,2474.1472718871937,0.0
-626.2952880859375,68.60100555419922,4.447244167327881,9.398248672485352,-2.9002761840820312,-10.991856575012207,-11.872447967529297,-8.069161415100098,-8.332257270812988,-2.8243680000305176,-10.491331100463867,-3.064671277999878,-3.8845460414886475,0.17146183894230768,0.003606304759159684,2152.4324730625726,1758.4263303475657,1.0
-631.8014526367188,65.7635498046875,1.823816180229187,10.474466323852539,-2.744013786315918,-12.398356437683105,-12.19965648651123,-7.89478874206543,-6.678339958190918,-2.470736026763916,-9.495030403137207,-3.417825937271118,-3.3973848819732666,0.19842998798076922,0.003822933416813612,2376.111549278408,1849.096219309487,1.0
-598.826416015625,59.7267951965332,2.127902030944824,8.631611824035645,-0.6905972957611084,-13.983524322509766,-18.21173858642578,-8.562715530395508,-7.651611328125,0.02250060997903347,-10.143218040466309,-2.924485683441162,-3.785245895385742,0.24091045673076922,0.00562299694865942,2892.5284804729863,2277.5956378666424,1.0
-609.65673828125,51.38003158569336,4.71561861038208,9.262624740600586,-0.9951709508895874,-12.013652801513672,-14.247091293334961,-9.128081321716309,-5.71958589553833,-4.681238651275635,-7.063222885131836,-1.535361647605896,-6.222887992858887,0.21139573317307692,0.005210965871810913,2736.4302203090647,1924.4189878573338,1.0
-669.8079833984375,63.38105392456055,1.186434268951416,8.168844223022461,-1.7499094009399414,-8.731260299682617,-14.38929557800293,-5.821409702301025,-3.332024097442627,-3.1524972915649414,-10.12430477142334,-3.9475464820861816,-3.629425048828125,0.1324744591346154,0.0028209411539137363,1953.797177211403,1649.9129955929168,1.0
-611.3069458007812,61.28656005859375,4.298577308654785,10.119768142700195,0.10426042973995209,-15.424174308776855,-12.594574928283691,-5.005435466766357,-5.723360538482666,-4.228931903839111,-10.428643226623535,-2.8785152435302734,-3.3603248596191406,0.11799879807692308,0.004173194523900747,1980.876381900346,1679.861820472334,1.0
-630.467041015625,51.75131607055664,8.998526573181152,10.638022422790527,0.19647686183452606,-14.341447830200195,-15.345678329467773,-7.850688457489014,-8.133408546447754,-3.557541847229004,-12.136807441711426,-2.7642531394958496,-2.7481541633605957,0.21012995793269232,0.003982326481491327,2962.4486622160553,2273.9022437739936,1.0
-609.6868896484375,50.35508728027344,5.974996089935303,11.06867790222168,-0.6883530020713806,-11.506017684936523,-15.354349136352539,-9.878484725952148,-4.6449294090271,-3.6337509155273438,-10.430489540100098,-3.8324503898620605,-3.4659996032714844,0.1885028545673077,0.004813614767044783,2639.934055988831,1924.116231248498,1.0
-606.1338500976562,60.65531539916992,-0.363369882106781,7.507527828216553,-4.2336812019348145,-10.559882164001465,-14.658341407775879,-7.740637302398682,-3.599167585372925,-4.576502323150635,-10.184713363647461,-4.056172847747803,-4.186529159545898,0.2532301682692308,0.003957235254347324,2612.6272600007346,2176.7260975801273,1.0
-574.2687377929688,61.07304000854492,-4.124685764312744,7.476373195648193,0.5490139126777649,-13.689522743225098,-11.449872970581055,-7.897469520568848,-5.868060111999512,-1.74846613407135,-12.124611854553223,-4.927682399749756,-2.3240184783935547,0.21100135216346153,0.0068124085664749146,3300.7115686380357,2424.1800152289593,1.0
-632.0560302734375,55.21630096435547,5.127658843994141,6.306468486785889,-3.523411750793457,-14.641227722167969,-17.322538375854492,-7.600317478179932,-8.650250434875488,-1.1416010856628418,-12.454730987548828,-5.506058692932129,-1.4691805839538574,0.12477088341346154,0.0037462543696165085,2075.7389565924705,1645.0432054676828,1.0
-623.5137939453125,58.850643157958984,4.593964576721191,4.545570373535156,0.1255335807800293,-14.27411937713623,-19.244380950927734,-7.123270511627197,-9.528055191040039,-2.4490268230438232,-10.828848838806152,-3.6706387996673584,-2.479326009750366,0.19772010216346153,0.003938520792871714,2727.229596833078,2047.2267966711877,1.0
-555.7012329101562,49.67595291137695,-15.464186668395996,9.084393501281738,-4.096105098724365,-11.130545616149902,-12.464466094970703,-11.865743637084961,-7.349440097808838,-0.11207862198352814,-12.413887977600098,-4.382311820983887,-0.6715617775917053,0.17005709134615385,0.00850199069827795,2371.2928578207056,1713.7476789560635,1.0
-534.8052978515625,48.100914001464844,-9.840296745300293,11.218718528747559,-3.204742908477783,-8.887133598327637,-12.537186622619629,-8.981801986694336,-4.378095626831055,-1.247459053993225,-11.241922378540039,-3.8505325317382812,-0.7035639882087708,0.33524263822115385,0.009777169674634933,3064.605791519822,2360.3906850081735,1.0
-544.2323608398438,51.47486877441406,-6.1049017906188965,9.090188026428223,0.026645483449101448,-11.84891414642334,-15.158904075622559,-10.623306274414062,-7.771657943725586,-2.4230501651763916,-11.173194885253906,-6.208683967590332,-2.419886589050293,0.27024864783653846,0.008624302223324776,3064.0400592939623,2472.4873688995567,1.0
-549.14404296875,45.41586685180664,-9.876875877380371,7.526495456695557,-1.6981064081192017,-11.698551177978516,-14.72592544555664,-12.969157218933105,-9.974225997924805,1.0659536123275757,-10.1348295211792,-7.007091999053955,-2.8740665912628174,0.18701171875,0.009010186418890953,2470.9565162573717,1667.6620178143398,1.0
-495.758056640625,46.967010498046875,-18.109270095825195,5.457516670227051,-5.426226615905762,-10.976617813110352,-13.87728500366211,-13.981345176696777,-9.06624698638916,0.7513774633407593,-12.294425964355469,-6.597704887390137,-2.4150431156158447,0.18642202524038462,0.014638136141002178,2657.2459093198304,1977.3027751636387,1.0
-426.01971435546875,37.223724365234375,-19.44621467590332,7.909497261047363,-5.0812578201293945,-14.814535140991211,-10.44136905670166,-8.767036437988281,-7.909396648406982,1.4388923645019531,-11.267183303833008,-4.956999778747559,-0.07587327063083649,0.29269080528846153,0.02364090085029602,3258.3829437378135,2472.528978790195,1.0
-479.09014892578125,37.252010345458984,-11.994513511657715,7.196951866149902,-7.54166316986084,-18.06769371032715,-18.446691513061523,-13.754475593566895,-10.379549980163574,-2.210428476333618,-15.59960651397705,-7.224108695983887,-5.259579658508301,0.2401141826923077,0.01743665337562561,3218.3697209318434,2324.7738437852972,1.0
-490.8058166503906,45.25266647338867,-12.38111686706543,6.009297847747803,-4.433902263641357,-15.428991317749023,-14.059382438659668,-12.615281105041504,-8.851181983947754,2.284815788269043,-10.614568710327148,-7.247860908508301,-0.938808798789978,0.24224759615384617,0.014365038834512234,3091.1048008905054,1980.5299693768982,1.0
-642.80322265625,52.84772491455078,0.21476370096206665,13.88109016418457,-4.399930477142334,-5.767460823059082,-13.55827808380127,-10.292635917663574,-2.676970958709717,-4.895995140075684,-9.512447357177734,-3.940791130065918,-0.6623902320861816,0.2528470552884615,0.0038030364084988832,2965.589604814466,2263.315426212887,2.0
-639.2430419921875,67.97126770019531,1.3600214719772339,11.64232349395752,-4.914758205413818,-11.534645080566406,-15.79446029663086,-11.314203262329102,-5.762478351593018,-2.8841166496276855,-11.163506507873535,-4.4000701904296875,0.2531105577945709,0.22293043870192308,0.00344958808273077,2290.32954442752,2065.7665210260557,2.0
-661.0192260742188,50.50200653076172,2.1575920581817627,9.602445602416992,1.7784360647201538,-6.629814147949219,-14.362410545349121,-10.088991165161133,-5.187082767486572,-0.8054752349853516,-10.519661903381348,-5.285852432250977,-1.380230188369751,0.2776066706730769,0.00383514235727489,2611.4048744935267,2084.3836822099233,2.0
-662.3801879882812,51.037044525146484,4.371575355529785,11.668488502502441,0.2825002670288086,-8.13722038269043,-17.42323112487793,-9.072879791259766,-6.684241771697998,-2.803478479385376,-11.42906379699707,-5.096438884735107,-3.121182441711426,0.14516225961538462,0.0035593893844634295,2134.9497542776426,1680.5655770870892,2.0
-584.9332275390625,64.89302062988281,-15.300403594970703,11.705907821655273,-1.5340254306793213,-13.895376205444336,-22.39468765258789,-19.267995834350586,-8.282543182373047,-1.6397954225540161,-13.554047584533691,-4.203798294067383,2.042576313018799,0.20353064903846155,0.005170315969735384,2529.946863600415,1992.2131999916908,2.0
-613.2861938476562,56.54598617553711,-5.922298431396484,7.084230422973633,-3.457099676132202,-9.1497163772583,-18.02571678161621,-12.312843322753906,-8.860361099243164,0.13344398140907288,-11.801712989807129,-6.742874622344971,1.007596492767334,0.15576171875,0.004422399681061506,2443.2447443234582,1773.4309433825492,2.0
-573.5390625,60.675167083740234,-2.4185988903045654,8.406513214111328,-3.174283981323242,-18.59263801574707,-23.298093795776367,-16.88117027282715,-13.096759796142578,-2.5563950538635254,-14.991311073303223,-8.39206314086914,-0.3284963071346283,0.2799842247596154,0.006925846915692091,2820.3264262659,2261.5986859607397,2.0
-563.4697265625,55.65119552612305,-10.888343811035156,6.425065517425537,-3.397613048553467,-17.902021408081055,-26.52459716796875,-13.795665740966797,-5.763021945953369,-3.595912218093872,-15.404025077819824,-6.776731491088867,0.5519031286239624,0.34067007211538464,0.007423729170113802,3158.783738356723,2169.323553314838,2.0
-461.8392333984375,49.17324447631836,-6.723848342895508,9.337122917175293,-9.811362266540527,-10.949885368347168,-8.581219673156738,-13.283802032470703,-10.257186889648438,1.7955970764160156,-9.562172889709473,-3.4515204429626465,-1.3968284130096436,0.12066932091346154,0.016462435945868492,2050.745812266544,1671.2482912665923,2.0
-437.98822021484375,46.691619873046875,-6.752598285675049,6.2056450843811035,-8.963629722595215,-12.094618797302246,-5.769381046295166,-11.538260459899902,-15.536423683166504,1.6671783924102783,-10.562023162841797,-6.586044788360596,0.1741061806678772,0.2786395733173077,0.02010202780365944,3171.5921472129044,2334.2202818619135,2.0
-488.4595642089844,42.61845016479492,-6.0843729972839355,3.052885055541992,-13.423052787780762,-8.576363563537598,-11.888558387756348,-15.374592781066895,-15.474895477294922,-1.9220370054244995,-9.580166816711426,-7.845456123352051,-4.1729254722595215,0.18176832932692308,0.015609128400683403,2798.886176814045,1901.7617894099717,2.0
-439.80865478515625,44.114051818847656,-6.5790696144104,10.149956703186035,-8.306900978088379,-11.600112915039062,-11.157015800476074,-16.14431381225586,-14.5345458984375,0.08263526111841202,-11.33560848236084,-8.14546012878418,-0.9000356793403625,0.21407001201923076,0.023664485663175583,2909.5294855060993,2086.3110495756905,2.0
-390.4136962890625,43.013641357421875,-12.39615535736084,5.302805423736572,-14.405106544494629,-15.405521392822266,-5.90507698059082,-14.418389320373535,-12.798599243164062,2.241236686706543,-12.272040367126465,-4.294772148132324,-1.0255478620529175,0.14829477163461538,0.033291179686784744,2438.1716759943583,1827.2183879019346,2.0
-386.66650390625,34.71985626220703,-22.931236267089844,2.768601894378662,-13.275899887084961,-15.947385787963867,-5.755827903747559,-17.218975067138672,-15.157055854797363,4.388156890869141,-11.064596176147461,-6.033886909484863,-2.05961275100708,0.1862079326923077,0.04590201750397682,2643.2465771755383,2006.3029089265438,2.0
-388.1233825683594,27.64529037475586,-18.967750549316406,2.6953296661376953,-10.76568603515625,-16.965709686279297,-1.6452258825302124,-19.305688858032227,-15.453383445739746,5.152740955352783,-13.482497215270996,-6.179980278015137,-5.630950450897217,0.2003455528846154,0.04990582540631294,2942.838717961917,2003.2927000029708,2.0
-397.71661376953125,28.312652587890625,-16.320688247680664,3.9443256855010986,-12.537429809570312,-17.61249542236328,-3.351823568344116,-15.475077629089355,-14.823028564453125,5.792469024658203,-12.74803638458252,-3.922691583633423,-1.691217303276062,0.23492337740384617,0.03958655893802643,3198.657223208084,2020.3425448686748,2.0
-540.8073120117188,52.168907165527344,-10.755423545837402,8.018074035644531,-5.3242034912109375,-11.41506576538086,-11.802156448364258,-14.837944984436035,-11.404702186584473,0.06406655162572861,-13.444276809692383,-10.484566688537598,3.825077772140503,0.19301382211538462,0.010081415995955467,2822.7859445213867,2168.190289300971,0.0
-581.4556274414062,47.0147819519043,-3.157794713973999,10.527541160583496,-2.8833694458007812,-4.273230075836182,-10.502132415771484,-13.388592720031738,-7.183133125305176,0.5390013456344604,-10.11001205444336,-8.408356666564941,2.9170644283294678,0.13816856971153846,0.006926515605300665,2010.8713312700418,1641.5573473880202,0.0
-555.4349365234375,44.6541633605957,-1.5665414333343506,10.647099494934082,-1.5669318437576294,-9.94870662689209,-15.67745590209961,-11.946253776550293,-5.161961078643799,-0.3718325197696686,-11.25532054901123,-4.298888683319092,1.3718745708465576,0.3205078125,0.008041245862841606,3134.6274747501593,2393.4334432183477,0.0
-523.67236328125,42.90095901489258,-6.984766483306885,4.92173957824707,-3.03633975982666,-11.377065658569336,-16.854637145996094,-16.334819793701172,-10.279875755310059,0.3957121670246124,-14.452866554260254,-9.028831481933594,1.2863792181015015,0.16387469951923078,0.010579349473118782,2531.2435546187994,1741.8768125706558,0.0
-369.82769775390625,30.90040397644043,-31.292064666748047,1.016371488571167,-14.519805908203125,-17.417308807373047,-17.167617797851562,-17.7994384765625,-13.653754234313965,-2.2760446071624756,-17.861600875854492,-10.469688415527344,6.282318115234375,0.1751014122596154,0.03824136406183243,2702.800666771379,2014.790552386331,0.0
-357.6573181152344,23.364545822143555,-32.414146423339844,0.3115300238132477,-12.313398361206055,-20.304779052734375,-16.978328704833984,-15.845462799072266,-11.657050132751465,-1.8167976140975952,-16.232662200927734,-3.1637794971466064,10.562714576721191,0.23572716346153846,0.05060576647520065,3187.6155213145594,2341.104554691119,0.0
-371.96002197265625,21.02613067626953,-34.06792449951172,-0.7205584049224854,-11.713923454284668,-21.50149154663086,-15.45966625213623,-21.046045303344727,-16.135671615600586,2.0843234062194824,-19.449811935424805,-8.299788475036621,7.72545862197876,0.247998046875,0.042907051742076874,3585.3114614322544,2402.842558004963,0.0
-368.3881530761719,27.30925941467285,-30.232101440429688,-2.0218589305877686,-10.05388355255127,-19.88836669921875,-15.96121883392334,-19.551668167114258,-12.495628356933594,2.4031994342803955,-16.301319122314453,-6.709761142730713,8.569355010986328,0.2488469050480769,0.04671525955200195,3331.8273745309266,2288.3244312872457,0.0
-586.2308349609375,57.13836669921875,-0.4627198576927185,8.734293937683105,-8.456772804260254,-3.20021653175354,-12.106499671936035,-12.766156196594238,-9.512860298156738,0.10409217327833176,-7.011762619018555,-6.2368316650390625,1.0041868686676025,0.13716947115384615,0.005406069103628397,2377.415921001652,1710.5639817184513,2.0
-572.3645629882812,58.6672248840332,-2.0066897869110107,5.990307807922363,-10.341015815734863,-3.6545987129211426,-11.354949951171875,-13.838178634643555,-7.186417579650879,-0.9678370356559753,-9.694551467895508,-6.295342445373535,-1.4085980653762817,0.16203425480769232,0.0062785400077700615,2350.795461042371,1708.0505022320551,2.0
-601.3565063476562,50.30485534667969,-0.03029562160372734,10.427492141723633,-6.147243022918701,-12.877108573913574,-15.083629608154297,-7.206094264984131,-7.3439412117004395,-7.158694267272949,-6.903383255004883,-5.246976375579834,-5.102837085723877,0.16389347956730768,0.005824731662869453,2676.527952723262,1929.3983262309075,2.0
-560.2935180664062,52.84408187866211,3.102146625518799,8.021081924438477,-3.661648750305176,-8.67437744140625,-10.80081844329834,-7.829727649688721,-7.9432759284973145,-2.296623706817627,-8.041304588317871,-3.183854341506958,-2.9546523094177246,0.2611741286057692,0.00833400059491396,2886.715572402876,1964.2116849806932,2.0
-549.9407348632812,46.791812896728516,1.0490942001342773,13.471818923950195,-7.659230709075928,-11.022720336914062,-14.744443893432617,-14.91336441040039,-7.361180305480957,0.22945252060890198,-12.268717765808105,-7.647439479827881,-1.5277396440505981,0.2838303786057692,0.005863894708454609,3200.6370968027127,2516.9658076797505,2.0
-528.3644409179688,41.87668228149414,-1.7755225896835327,13.944792747497559,-9.95229721069336,-8.995295524597168,-10.818339347839355,-12.536907196044922,-7.625211715698242,0.6324799656867981,-9.02141284942627,-6.95182466506958,-0.25288668274879456,0.1620154747596154,0.007236490026116371,2476.2542933712803,1851.0994235603112,2.0
-528.205810546875,42.51285171508789,5.986380100250244,10.834083557128906,-4.864603519439697,-12.860638618469238,-15.583484649658203,-11.982654571533203,-12.558621406555176,1.4339491128921509,-15.958038330078125,-6.0637288093566895,-2.815361976623535,0.27898512620192306,0.01102166622877121,3086.0033323320936,2102.0578343228985,2.0
-502.7608947753906,41.382633209228516,0.23028939962387085,8.795817375183105,-4.881289958953857,-17.995742797851562,-14.084039688110352,-9.387994766235352,-11.213422775268555,-2.024559497833252,-12.878610610961914,-5.457230091094971,-3.040642261505127,0.26232722355769234,0.013547427952289581,3255.3683018107204,1927.190297430069,2.0
-583.4993896484375,53.590877532958984,-10.293396949768066,5.397374629974365,-6.847273349761963,-12.535832405090332,-14.522241592407227,-9.968240737915039,-3.9129226207733154,-3.533139705657959,-11.758244514465332,-2.081639528274536,-6.456263065338135,0.15633263221153845,0.006987399887293577,2283.0378513904575,1739.5517437068424,0.0
-542.8954467773438,47.01652145385742,-7.5314812660217285,2.4320433139801025,-11.939000129699707,-14.322250366210938,-15.384840965270996,-7.0970282554626465,-8.029298782348633,-7.401377201080322,-6.812905311584473,-6.245941162109375,-8.606109619140625,0.28256084735576925,0.010361758060753345,3293.75197647753,2263.571558530574,0.0
-554.9965209960938,46.46924591064453,-7.986030578613281,4.107264995574951,-7.954544544219971,-11.979524612426758,-15.121733665466309,-13.625557899475098,-6.083240032196045,-4.257527828216553,-12.034031867980957,-2.714362382888794,-6.451240539550781,0.22558969350961539,0.011332851834595203,3368.6907493675653,2217.0597305201845,0.0
-511.7010192871094,39.105960845947266,-7.986663341522217,2.649933338165283,-10.575769424438477,-16.566341400146484,-17.26767921447754,-5.79421854019165,-9.754430770874023,-8.367116928100586,-9.311324119567871,-7.076695919036865,-8.14091682434082,0.18641075721153846,0.017083091661334038,2575.9688927387683,1868.2245938290207,0.0
-534.514404296875,51.60056686401367,-14.989317893981934,3.4053258895874023,-9.068124771118164,-10.816749572753906,-16.44434928894043,-14.029321670532227,-3.188363552093506,-4.323267459869385,-11.515060424804688,-4.956821918487549,-5.652259826660156,0.15841346153846153,0.010398238897323608,2116.7239417038268,1780.2053134737218,0.0
-510.09454345703125,51.11408615112305,-12.013947486877441,2.4402873516082764,-13.271347999572754,-14.847037315368652,-12.766779899597168,-8.841526985168457,-9.225689888000488,-6.406139373779297,-11.02454948425293,-6.423776626586914,-6.155112266540527,0.18387920673076924,0.014434878714382648,2765.6739640798955,2031.2458911401914,0.0
-477.52398681640625,47.121395111083984,-12.526679039001465,-0.30022162199020386,-7.1959943771362305,-18.102903366088867,-17.542922973632812,-13.123473167419434,-10.865633010864258,-4.701849460601807,-13.533900260925293,-3.1819026470184326,-3.4079973697662354,0.2967397836538462,0.0205409973859787,3107.76315829435,2355.756248124036,0.0
-506.9293212890625,43.69001007080078,-11.086576461791992,-0.33466410636901855,-7.993047714233398,-17.94691276550293,-17.653013229370117,-11.2346773147583,-9.833599090576172,-7.1433634757995605,-12.898591041564941,-4.960505485534668,-7.4895339012146,0.17647611177884615,0.016330869868397713,2716.462577675842,1963.7046240197299,0.0
-599.8944702148438,87.54736328125,6.770176410675049,19.490163803100586,17.939292907714844,5.78480863571167,9.822433471679688,-9.227343559265137,-7.303657054901123,6.524228096008301,-3.147543430328369,-1.340940237045288,4.595272541046143,0.12430513822115384,0.0049802749417722225,2095.900875532209,2483.193753085138,1.0
-621.337158203125,76.97674560546875,5.483367443084717,18.901460647583008,14.655370712280273,3.8328135013580322,10.483333587646484,-2.6113178730010986,-5.361201763153076,3.8752171993255615,0.6703323125839233,-0.9183124303817749,5.748079299926758,0.15189678485576924,0.004465482663363218,2219.754070119579,2595.752650720389,1.0
-607.2090454101562,79.42267608642578,7.083887577056885,17.43059539794922,12.932140350341797,4.052486419677734,10.694077491760254,-6.977813243865967,-9.367831230163574,4.097061634063721,-2.9269051551818848,-1.946040153503418,5.872889995574951,0.15465745192307692,0.00548593932762742,2268.5193504158465,2573.9247324100274,1.0
-602.81689453125,77.43838500976562,5.187429904937744,17.32961654663086,12.7109375,5.484375476837158,12.388765335083008,-8.062233924865723,-9.149622917175293,5.726931571960449,-1.2030266523361206,-0.47580260038375854,5.462883949279785,0.15495042067307693,0.0052570682018995285,2134.3992097636897,2369.6593278414607,1.0
-624.4812622070312,72.11547088623047,5.369170188903809,15.853620529174805,13.4506254196167,7.988803386688232,5.7459716796875,-4.569231986999512,-3.93180775642395,3.415123701095581,-0.4353232681751251,-1.163753628730774,5.458083629608154,0.17475961538461537,0.004151841159909964,2233.880846507234,2597.268604132852,1.0
-620.6401977539062,73.49517822265625,13.640401840209961,19.69715118408203,15.478079795837402,7.241100311279297,6.910021781921387,-3.1225993633270264,-5.465269088745117,4.656195640563965,-1.4750981330871582,-1.478073239326477,5.85308837890625,0.13720703125,0.005122784525156021,2289.934611648186,2724.741905389233,1.0
-601.576171875,78.33621978759766,15.281702995300293,21.236202239990234,11.989843368530273,8.447461128234863,9.229730606079102,-5.219230651855469,-4.420968055725098,4.874831199645996,-5.4424147605896,0.3962153494358063,2.720712423324585,0.13505108173076924,0.0056172749027609825,2188.4795114980175,2570.0711096881064,1.0
-586.5545654296875,81.645751953125,12.647994995117188,16.86321449279785,12.242433547973633,6.316209316253662,8.469388961791992,-10.012755393981934,-7.7653937339782715,7.17349100112915,-4.828208923339844,-2.8345770835876465,4.058774948120117,0.14651442307692308,0.006259760353714228,2302.510275876034,2510.6370691921684,1.0
-594.4224243164062,79.10836791992188,10.76123046875,22.468114852905273,15.810135841369629,7.045727729797363,9.0072021484375,-6.954390525817871,-3.1321449279785156,4.590415954589844,-2.429131031036377,-2.0480802059173584,4.256630897521973,0.1271484375,0.0048737176693975925,2230.07269205063,2614.185109630261,1.0
-645.6044311523438,82.9627914428711,14.180652618408203,24.853805541992188,14.526952743530273,6.416650772094727,11.756433486938477,-1.7276427745819092,-0.4426950216293335,2.663564920425415,-1.478493332862854,-0.07958409190177917,4.7805070877075195,0.14258939302884616,0.00333512295037508,2080.424419420448,2560.66520443482,1.0
-589.4754638671875,73.43594360351562,13.849610328674316,25.346986770629883,14.421433448791504,6.690098285675049,3.415364980697632,-7.682075500488281,-4.247977256774902,5.610532760620117,-6.1042938232421875,-2.693380355834961,7.264516830444336,0.17236328125,0.005483963061124086,2542.8057217653923,2617.487662501626,1.0
-651.7788696289062,87.24185180664062,16.39683723449707,21.0302734375,12.117327690124512,12.958770751953125,12.576056480407715,-3.9214956760406494,-5.302560806274414,7.196675777435303,-1.6149475574493408,1.0442007780075073,7.295703887939453,0.13804837740384615,0.0037596162874251604,2078.310399644831,2459.9977850338228,1.0
-585.76220703125,69.1236801147461,4.836792945861816,14.44375228881836,11.40778636932373,7.511013507843018,2.7495498657226562,-7.9560394287109375,-5.727042198181152,1.6068464517593384,-1.779934048652649,-2.589144706726074,3.3998172283172607,0.17406475360576923,0.006442283280193806,2269.799180056953,2569.577785215822,1.0
-552.1128540039062,65.30036163330078,-3.6330368518829346,15.887906074523926,11.502284049987793,5.954899787902832,1.265035629272461,-9.89476203918457,-7.149271488189697,6.044764041900635,-0.6021571159362793,-6.951756000518799,4.464331150054932,0.13973858173076922,0.00875591766089201,2482.4674474643793,2454.2589606158845,1.0
-550.259765625,60.55002212524414,-2.7185161113739014,13.498527526855469,9.86054515838623,0.3304755687713623,4.209184646606445,-9.59716796875,-9.605167388916016,2.1360907554626465,-2.187004804611206,-4.536768436431885,5.6238250732421875,0.20434945913461539,0.0107804574072361,2898.2474746884773,2700.871061647472,1.0
-516.8662109375,73.2823486328125,-6.960720062255859,14.361555099487305,4.139368534088135,6.207482814788818,0.8751602172851562,-19.758398056030273,-10.382407188415527,2.0512807369232178,-2.095737934112549,-7.029470443725586,4.584056377410889,0.15071739783653845,0.009691926650702953,2693.8878722579407,2431.234640246695,1.0
-463.477294921875,46.72573471069336,-1.5458728075027466,6.60406494140625,-0.3563394546508789,1.3254854679107666,-2.5286366939544678,-4.370858192443848,-7.50291109085083,-1.5861282348632812,-0.7331065535545349,-5.050760746002197,-1.6031429767608643,0.13805588942307692,0.023074952885508537,2397.457849998345,2581.023374212885,1.0
-368.0990295410156,45.291046142578125,-6.6478729248046875,4.075018882751465,-0.5510101318359375,1.1164721250534058,-3.466996908187866,-8.817461967468262,-9.364021301269531,-2.303165912628174,-2.9493608474731445,-6.172327518463135,-2.5220322608947754,0.1261493389423077,0.03897704556584358,2571.302919003254,2524.289572310269,1.0
-443.4364013671875,46.992408752441406,-8.08918571472168,5.000881671905518,-1.7479588985443115,5.3486151695251465,-6.797220706939697,-12.154510498046875,-9.906780242919922,-0.9397627711296082,-2.0077438354492188,-8.799695014953613,0.4170569181442261,0.15345177283653846,0.02230433188378811,2471.8052210580395,2286.5592386889866,1.0
-450.68951416015625,44.1474494934082,-4.497024059295654,2.2489378452301025,-0.9155911207199097,3.9395830631256104,-5.698596000671387,-11.013038635253906,-10.205789566040039,-2.2239792346954346,-4.900815963745117,-7.595796585083008,-1.6059966087341309,0.1610088641826923,0.022606762126088142,2794.38359525245,2493.5806690351787,1.0
-570.5442504882812,79.92752075195312,-5.9114861488342285,12.416967391967773,11.736430168151855,3.4970295429229736,9.152484893798828,-9.554952621459961,-11.062588691711426,4.478470325469971,3.443706512451172,-0.8543545007705688,5.511820316314697,0.15268930288461538,0.00647862209007144,2301.234630982148,2415.3475789685,2.0
-569.9166870117188,74.87720489501953,-1.5708093643188477,10.955802917480469,11.141230583190918,3.3658175468444824,8.484823226928711,-5.744261264801025,-7.1506524085998535,3.5106399059295654,0.4928648769855499,-1.357182264328003,6.1853928565979,0.1315655048076923,0.007223412860184908,2258.5302556324527,2592.9905066960273,2.0
-602.3896484375,81.14786529541016,1.5933547019958496,21.283132553100586,10.803953170776367,4.038751125335693,11.91975212097168,-7.165512561798096,-8.169108390808105,4.829712390899658,-4.901808261871338,-3.0279908180236816,6.211775302886963,0.13972731370192307,0.005143563728779554,2311.9932031069143,2348.4852777909555,2.0
-557.2088012695312,74.41316986083984,-4.519152641296387,15.434331893920898,6.606787204742432,3.1577141284942627,7.352832794189453,-5.8895158767700195,-9.229482650756836,3.5050058364868164,-1.0275789499282837,-3.436102867126465,5.827948570251465,0.14239783653846153,0.007457333151251078,2302.5656117046674,2346.89850122287,2.0
-508.3149719238281,68.764892578125,-10.103218078613281,9.620765686035156,11.303868293762207,4.028960704803467,2.226010322570801,-9.542526245117188,-9.005328178405762,8.059260368347168,2.347895622253418,-1.7858200073242188,6.7479095458984375,0.09310772235576924,0.013730249367654324,1929.2771254038344,2211.0713844495344,2.0
-523.9998779296875,66.49661254882812,-9.305140495300293,12.567276000976562,8.934222221374512,-1.524286150932312,3.3798513412475586,-6.649881839752197,-10.779072761535645,4.484965801239014,-0.6622754335403442,-2.9372546672821045,4.8507490158081055,0.12907527043269232,0.01078023947775364,2281.107306415693,2515.9013895877492,2.0
-501.6759033203125,66.3548355102539,-15.319024085998535,15.04334545135498,5.698930740356445,1.453989863395691,0.7931419014930725,-13.2130126953125,-12.467071533203125,3.2962443828582764,0.9934284090995789,-5.6647138595581055,6.816556453704834,0.15177283653846155,0.011256005614995956,2392.782750421006,2183.325122748351,2.0
-511.5106506347656,61.56609344482422,-12.341155052185059,11.109816551208496,7.394155979156494,0.6501244306564331,-1.8035554885864258,-12.186095237731934,-13.295077323913574,4.753485679626465,-1.020645022392273,-6.7837300300598145,6.434308052062988,0.15788386418269232,0.010477770119905472,2637.087527079205,2449.291112288066,2.0
-620.4640502929688,60.85219955444336,7.335948944091797,15.616567611694336,14.2945556640625,6.193863391876221,6.551252841949463,-0.2864703834056854,0.19886897504329681,3.942861795425415,0.5288872122764587,2.2558069229125977,5.814817428588867,0.19286733774038461,0.0030567620415240526,2746.4829961021996,2813.8180013772135,2.0
-565.852783203125,70.89757537841797,3.2020223140716553,15.838322639465332,10.418609619140625,3.4665699005126953,6.4767279624938965,-3.5198731422424316,-1.3010756969451904,5.233412265777588,-3.185044527053833,0.8204580545425415,4.702043056488037,0.16911433293269232,0.005503329914063215,2480.0360294456045,2619.446186587304,2.0
-532.541748046875,65.47457122802734,-5.290544033050537,17.768842697143555,10.822531700134277,-1.7552764415740967,9.727182388305664,-7.5323710441589355,-8.4053955078125,4.708191871643066,-4.7229905128479,-1.4962388277053833,7.20268440246582,0.15382737379807693,0.010179470293223858,2558.090366800837,2556.003748400585,2.0
-585.5613403320312,65.28484344482422,3.5618019104003906,18.1253604888916,12.757396697998047,4.27034330368042,7.820128440856934,-8.634654998779297,-4.487167835235596,5.215358257293701,-4.8790717124938965,-1.2912771701812744,6.815950870513916,0.19288987379807693,0.005665614735335112,2888.7784298292963,2648.645371646401,2.0
-421.7732238769531,50.87112045288086,-15.040179252624512,12.723685264587402,7.362154483795166,-3.080811023712158,2.9580416679382324,-1.9175673723220825,-9.436834335327148,2.8243563175201416,-5.534876823425293,-4.375448703765869,4.196041107177734,0.15070988581730768,0.02899918332695961,2624.9134490562465,2458.537221021129,2.0
-346.7914733886719,50.3027458190918,-19.620710372924805,11.16779899597168,4.296817779541016,-9.152833938598633,1.5194437503814697,-5.864053249359131,-13.12386417388916,5.233107566833496,-4.7584357261657715,-5.112453460693359,5.146803855895996,0.1748985877403846,0.056344933807849884,2969.221010394397,2444.525774599126,2.0
-426.283203125,55.69938659667969,-12.41523265838623,8.996675491333008,6.3062591552734375,-5.501173973083496,1.9661345481872559,-1.513134479522705,-15.165647506713867,1.6501362323760986,-5.178013324737549,-5.660153865814209,4.05410099029541,0.1677959735576923,0.036298949271440506,2553.943399868447,2370.732014809699,2.0
-385.16436767578125,51.994483947753906,-25.05436134338379,14.854251861572266,5.926078796386719,-4.865200042724609,0.5401484370231628,-8.625931739807129,-17.02342414855957,3.23502254486084,-6.156584739685059,-8.131150245666504,5.370363235473633,0.1989220252403846,0.03873731568455696,3057.8259907205615,2312.268142339582,2.0
-532.2617797851562,63.7042350769043,-3.251493453979492,10.095858573913574,15.034774780273438,11.813029289245605,3.953639507293701,-10.058134078979492,-9.249703407287598,5.329060077667236,3.355593204498291,-3.4444668292999268,4.022507667541504,0.07996544471153846,0.011204264126718044,2019.248114527726,2302.70524006488,0.0
-499.5588073730469,66.1819076538086,-4.107787609100342,10.399081230163574,10.110432624816895,6.057235240936279,3.0920708179473877,-7.943871021270752,-9.723949432373047,5.6513519287109375,3.3028674125671387,-3.590846538543701,5.94000768661499,0.08836388221153846,0.015206488780677319,2045.4036717984104,2256.1322179790905,0.0
-475.41741943359375,71.2715835571289,-11.388642311096191,10.709066390991211,11.17248821258545,5.217920780181885,1.087033987045288,-13.63847827911377,-14.441499710083008,7.318456172943115,1.5606157779693604,-4.3163886070251465,8.336395263671875,0.07688927283653846,0.0168373491615057,1951.98271542327,2143.87078357397,0.0
-401.712890625,37.35737228393555,-6.826004505157471,8.628792762756348,2.183628559112549,3.348400354385376,0.8650919795036316,-2.802217483520508,-7.590342998504639,3.445233106613159,-0.4106682538986206,-4.1055755615234375,3.074753999710083,0.12877478966346154,0.042086146771907806,2275.0076109645074,2307.7389624991292,0.0
-368.70263671875,36.354034423828125,-6.633132457733154,8.057682991027832,3.880357503890991,3.525942802429199,0.22468812763690948,-4.012500286102295,-4.851343631744385,0.9652407765388489,0.6174572110176086,-3.818234920501709,-1.0142256021499634,0.12288912259615385,0.0552753284573555,2399.2457071921144,2323.507520795237,0.0
-402.1101989746094,38.310264587402344,-10.271697044372559,6.747454643249512,4.014692783355713,0.43233373761177063,-2.6357920169830322,-2.3844923973083496,-5.83466911315918,1.104053020477295,0.9133390188217163,-4.392079830169678,2.1591720581054688,0.1318584735576923,0.03970766440033913,2215.0026172674716,2339.59142748075,0.0
-417.9752502441406,39.89404296875,-8.526508331298828,4.5555853843688965,2.560251474380493,2.7721712589263916,-3.2438275814056396,-4.429171562194824,-9.500731468200684,1.3174630403518677,0.6553460359573364,-5.471916198730469,1.138655424118042,0.13273737980769232,0.03953542932868004,2355.060100976342,2504.605982939634,0.0
-375.4463806152344,35.494991302490234,-12.071529388427734,5.952023983001709,2.5337889194488525,4.263670921325684,-5.297858238220215,-4.656063556671143,-8.48930835723877,-2.0124154090881348,2.0695743560791016,-5.489373683929443,1.8564951419830322,0.16891150841346153,0.041232578456401825,2685.6308278202036,2408.1545791242884,0.0
-562.2911376953125,63.876373291015625,2.551140785217285,17.670442581176758,7.779866695404053,3.2917418479919434,2.9900572299957275,-1.4497344493865967,-4.836546421051025,4.5270094871521,-1.8948347568511963,-1.2175309658050537,2.773073434829712,0.1690692608173077,0.006357647944241762,2424.7057184134333,2546.5038095457344,2.0
-583.0973510742188,70.39962768554688,11.320687294006348,19.06964683532715,11.622979164123535,5.279528617858887,4.643272399902344,0.6872092485427856,-4.0676116943359375,3.881831169128418,-1.4029937982559204,-1.3080167770385742,4.3601555824279785,0.1292705829326923,0.007725166156888008,2140.8056980196757,2507.4978789811917,2.0
-557.2531127929688,56.654319763183594,5.512588977813721,15.199151039123535,10.36142349243164,5.38322639465332,4.391664981842041,-5.3097243309021,-5.756555557250977,5.647919178009033,-3.2818782329559326,-3.0696792602539062,4.131948471069336,0.17068434495192308,0.007373913656920195,2555.751890741427,2610.9443153165234,2.0
-575.7745361328125,67.95374298095703,4.563739776611328,15.433252334594727,7.98942232131958,11.050701141357422,10.299750328063965,-6.884725093841553,-7.324527740478516,9.12794303894043,-3.597747802734375,-2.2564332485198975,5.514399528503418,0.170947265625,0.004967660177499056,2522.557758773332,2513.4261646766054,2.0
-492.3033752441406,45.323089599609375,6.365559101104736,11.717733383178711,3.886603355407715,2.920999765396118,-6.217679500579834,-2.344146251678467,-5.266408920288086,3.6443755626678467,-8.398970603942871,-0.5593188405036926,2.240143299102783,0.16455829326923077,0.013275728560984135,2694.525074403947,2765.241616754156,2.0
-493.1223449707031,53.83724594116211,5.704611301422119,9.677978515625,5.760321140289307,3.0772767066955566,-8.091346740722656,-4.072602272033691,-7.241434574127197,3.2505502700805664,-8.50992202758789,-2.7318763732910156,2.2775635719299316,0.1478252704326923,0.011347031220793724,2475.2321010730193,2589.0164386613524,2.0
-477.12127685546875,32.71784591674805,4.2030816078186035,13.34848403930664,2.799497604370117,8.547975540161133,-8.02293872833252,-8.573710441589355,-12.032251358032227,5.3058271408081055,-6.132801532745361,-2.542611837387085,2.5245893001556396,0.20518704927884615,0.009836051613092422,3412.75952966518,2670.8451376272546,2.0
-498.59375,37.25322341918945,9.30538272857666,13.407804489135742,5.39702033996582,8.792631149291992,-4.9200592041015625,-8.510128021240234,-7.247348308563232,3.3739147186279297,-7.109571933746338,-3.6310036182403564,2.227924346923828,0.1671123798076923,0.011035400442779064,2861.259670052215,2578.2953882291536,2.0
-538.1460571289062,48.29006576538086,-3.024672746658325,7.862289905548096,5.4853057861328125,2.8010916709899902,0.2611217796802521,-5.920596122741699,-6.672759532928467,-0.9386575818061829,-2.4221127033233643,-6.4787397384643555,1.140821099281311,0.182568359375,0.009690148755908012,2635.020578633921,2745.931144486152,0.0
-527.1126098632812,52.96424102783203,6.5268683433532715,14.011600494384766,4.952827453613281,7.048945903778076,5.198801040649414,-2.0346171855926514,-3.452479839324951,2.3783230781555176,0.057292528450489044,-1.5132819414138794,3.1331586837768555,0.1379920372596154,0.01074573677033186,2263.8570285886576,2548.719339135114,0.0
-531.9888916015625,43.81565475463867,5.704979419708252,12.382909774780273,1.3353581428527832,8.996610641479492,1.0901448726654053,-8.404293060302734,-7.35048246383667,1.7717559337615967,-2.8014912605285645,-6.697494983673096,-0.6199503540992737,0.1846416766826923,0.007355664391070604,2667.602701132999,2728.633381019105,0.0
-541.1162109375,61.03180694580078,1.7195500135421753,11.94615364074707,2.8389110565185547,9.493185043334961,4.362055778503418,-8.558890342712402,-8.915761947631836,4.809783458709717,0.7187860608100891,-3.1464881896972656,1.3233507871627808,0.124462890625,0.008734112605452538,2280.3278227960823,2432.262027864024,0.0
-472.3008728027344,41.440460205078125,3.6486656665802,13.986523628234863,3.411367654800415,3.7549076080322266,3.5016462802886963,1.083180546760559,-1.8229146003723145,0.5924188494682312,0.4305955171585083,-3.2164528369903564,-2.099576473236084,0.11102388822115385,0.015440452843904495,2455.6962273112845,2743.3241277894954,0.0
-442.1945495605469,47.058631896972656,1.5282864570617676,10.998863220214844,4.2032151222229,6.946295738220215,2.151621103286743,-3.247223377227783,-4.228461265563965,2.281395196914673,1.569861650466919,-2.6605238914489746,2.235776901245117,0.1261681189903846,0.01673530973494053,2440.477660289218,2510.8580857109287,0.0
-428.8271179199219,38.21101760864258,5.44714879989624,10.090400695800781,-2.1040267944335938,2.2609071731567383,0.2240009307861328,0.5378736257553101,-5.416625499725342,0.33272838592529297,-1.04937744140625,-4.782146453857422,-2.244877576828003,0.12503004807692308,0.021733377128839493,2271.624992710115,2577.3855262222773,0.0
-434.1892395019531,37.78276062011719,5.017475605010986,7.722391605377197,-1.657647728919983,3.516785144805908,-1.519404649734497,0.8518818020820618,-6.012078285217285,-0.6482721567153931,-0.0828341543674469,-4.605570316314697,-1.7720814943313599,0.1657940204326923,0.02178851142525673,2640.2943176418944,2626.9469543824994,0.0
-723.7293701171875,62.77517318725586,7.126522064208984,11.496525764465332,0.507234513759613,-6.2663984298706055,-2.118288516998291,-16.131820678710938,-8.004228591918945,-1.9225807189941406,-1.3289270401000977,-6.437323570251465,-6.510851860046387,0.24546649639423077,0.0020548859611153603,3144.341972939259,2399.2646945167107,1.0
-710.1734619140625,66.07310485839844,7.297294616699219,9.079090118408203,0.08509568125009537,-5.358564853668213,-1.9038447141647339,-16.555130004882812,-6.159785270690918,-3.198776960372925,-2.094388008117676,-6.6754631996154785,-7.816102981567383,0.2065655048076923,0.002424337901175022,3079.152893611041,2490.7492603923365,1.0
-732.6614379882812,54.99531936645508,14.523397445678711,7.398458003997803,-4.076394081115723,-3.81015682220459,1.6530550718307495,-14.956748008728027,-8.246390342712402,-2.295051097869873,-3.5395684242248535,-3.508861780166626,-7.606201171875,0.24926382211538461,0.002122697187587619,3369.103839868493,2637.8280050012204,1.0
-733.951904296875,66.683349609375,6.167519569396973,6.795860290527344,-3.037364959716797,-2.8662095069885254,-3.46501088142395,-15.800060272216797,-9.143535614013672,-0.10901454091072083,-2.4716622829437256,-5.178150653839111,-3.6578125953674316,0.3161846454326923,0.002239628927782178,3162.359788968116,2453.2697798455993,1.0
-664.3951416015625,52.497703552246094,3.883107900619507,10.247319221496582,-0.4375002086162567,-6.196351528167725,-0.8753725290298462,-14.785186767578125,-7.035702228546143,-4.5476460456848145,-4.113229751586914,-6.148728370666504,-4.865612506866455,0.2588716947115385,0.0030491750221699476,3289.2093845903532,2684.750177457438,1.0
-677.7726440429688,58.70114517211914,0.05058898776769638,13.03653621673584,1.0663354396820068,-5.640608310699463,1.4382621049880981,-15.357897758483887,-5.009925365447998,-3.6304094791412354,-2.0138745307922363,-6.626158237457275,-6.485829830169678,0.26279296875,0.0027153841219842434,3076.29250630528,2631.0913446595255,1.0
-652.9891357421875,59.92856216430664,10.299077033996582,6.17917537689209,2.47232985496521,-1.8894379138946533,-2.0533063411712646,-14.900214195251465,-6.254891395568848,-6.7339348793029785,-5.258657455444336,-5.940637111663818,-7.587523460388184,0.2315692608173077,0.003956236876547337,2966.597127533795,2562.0064700042435,1.0
-653.2661743164062,55.31925582885742,12.147786140441895,5.116469860076904,4.176635265350342,-3.443526029586792,-0.4311301112174988,-14.883174896240234,-7.060241222381592,-5.206204414367676,-5.6132988929748535,-4.977368354797363,-6.87904691696167,0.245751953125,0.0038157054223120213,3216.290641752978,2670.931633080841,1.0
-676.8562622070312,51.55250549316406,3.374561071395874,12.512846946716309,-0.743491530418396,-6.436408519744873,0.9160701036453247,-16.224477767944336,-7.691213607788086,-5.408034324645996,-5.899123191833496,-6.102702617645264,-7.987030506134033,0.2558781550480769,0.0028150598518550396,3180.590775584427,2679.9558710039637,1.0
-676.7496337890625,58.70977783203125,8.433990478515625,14.809959411621094,2.143064498901367,-6.256206035614014,0.5778252482414246,-13.603387832641602,-7.608725070953369,-3.769685983657837,-4.507866382598877,-5.506094455718994,-6.512034893035889,0.21825796274038461,0.002553698606789112,3121.935318221971,2606.0074720726534,1.0
-668.8794555664062,53.992618560791016,9.803868293762207,7.517777919769287,3.4322986602783203,-3.4055583477020264,-0.8339419364929199,-15.372742652893066,-5.720241069793701,-4.515453338623047,-3.858123779296875,-5.539795875549316,-8.659852027893066,0.22000450721153847,0.003152487799525261,3177.958727840882,2713.8427202379817,1.0
-665.064453125,52.51799774169922,7.849273204803467,3.47369384765625,2.843315601348877,-4.667105674743652,-0.10079959034919739,-15.926513671875,-5.617898464202881,-6.121969699859619,-6.181706428527832,-5.950174808502197,-8.052459716796875,0.22657752403846154,0.0035067067947238684,3391.8114459323874,2674.067316773244,1.0
-604.6996459960938,50.942100524902344,-12.086589813232422,2.3420684337615967,-0.8134447932243347,-7.338263034820557,-3.556497573852539,-16.776805877685547,-8.517619132995605,-6.7397942543029785,-6.474607467651367,-5.978460311889648,-7.36043119430542,0.26758939302884616,0.006517813540995121,3247.313284536493,2613.3967212188586,1.0
-605.9945678710938,47.229557037353516,-15.655606269836426,5.379820346832275,-0.6033612489700317,-10.730181694030762,-8.497611999511719,-19.47941780090332,-6.893841743469238,-1.4424387216567993,-5.704290390014648,-8.408141136169434,-6.937989711761475,0.3339881310096154,0.005484041757881641,3212.3143771521623,2540.096371410516,1.0
-641.1189575195312,56.49565887451172,-8.107155799865723,6.220963001251221,0.4505158066749573,-5.754483222961426,-5.33108377456665,-18.238506317138672,-8.342758178710938,-5.732708930969238,-6.395538806915283,-6.087475776672363,-8.024242401123047,0.2688551682692308,0.004387369845062494,3034.870823911863,2433.9140056498163,1.0
-617.6373291015625,49.423885345458984,-4.8896660804748535,5.2316575050354,-1.7758268117904663,-12.39175033569336,-6.885591983795166,-17.321107864379883,-8.66079330444336,-5.433537006378174,-7.655447006225586,-8.582305908203125,-8.802660942077637,0.24266451322115384,0.005180851090699434,3315.887893388254,2631.072594006556,1.0
-385.31329345703125,13.918381690979004,-29.112079620361328,-9.312213897705078,-9.148680686950684,-11.147006034851074,-7.946706771850586,-8.885333061218262,-15.692070960998535,-2.1135823726654053,-9.50852108001709,-5.179704666137695,2.2101614475250244,0.2378605769230769,0.04410775005817413,3103.218664824585,2513.411848145255,1.0
-387.91229248046875,24.46833610534668,-29.31252670288086,-5.353546619415283,-7.507139205932617,-8.826445579528809,-8.186984062194824,-8.987211227416992,-14.333242416381836,-0.8810107707977295,-10.918349266052246,-7.24898099899292,2.2771782875061035,0.2152644230769231,0.034379661083221436,3229.1314079688495,2506.4783083803086,1.0
-417.1511535644531,20.293216705322266,-42.03233337402344,-4.660475254058838,-7.815553188323975,-16.930166244506836,-15.59950065612793,-14.152442932128906,-16.698932647705078,2.179757833480835,-9.002910614013672,-10.381115913391113,2.3287556171417236,0.2045635516826923,0.03201167657971382,3358.168231035994,2450.504377704261,1.0
-377.7025451660156,10.219001770019531,-32.561344146728516,-10.306705474853516,-10.007179260253906,-13.339386940002441,-11.173239707946777,-11.961255073547363,-13.044652938842773,0.3946189284324646,-10.913382530212402,-5.702081680297852,0.3527066707611084,0.24183067908653846,0.0471818782389164,3393.732356169168,2509.53060810381,1.0
-612.8161010742188,61.944454193115234,-10.151140213012695,1.6114041805267334,-0.10689717531204224,-13.822127342224121,0.6301251649856567,-14.234177589416504,-14.627656936645508,-3.591481924057007,-3.700671434402466,-8.130928993225098,-4.127163410186768,0.22404597355769232,0.005822022911161184,2969.2103659949744,2478.223183495927,2.0
-623.709228515625,59.40984344482422,-7.02911901473999,-1.6135576963424683,-6.13918924331665,-9.849520683288574,0.19527728855609894,-13.707159042358398,-15.161235809326172,-2.26401686668396,-4.664727210998535,-9.925080299377441,-4.308990001678467,0.2757399338942308,0.005219918675720692,3262.1767501433615,2443.332306622212,2.0
-668.6004028320312,53.97671890258789,9.533980369567871,1.759257197380066,-3.2659225463867188,-5.639610767364502,1.3171175718307495,-16.200490951538086,-9.192341804504395,-4.229011058807373,-6.600886344909668,-6.0257039070129395,-7.8651604652404785,0.3036545973557692,0.003516096854582429,3230.8917984863524,2643.23209535426,2.0
-645.968505859375,59.03311538696289,5.182912349700928,-0.13843218982219696,-2.8155367374420166,-6.071016788482666,-0.1599399298429489,-17.161849975585938,-13.098907470703125,-2.9269087314605713,-7.397136211395264,-5.259457588195801,-6.889222621917725,0.22719350961538462,0.00467777019366622,3093.616998531237,2540.3973191691366,2.0
-467.03802490234375,34.48768997192383,-36.81465530395508,-9.082801818847656,-16.500368118286133,-16.963626861572266,-14.0648775100708,-18.488916397094727,-22.8394832611084,-7.348989963531494,-0.8405311107635498,-13.050790786743164,5.816570281982422,0.2319073016826923,0.021154556423425674,3104.3308422291957,2285.2225384105786,2.0
-442.28448486328125,36.08347702026367,-33.15692901611328,-3.645355701446533,-13.306121826171875,-19.756650924682617,-17.04910659790039,-21.379627227783203,-23.57375717163086,-6.471179962158203,-2.829080581665039,-15.914021492004395,1.3869520425796509,0.2056603064903846,0.02133205160498619,2881.711338636489,2371.72825800519,2.0
-458.5313720703125,44.160404205322266,-29.724658966064453,-10.653207778930664,-6.404607772827148,-25.22946548461914,-16.31922721862793,-22.651689529418945,-25.488525390625,-2.692929744720459,-2.950019359588623,-18.090200424194336,-1.989571213722229,0.24368990384615385,0.020345183089375496,2948.275851511951,2344.104380910543,2.0
-452.27032470703125,36.82362365722656,-32.83547592163086,-8.798897743225098,-8.482111930847168,-23.166608810424805,-16.216203689575195,-17.397232055664062,-26.90228843688965,-1.5388249158859253,-3.680854320526123,-18.746427536010742,2.007037401199341,0.2335223858173077,0.018100326880812645,3120.2950155630047,2361.6823274435005,2.0
-499.6850280761719,59.03649139404297,-28.768089294433594,-0.03906320407986641,-11.686059951782227,-14.284895896911621,-5.8813934326171875,-18.462976455688477,-18.96487808227539,-0.7073695063591003,-5.689372539520264,-7.567468166351318,-4.954279899597168,0.22770432692307693,0.011425514705479145,3214.436784939372,2240.762722024586,2.0
-509.9283752441406,51.5626335144043,-16.733352661132812,5.23115348815918,-11.638065338134766,-6.710917949676514,1.145990252494812,-18.525625228881836,-17.67738151550293,-2.098224401473999,-4.3692216873168945,-4.914025783538818,-6.830472469329834,0.24786283052884617,0.008486556820571423,2986.3359598328684,2409.878333096788,2.0
-514.9398803710938,45.29736328125,-12.324271202087402,-1.7019598484039307,-9.187901496887207,-10.667303085327148,-4.881023406982422,-15.66025161743164,-17.671913146972656,-4.610772132873535,-6.219336986541748,-6.364577293395996,-7.002800464630127,0.30935997596153847,0.014034044928848743,3318.970407226938,2421.3018302304777,2.0
-533.8284912109375,54.08616638183594,-17.603864669799805,-4.142294883728027,-10.403043746948242,-12.319585800170898,-4.283448219299316,-15.378205299377441,-17.395709991455078,-6.122636318206787,-5.0509138107299805,-8.104837417602539,-7.413058280944824,0.23773662860576922,0.011108620092272758,3431.468957381711,2348.607343510166,2.0
-362.7860412597656,3.6968204975128174,-38.46601867675781,-5.639767646789551,-18.80756187438965,-11.873412132263184,-7.80171537399292,-5.787679195404053,-14.15304946899414,-6.689964771270752,-7.119410037994385,-8.794447898864746,2.137953281402588,0.38329326923076923,0.0662040263414383,3637.9611860670275,2541.46104420505,2.0
-342.0546875,-6.709112167358398,-40.72216033935547,-8.79524040222168,-20.997407913208008,-5.118760585784912,-8.416571617126465,-5.8339691162109375,-11.9020357131958,-8.137563705444336,-7.186288833618164,-1.0853021144866943,12.174331665039062,0.2707707331730769,0.08514697104692459,3858.0140480033006,2556.4201052536873,2.0
-346.2803955078125,-5.139055252075195,-40.682254791259766,-12.267936706542969,-21.117225646972656,-9.047783851623535,-10.491875648498535,-7.555314064025879,-13.03876781463623,-4.732649803161621,-11.001425743103027,-10.244720458984375,5.261375427246094,0.32390700120192306,0.07595019042491913,3814.3470635426966,2493.573232200267,2.0
-333.80419921875,-2.1158900260925293,-37.9757194519043,-12.588135719299316,-21.63451385498047,-6.904029369354248,-6.501306056976318,-7.807028770446777,-14.462977409362793,-4.245920181274414,-8.152688980102539,-7.24273681640625,5.530182838439941,0.3193396935096154,0.07802373915910721,3874.6518679727187,2581.062637469144,2.0
-548.6507568359375,50.022491455078125,-14.112984657287598,-8.751846313476562,-4.969020843505859,-10.650100708007812,-3.603059768676758,-16.49737548828125,-12.404640197753906,-0.7276973128318787,-3.6020114421844482,-9.879359245300293,-1.8372427225112915,0.26330754206730766,0.009667105041444302,3096.425275418911,2569.8696200345576,0.0
-577.0533447265625,44.20100784301758,-13.649580001831055,-3.5170156955718994,-1.7542184591293335,-8.955291748046875,-4.1851983070373535,-12.119939804077148,-12.11277961730957,-5.869935035705566,-0.836033046245575,-10.299273490905762,-0.24039030075073242,0.31705228365384613,0.008155161514878273,3380.233160215529,2698.295985561314,0.0
-573.3687744140625,44.303489685058594,-1.46967351436615,-2.2340550422668457,-0.8129993081092834,-5.767969131469727,0.22259797155857086,-14.06704330444336,-11.548437118530273,-1.2701411247253418,-4.234811305999756,-7.514364242553711,-0.79588383436203,0.21875,0.006873149890452623,3320.243545907727,2623.5158487952376,0.0
-545.6253051757812,56.87743377685547,-11.454171180725098,-4.398190498352051,-0.6022059321403503,-9.24666976928711,0.007220928557217121,-18.977062225341797,-12.705842971801758,0.20954672992229462,-4.602039813995361,-8.837119102478027,-0.5066168904304504,0.21792743389423078,0.008412006311118603,2832.5354574794137,2522.486685047598,0.0
-432.9915466308594,29.700634002685547,-31.991308212280273,-11.067936897277832,-8.528060913085938,-13.349356651306152,-9.927507400512695,-13.091924667358398,-22.285974502563477,2.2175254821777344,-2.1758227348327637,-14.27576732635498,-0.6757946014404297,0.3127140925480769,0.021658265963196754,3483.1937627250554,2635.285809356782,0.0
-435.8654479980469,25.871267318725586,-27.61193084716797,-8.526001930236816,-11.397601127624512,-14.448540687561035,-11.049306869506836,-11.0545072555542,-18.5225887298584,-1.1491888761520386,-1.5976046323776245,-11.709640502929688,-2.2601232528686523,0.26672175480769234,0.03178100660443306,3280.933618733329,2583.672072886507,0.0
-468.25390625,31.64600372314453,-17.66778564453125,-7.365148067474365,-5.315861225128174,-10.154325485229492,-10.678511619567871,-15.791732788085938,-16.51791763305664,1.5967371463775635,-4.105187892913818,-11.44977855682373,-2.1143882274627686,0.27177734375,0.015574004501104355,3570.714881613753,2717.2944237951665,0.0
-431.8612365722656,26.345043182373047,-30.044330596923828,-11.670654296875,-7.863207817077637,-16.39562225341797,-10.74006462097168,-13.309744834899902,-22.44748306274414,-0.9498555660247803,-3.9826602935791016,-12.023018836975098,-1.9080097675323486,0.27421875,0.02399994432926178,3325.58927198965,2558.547618210472,0.0
-599.8311767578125,53.83525085449219,1.3124245405197144,7.582139015197754,-8.649283409118652,-5.870357513427734,-4.855787754058838,-9.47804069519043,-14.344841003417969,-5.973697662353516,-1.3880913257598877,-8.019866943359375,-3.5936646461486816,0.2604229266826923,0.006024723406881094,3201.545660182481,2479.7712409487235,2.0
-514.66259765625,57.479515075683594,-9.97130012512207,0.7151646614074707,-10.354879379272461,-8.897327423095703,-4.249485015869141,-12.999048233032227,-17.158695220947266,-1.5600318908691406,-3.9095847606658936,-12.150436401367188,-2.293159246444702,0.18985501802884616,0.01028432883322239,3083.706326755609,2359.9450734032966,2.0
-548.0323486328125,50.66619110107422,-7.241698265075684,-6.09588623046875,-7.181280612945557,-6.25606107711792,-10.29341983795166,-14.491024017333984,-13.733569145202637,-3.1968185901641846,-3.0890653133392334,-9.70110034942627,-3.136488437652588,0.3205528846153846,0.008926437236368656,3570.864687772323,2439.6168413032183,2.0
-553.5048217773438,39.83537292480469,-1.8872634172439575,-5.11271333694458,-2.012770175933838,-8.481986045837402,-10.844767570495605,-16.330547332763672,-15.246718406677246,-3.373281240463257,-5.274238586425781,-9.045716285705566,-2.949301242828369,0.23512244591346154,0.008565732277929783,3588.4412224278844,2388.5672475820656,2.0
-504.44482421875,19.0526180267334,-21.781932830810547,6.407686710357666,-10.652674674987793,-10.108400344848633,-7.5529584884643555,-15.540352821350098,-17.123693466186523,-4.622495174407959,-6.536340713500977,-7.695047855377197,-4.516571521759033,0.34973707932692305,0.016026422381401062,3639.321552276975,2544.4210734170056,2.0
-497.1817321777344,29.550371170043945,-16.713165283203125,4.916853904724121,-12.413797378540039,-10.023286819458008,-6.4597015380859375,-15.558935165405273,-18.83437156677246,-4.025473117828369,-9.216796875,-10.211786270141602,-5.049740791320801,0.23155048076923077,0.014283372089266777,3391.6800321844853,2513.041353174169,2.0
-522.169189453125,32.29692077636719,-10.944127082824707,-4.0467634201049805,-5.475808620452881,-10.48135757446289,-10.961703300476074,-14.208961486816406,-16.039104461669922,-0.8821810483932495,-7.17687463760376,-6.906657695770264,-2.622725009918213,0.3313739483173077,0.011858126148581505,3830.06080868578,2620.108220108095,2.0
-498.50762939453125,22.518415451049805,-14.499878883361816,-3.7047672271728516,-9.181909561157227,-11.856607437133789,-10.732754707336426,-15.139925003051758,-17.937040328979492,-3.0886685848236084,-7.182949542999268,-10.903088569641113,-4.1291351318359375,0.36299954927884615,0.014969672076404095,3972.433938871989,2665.926912985354,2.0
-636.6201782226562,52.446083068847656,-5.011652946472168,4.646026611328125,-4.549955368041992,-11.5912446975708,2.2066869735717773,-20.185548782348633,-11.293435096740723,-10.110708236694336,-9.237285614013672,-6.792194843292236,-7.95297384262085,0.29681114783653845,0.004156665410846472,3210.1115338050367,2681.6828174416905,0.0
-642.4948120117188,55.25801467895508,9.447321891784668,3.207892894744873,-5.700100421905518,-7.6331400871276855,1.7962937355041504,-16.68768310546875,-10.802416801452637,-7.472668647766113,-6.797782897949219,-7.2229228019714355,-6.745865821838379,0.3098670372596154,0.004074402619153261,3079.875427532652,2775.4678072917413,0.0
-600.0010375976562,44.347328186035156,10.103808403015137,-4.930972099304199,-3.347249746322632,-9.152132987976074,2.4872922897338867,-16.445886611938477,-11.563133239746094,-7.848605632781982,-10.754111289978027,-7.240640163421631,-9.20837688446045,0.24006911057692307,0.006114303134381771,3546.2537465960713,2775.471520157205,0.0
-638.9625244140625,47.272216796875,7.357541084289551,2.449021100997925,-0.7224977016448975,-4.293219566345215,2.229800224304199,-12.439366340637207,-10.184349060058594,-7.665403842926025,-9.448362350463867,-6.9445977210998535,-8.785242080688477,0.3310847355769231,0.003957509994506836,3451.3588671759417,2792.7731756044245,0.0
-554.8567504882812,38.17247009277344,-6.792403697967529,0.941717803478241,-2.77408766746521,-1.3249362707138062,3.38173508644104,-9.584121704101562,-9.31972885131836,-6.790038108825684,-7.1212239265441895,-3.783818006515503,-5.125048637390137,0.2600811298076923,0.006314817816019058,3420.144114837164,2771.6510682185153,0.0
-566.642333984375,37.249820709228516,0.954136848449707,-0.636572003364563,-8.639253616333008,-3.6582703590393066,4.464732646942139,-9.865721702575684,-12.869787216186523,-8.53822135925293,-8.355813026428223,-5.701380252838135,-7.474499702453613,0.28099083533653846,0.007248714566230774,3436.210751318035,2814.3002780182433,0.0
-521.3482666015625,39.34352493286133,6.000184059143066,-2.236511468887329,-7.048045635223389,-9.626901626586914,0.6402709484100342,-16.427213668823242,-17.236909866333008,-10.620515823364258,-12.995366096496582,-8.013611793518066,-8.564339637756348,0.28162560096153844,0.010139796882867813,3600.15960542949,2737.668956982224,0.0
-546.2988891601562,32.67025375366211,-0.03035970777273178,-0.34542563557624817,-7.9166646003723145,-1.6410975456237793,3.412034034729004,-7.811561107635498,-9.746847152709961,-6.8127665519714355,-7.570618629455566,-4.929376125335693,-5.316798686981201,0.2654634915865385,0.007296936586499214,3638.542166668103,2772.0318366890397,0.0
-700.4806518554688,84.51793670654297,11.68451976776123,18.906673431396484,6.701589107513428,7.252590656280518,2.8243672847747803,-4.111362457275391,-7.952827453613281,-0.0982053279876709,1.208085298538208,-3.4227988719940186,6.301161766052246,0.19747220552884615,0.0024946657940745354,2337.759132856081,2536.0540482259876,1.0
-700.4500732421875,83.29270935058594,12.178168296813965,22.1973934173584,8.352385520935059,8.998984336853027,0.2965167164802551,-7.507107257843018,-10.251136779785156,0.7760571837425232,1.856929898262024,-2.1456000804901123,5.3269877433776855,0.19029071514423077,0.0023516013752669096,2403.388247227987,2552.694092701346,1.0
-700.4871215820312,74.5943374633789,11.751912117004395,25.15015983581543,10.094873428344727,10.717308044433594,1.5585607290267944,-4.438689231872559,-10.320913314819336,3.561544418334961,2.341766834259033,-4.43869161605835,4.734742164611816,0.21995567908653846,0.002353612333536148,2604.3339237972664,2561.651959963165,1.0
-689.2335205078125,67.54517364501953,11.222549438476562,22.486230850219727,6.890014171600342,8.96856689453125,-1.4589238166809082,-8.025775909423828,-9.84392261505127,0.6542214751243591,0.18407392501831055,-5.258696556091309,4.450159549713135,0.23511117788461539,0.002722805365920067,2596.0661330450603,2604.6882169675737,1.0
-721.1458740234375,76.95101928710938,27.89851188659668,26.630176544189453,12.0970458984375,16.830698013305664,-1.8604825735092163,-0.6964313387870789,-2.217810869216919,1.1591483354568481,2.5617868900299072,-2.246527910232544,-0.8450454473495483,0.18456655649038461,0.0014293525600805879,2492.990753172067,2645.998010422191,1.0
-709.0176391601562,80.26715087890625,22.6851806640625,26.309627532958984,13.505912780761719,11.882591247558594,-2.4343783855438232,-1.5496947765350342,-6.879317283630371,2.7294297218322754,2.3491106033325195,-0.9510166049003601,-0.6526557207107544,0.1794170673076923,0.001605150057002902,2358.246310277131,2622.5589471877784,1.0
-721.4080810546875,65.12094116210938,22.285539627075195,28.609304428100586,11.387434005737305,11.967047691345215,3.018611431121826,-2.1739704608917236,-9.40306568145752,4.542148113250732,0.6334395408630371,-2.9159317016601562,2.703686475753784,0.22827899639423077,0.0016674310900270939,2913.262341369627,2624.854089733722,1.0
-730.2833251953125,68.70574188232422,26.783954620361328,31.938995361328125,12.356945037841797,15.56476879119873,-0.18573808670043945,-1.7360625267028809,-2.2239890098571777,5.002466201782227,6.352222919464111,-0.48879581689834595,0.9862309098243713,0.20783879206730768,0.0014892449835315347,2650.2265400633187,2697.968537886202,1.0
-649.1763305664062,64.16969299316406,15.040290832519531,21.466529846191406,7.16431999206543,8.776577949523926,-9.050006866455078,-6.52822732925415,-10.89848804473877,-6.826469421386719,-0.4834328889846802,-8.861367225646973,0.23277997970581055,0.21878756009615385,0.003184156259521842,2626.828386619042,2610.2196784658877,1.0
-639.1600341796875,69.20094299316406,22.781360626220703,29.470256805419922,12.217451095581055,9.718318939208984,0.6120756268501282,2.783379316329956,-4.71742582321167,-0.10441096127033234,-1.8253554105758667,-4.600948333740234,3.1220996379852295,0.12429011418269231,0.0028398996219038963,2322.2597507567434,2688.896815309022,1.0
-654.08984375,55.79025650024414,21.449735641479492,30.549156188964844,10.755035400390625,11.717384338378906,-4.597897529602051,-7.036522388458252,-6.450111389160156,-0.8058847188949585,0.05195289105176926,-5.039566993713379,0.490366667509079,0.23288010817307692,0.0026146930176764727,2952.6473065183086,2610.356242674754,1.0
-661.1885986328125,67.42202758789062,25.10053825378418,30.198129653930664,8.307053565979004,8.426264762878418,-5.3382439613342285,-1.8540117740631104,-13.54451847076416,-3.9894936084747314,-4.859272480010986,-3.7945778369903564,2.4431521892547607,0.21053560697115384,0.0031341388821601868,2613.577300586638,2507.226995016772,1.0
-635.4611206054688,80.45233154296875,11.913345336914062,12.29216480255127,2.4106452465057373,8.449204444885254,-7.374670505523682,-5.270761966705322,-10.248294830322266,-3.615885019302368,4.8274431228637695,-6.770762920379639,-2.8793694972991943,0.19430213341346153,0.003576889866963029,2403.5402313314617,2430.274766351932,1.0
-594.923095703125,73.92713165283203,9.132116317749023,17.882837295532227,2.711615800857544,10.235526084899902,-2.973416328430176,-4.16862154006958,-7.144330024719238,-4.871911525726318,2.794011116027832,-10.320958137512207,-1.7006030082702637,0.12379432091346154,0.005005876068025827,2365.5565432124895,2525.937688597627,1.0
-674.9476928710938,80.41064453125,14.228711128234863,19.596725463867188,4.796125888824463,17.53828239440918,-3.626730442047119,-4.628571033477783,-7.371002197265625,-0.4063069224357605,2.825730085372925,-4.033395290374756,2.6206443309783936,0.16894906850961539,0.0025193439796566963,2303.0559895559045,2415.8670900788643,1.0
-634.7221069335938,73.2435531616211,2.0133893489837646,19.279115676879883,-0.4660819470882416,14.271474838256836,-0.8741375207901001,-4.445628643035889,-7.847317218780518,1.0750551223754883,3.887056589126587,-6.445752143859863,3.170912504196167,0.14715294471153847,0.003982969094067812,2269.704305469263,2413.358230904716,1.0
-540.2827758789062,67.38693237304688,8.405052185058594,14.336953163146973,-2.3771328926086426,6.346796035766602,-6.108862400054932,-7.10281229019165,-9.132767677307129,-1.1702995300292969,6.812985420227051,-6.719206809997559,-1.183215856552124,0.090966796875,0.007364071439951658,2225.293516848128,2418.2351162900095,1.0
-504.5141906738281,49.46383285522461,-18.173694610595703,-0.029310960322618484,-4.869907855987549,1.6439450979232788,-13.9686918258667,-17.177637100219727,-11.594863891601562,-6.524542808532715,2.8267319202423096,-9.341193199157715,-3.580068588256836,0.15377854567307692,0.011137411929666996,2412.6615028289066,2405.0016402804167,1.0
-462.8058776855469,37.956451416015625,-6.1538896560668945,16.064172744750977,-3.5920827388763428,0.711693525314331,-12.268654823303223,-11.895498275756836,-11.757827758789062,-5.173290252685547,0.7919611930847168,-11.840094566345215,-1.671675682067871,0.13439378004807692,0.015996459871530533,2641.929445320031,2331.9848020389218,1.0
-545.4819946289062,59.084373474121094,11.789911270141602,20.4888858795166,-3.3435707092285156,3.992669105529785,-5.259331703186035,-4.308740139007568,-10.854622840881348,-5.242857933044434,0.5938475131988525,-10.332921028137207,-1.364013671875,0.19778771033653847,0.00866328552365303,2654.4747795605736,2426.6732572739897,1.0
-698.2136840820312,74.81029510498047,18.495861053466797,19.2473087310791,9.363624572753906,13.7891206741333,6.299034595489502,-3.5572001934051514,-2.418581247329712,-0.09858691692352295,2.894926071166992,-2.4227828979492188,3.812265634536743,0.18854041466346153,0.0018451304640620947,2534.2884903292247,2743.728113530059,2.0
-703.7625122070312,78.70138549804688,17.159345626831055,20.481801986694336,10.101624488830566,15.703258514404297,2.740760564804077,-7.352962493896484,-0.7974053025245667,-0.4241048991680145,2.039942979812622,-3.3540773391723633,0.29257237911224365,0.17871844951923077,0.0013924201484769583,2574.093589259778,2696.439498590177,2.0
-702.4755249023438,76.33110046386719,10.026126861572266,14.446097373962402,8.503643989562988,14.583972930908203,1.0969332456588745,-9.859665870666504,-3.3045949935913086,5.649308681488037,5.774653434753418,-4.475142002105713,6.053744792938232,0.2266150841346154,0.0018567637307569385,2515.160364117389,2599.083358118067,2.0
-695.7931518554688,88.0795669555664,14.494382858276367,23.27646827697754,6.711259841918945,12.853626251220703,1.7001103162765503,-7.234039306640625,-6.6404948234558105,-0.4031022787094116,5.0178704261779785,-3.1661899089813232,5.315962314605713,0.20029296875,0.002148726722225547,2400.7287360259943,2394.3924957036625,2.0
-477.911376953125,56.990325927734375,-0.7411271333694458,14.9072265625,6.728515148162842,0.3223719894886017,-15.432293891906738,-9.079580307006836,-7.0293402671813965,-10.58624267578125,-4.594862461090088,-7.95803689956665,-5.647940158843994,0.20720027043269232,0.013369929976761341,2912.5299919478057,2488.3420085946454,2.0
-604.7747802734375,78.4632568359375,-1.2167198657989502,18.981510162353516,7.534909248352051,6.259378433227539,-9.0654296875,-7.3569016456604,-6.226835250854492,-8.758713722229004,-0.01586139388382435,-3.552609920501709,-4.269687652587891,0.15757587139423077,0.0041845981031656265,2200.294895949795,2227.5775629783607,2.0
-605.4249877929688,75.97350311279297,1.0656547546386719,13.861359596252441,4.291082382202148,7.712464809417725,-13.763322830200195,-6.912543296813965,-5.229816913604736,-13.614158630371094,-6.227322101593018,-4.210463047027588,-1.7442384958267212,0.1408203125,0.004274528939276934,2280.320470090574,2340.1656868483974,2.0
-562.2516479492188,80.95872497558594,-5.701823711395264,16.17673110961914,9.099491119384766,7.442811012268066,-15.463927268981934,-5.363000392913818,-6.229559898376465,-15.054079055786133,-2.745349645614624,-6.1007466316223145,-2.844752311706543,0.08839393028846154,0.007333581801503897,1716.7627604670927,1974.3437708191102,2.0
-481.0244445800781,59.427154541015625,-8.014800071716309,15.398018836975098,-0.8300765752792358,-1.9650249481201172,-4.037041664123535,-5.885352611541748,-12.191826820373535,-5.602639675140381,5.272619724273682,-7.406561851501465,-0.6752896308898926,0.11942232572115384,0.012350734323263168,2266.4777310377667,2174.1907953602663,2.0
-517.127685546875,68.58919525146484,-5.785788536071777,19.342634201049805,5.412304878234863,2.3196232318878174,-5.368219375610352,-4.277700901031494,-10.922618865966797,-1.6956939697265625,6.608532428741455,-8.859330177307129,1.3236547708511353,0.15266301081730768,0.009537117555737495,2376.2048469694387,2304.4180167968275,2.0
-576.6873779296875,49.819393157958984,7.866353988647461,15.38329029083252,1.0515848398208618,1.9563535451889038,-5.152388095855713,-7.030140399932861,-6.813756465911865,0.5168866515159607,1.1329948902130127,-7.170096397399902,2.834879159927368,0.26156099759615387,0.005264942534267902,2723.7848514563993,2540.6631724287295,2.0
-509.35107421875,63.147151947021484,8.915820121765137,20.338478088378906,1.385949969291687,-1.084069848060608,-1.6564229726791382,-3.2672579288482666,-12.899868965148926,-3.0448737144470215,2.0953400135040283,-9.295062065124512,-0.5108439326286316,0.1318584735576923,0.011352747678756714,2092.106031024472,2247.59209623789,2.0
-343.53680419921875,40.0244140625,-27.120405197143555,9.146332740783691,-10.22846508026123,-13.966444969177246,-9.169270515441895,-3.729010581970215,-15.794646263122559,-5.769186973571777,2.1765341758728027,-13.306983947753906,1.6014646291732788,0.22965745192307693,0.05002390965819359,2932.423137627887,2413.593683804352,2.0
-321.0721740722656,33.86695861816406,-42.32595443725586,7.913662433624268,-12.871092796325684,-11.001447677612305,-10.658319473266602,-7.94184684753418,-12.663395881652832,-7.693597316741943,3.886948823928833,-11.889776229858398,-1.1220531463623047,0.210498046875,0.07247036695480347,2805.7496770965627,2323.3362801209,2.0
-266.3292541503906,28.135059356689453,-40.34486770629883,1.6015113592147827,-17.834505081176758,-12.012178421020508,-12.938153266906738,-5.6626996994018555,-12.828462600708008,-6.0849223136901855,2.743776559829712,-12.541678428649902,-0.04340444877743721,0.23872445913461537,0.10272122919559479,3452.8378947240476,2394.9858040922513,2.0
-355.8343200683594,27.15483283996582,-27.601953506469727,14.680103302001953,-9.106060981750488,-16.235851287841797,-12.41935920715332,-6.0895867347717285,-16.75421905517578,-6.913117408752441,1.9575636386871338,-12.143506050109863,-2.033723831176758,0.29324669471153847,0.05012316256761551,3197.6316462196255,2443.0884598444786,2.0
-572.8021240234375,57.87828826904297,-2.2072956562042236,16.62413215637207,-1.1227976083755493,-1.016135334968567,-7.534718990325928,-9.705615043640137,-6.446930408477783,-5.64676570892334,-0.6498784422874451,-10.01788330078125,1.0383514165878296,0.2124737079326923,0.005697494372725487,2801.991313606028,2602.6009475594383,0.0
-620.0803833007812,54.85366439819336,3.788867473602295,14.301095008850098,5.847339630126953,3.482081890106201,-7.8202362060546875,-7.9144511222839355,-2.638817071914673,-1.1949673891067505,-0.7623183727264404,-3.6346182823181152,-0.3461604714393616,0.22628831129807692,0.004167280625551939,2726.684840031151,2533.1632751002076,0.0
-592.615234375,35.66331481933594,4.994476318359375,14.20533561706543,-4.015199661254883,9.104633331298828,-6.3206634521484375,-13.770703315734863,-4.099852561950684,-2.7457330226898193,-5.496099948883057,-7.607378005981445,-1.4686853885650635,0.26229717548076925,0.005047256126999855,3232.2388865912585,2573.77672419818,0.0
-620.6825561523438,59.16193389892578,11.627005577087402,20.884706497192383,3.898987054824829,9.606135368347168,-4.831937313079834,-10.704289436340332,-4.337515830993652,1.110981822013855,-1.6292157173156738,-5.619808197021484,2.2091758251190186,0.2395282451923077,0.004427212756127119,2781.9049057383295,2453.1280179151104,0.0
-442.4857482910156,47.62737274169922,-38.0368766784668,3.5087649822235107,-11.837361335754395,-5.923701763153076,-23.146326065063477,-17.17095947265625,-17.44671058654785,-11.29880428314209,6.06266450881958,-17.577598571777344,0.40516790747642517,0.2000225360576923,0.017802510410547256,2876.7940983922886,2303.6583719980463,0.0
-381.6373291015625,16.496116638183594,-31.982929229736328,-1.711541771888733,-19.119047164916992,-16.72121238708496,-21.75829315185547,-16.832441329956055,-10.510454177856445,-9.424722671508789,-1.6551991701126099,3.1620829105377197,3.6847164630889893,0.279638671875,0.04076521843671799,3189.0018628413623,2525.4114685553504,0.0
-428.8876953125,20.545604705810547,-23.14834976196289,-4.13686990737915,-16.709043502807617,-4.210331916809082,-14.62313175201416,-14.923819541931152,-4.1180572509765625,-5.51901912689209,-3.4628169536590576,-6.927641868591309,6.597923755645752,0.18420973557692308,0.025205014273524284,3323.4466784980177,2685.693888017017,0.0
-373.2821044921875,17.938142776489258,-25.9466495513916,0.7528247833251953,-19.774797439575195,-5.862546920776367,-17.235443115234375,-20.312183380126953,-4.601075172424316,-3.850785255432129,-0.913979172706604,-5.796170234680176,4.335045337677002,0.15084885817307692,0.03576161712408066,2818.061641118746,2272.3547773865976,0.0
-564.45458984375,70.22747802734375,8.799295425415039,25.293363571166992,-5.468997001647949,-0.03513834998011589,-12.298466682434082,-11.833563804626465,-2.629786968231201,-12.20901870727539,0.3872222900390625,-6.146749973297119,-0.3937092125415802,0.20721905048076922,0.004006484057754278,2562.6716041458126,2418.7993245620883,2.0
-573.7097778320312,62.27946853637695,-3.920928716659546,12.591650009155273,0.15145334601402283,3.844882011413574,-9.311846733093262,-15.317605018615723,-1.4529954195022583,-5.437253475189209,-1.9943653345108032,-5.784653186798096,3.4785354137420654,0.2319073016826923,0.0036243910435587168,3151.3751212869074,2582.6925442425745,2.0
-549.1895751953125,62.076229095458984,9.231315612792969,19.14573097229004,-1.6374834775924683,5.103217601776123,-13.690948486328125,-11.91375732421875,-3.926767587661743,0.10946346819400787,-2.946417808532715,-6.641897201538086,3.324788808822632,0.19628155048076923,0.004501774907112122,2917.8031067595,2441.106691833066,2.0
-559.7582397460938,55.295127868652344,1.7117538452148438,10.64504623413086,-13.928647994995117,3.6558115482330322,-12.480962753295898,-14.152871131896973,-6.284323692321777,-6.368861675262451,0.3767159581184387,-10.00403881072998,0.6710731387138367,0.2780536358173077,0.0060158600099384785,3141.9611006933105,2282.980060201951,2.0
-533.2794189453125,30.14691925048828,-1.346072793006897,15.607820510864258,-1.7928599119186401,1.3776679039001465,-6.636803150177002,-10.275758743286133,-5.430698871612549,-9.190606117248535,0.9245955348014832,-5.54098653793335,-5.00002908706665,0.22549579326923078,0.005146108102053404,3218.2847133237647,2759.762141969173,2.0
-501.4888916015625,13.199329376220703,-18.484920501708984,12.047380447387695,-13.13232421875,-4.052812576293945,-10.66300106048584,-10.273468971252441,-6.403744697570801,-6.95169734954834,-2.237112522125244,-8.163558959960938,0.3731163740158081,0.28489708533653846,0.007902338169515133,3675.8604693384,2676.1904985214924,2.0
-430.4736633300781,-12.509176254272461,-13.017512321472168,10.236258506774902,-21.246356964111328,0.651730477809906,-17.124496459960938,-17.62677001953125,-5.721299648284912,-9.283974647521973,-3.9725186824798584,-4.871912002563477,-4.101513385772705,0.31582782451923075,0.01997479237616062,4057.101462456525,2675.593191915674,2.0
-441.1389465332031,27.189395904541016,-2.0393142700195312,22.814085006713867,3.4067914485931396,0.5675492286682129,-2.539781332015991,-5.562312126159668,-9.111407279968262,-2.1580231189727783,2.54158091545105,-7.681321144104004,0.516876757144928,0.22255859375,0.019976148381829262,3304.1000599612516,2491.1575704627,2.0
-612.8284301757812,87.3398208618164,10.587535858154297,20.474254608154297,6.238927364349365,7.683194637298584,-2.6238064765930176,-10.181743621826172,-9.665238380432129,-4.482814788818359,-1.4797154664993286,-7.775555610656738,0.5297423601150513,0.1598595252403846,0.003935822285711765,2182.633655359696,2394.3437735414927,0.0
-617.2295532226562,90.36239624023438,1.8591409921646118,10.212912559509277,-0.6774019598960876,4.194844722747803,-5.203680515289307,-12.858992576599121,-6.394911766052246,-7.590570449829102,1.267765998840332,-5.508556842803955,1.6490955352783203,0.18682391826923078,0.0036039554979652166,2176.82867105466,2317.5224679852868,0.0
-630.5748901367188,65.69169616699219,9.603368759155273,27.951671600341797,-1.065979242324829,-0.7988345623016357,0.5494126677513123,-8.838679313659668,-4.6486005783081055,1.8813016414642334,-1.5740065574645996,-6.284559726715088,3.9617691040039062,0.25760967548076924,0.0035459687933325768,2822.861921182719,2347.636675690127,0.0
-741.2047119140625,68.2303695678711,18.39269256591797,21.198945999145508,5.175965785980225,7.804988861083984,5.332271575927734,-2.4876203536987305,-4.379073143005371,2.1649999618530273,4.0607476234436035,-1.991931676864624,5.308030128479004,0.25158128004807695,0.0018058662535622716,2752.0170087019696,2787.5345944939695,0.0
-524.6031494140625,65.60498809814453,1.6113990545272827,14.70411491394043,0.32641977071762085,-2.1130104064941406,-7.0291900634765625,-11.489002227783203,-7.785854816436768,-9.843403816223145,-2.1104393005371094,-6.047731876373291,1.9998098611831665,0.16021634615384617,0.007932274602353573,2554.3357903658202,2490.4955102825115,0.0
-534.3194580078125,45.33364486694336,-8.137712478637695,16.709897994995117,3.2269344329833984,0.005746929440647364,-9.679620742797852,-10.903475761413574,-10.30703353881836,-5.98183012008667,0.7756180167198181,-8.71669864654541,3.787527322769165,0.22852313701923077,0.007195761427283287,3195.0192104364196,2547.133283645638,0.0
-587.398681640625,72.1867446899414,4.516458988189697,15.752079010009766,1.351470947265625,0.5809164047241211,-2.7877705097198486,-8.092938423156738,-3.357182502746582,-0.9922820925712585,-1.6715465784072876,-6.7658796310424805,3.056068181991577,0.17464693509615384,0.005650450475513935,2343.7926485762723,2443.2911471836437,0.0
-647.7755737304688,63.5026741027832,14.529295921325684,17.718006134033203,0.6546651721000671,8.879289627075195,0.06794997304677963,-7.016529083251953,-1.6273841857910156,-2.21659255027771,1.7713617086410522,-5.97259521484375,1.8114500045776367,0.227294921875,0.003585181897506118,2701.9948717078823,2694.0903327526908,0.0
-691.43310546875,40.465816497802734,-7.425522804260254,8.785003662109375,-7.37939977645874,-8.244791030883789,-8.285271644592285,-13.416492462158203,-5.670212745666504,-5.401936054229736,-2.4851715564727783,-7.61967134475708,-4.91831636428833,0.19537635216346153,0.001775396871380508,2312.072896874766,1872.6377565304024,1.0
-670.8828125,39.84893798828125,-10.35202693939209,10.230015754699707,-8.43918228149414,-11.438034057617188,-7.747762203216553,-14.462274551391602,-6.506050109863281,-4.734543800354004,-5.786099910736084,-5.648569107055664,-6.712764263153076,0.21043795072115384,0.002540451241657138,2544.744975345136,1934.6526925836013,1.0
-701.7088012695312,44.20223617553711,-3.171388626098633,7.3824663162231445,-5.937702178955078,-7.698894023895264,-7.968327522277832,-12.884658813476562,-4.834000110626221,-4.429067134857178,-4.611967086791992,-6.390786647796631,-4.9268903732299805,0.1947566105769231,0.0021639561746269464,2145.7614146469327,1820.826532017289,1.0
-677.969970703125,37.27494430541992,-6.951508045196533,7.026480197906494,-6.897407054901123,-9.8024320602417,-9.331186294555664,-14.833710670471191,-4.420272350311279,-5.5998358726501465,-4.449584007263184,-6.595787525177002,-5.238974094390869,0.215087890625,0.0024623835925012827,2881.4098321136025,2096.7231003423517,1.0
-750.9973754882812,39.390350341796875,-8.463231086730957,12.879881858825684,-4.865152835845947,-9.837700843811035,-11.141599655151367,-13.476465225219727,-5.6591715812683105,-6.1174540519714355,-3.357367992401123,-8.575045585632324,-3.559067964553833,0.18516000600961538,0.0009743664995767176,2285.4242367021548,1902.7629571131283,1.0
-766.3939208984375,36.93476486206055,-8.805108070373535,7.415599822998047,-5.925391674041748,-7.107843399047852,-10.875539779663086,-13.12279987335205,-7.786984920501709,-5.010550022125244,-5.859335899353027,-10.326212882995605,-4.722026824951172,0.1973595252403846,0.0008745800005272031,2202.121049906307,1820.143774657439,1.0
-797.5538330078125,36.582096099853516,2.7286996841430664,7.741281032562256,-0.6906084418296814,-2.2651524543762207,-8.18251895904541,-11.048362731933594,-8.05141830444336,-4.427798748016357,-5.62209939956665,-5.706383228302002,-3.8704097270965576,0.2487530048076923,0.0006550741381943226,2556.6371995283093,2025.8604070576428,1.0
-758.25146484375,38.4832763671875,2.2183566093444824,7.318131923675537,-2.1877150535583496,-5.541678428649902,-8.197246551513672,-12.08951473236084,-4.421838283538818,-4.897125244140625,-2.8425917625427246,-7.798098564147949,-3.366323709487915,0.21630483774038461,0.0009476580889895558,2391.187804296739,1980.1153811147094,1.0
-773.5928344726562,49.74357223510742,-4.863746643066406,11.883785247802734,-3.215301513671875,-8.119396209716797,-11.354216575622559,-12.689711570739746,-5.916296005249023,-6.789597034454346,-5.055129051208496,-4.690897464752197,-4.018061637878418,0.12444035456730769,0.0007144137052819133,1804.545450914588,1711.7700849952544,1.0
-770.5474853515625,44.714420318603516,-6.396533012390137,17.31972312927246,-2.5553884506225586,-8.124288558959961,-7.8098907470703125,-14.883055686950684,-7.652581214904785,-5.206939220428467,-5.626787185668945,-8.420930862426758,-4.135674476623535,0.104443359375,0.000659923767670989,1802.1763973467157,1672.2913489434031,1.0
-768.6973876953125,45.240726470947266,0.8945916891098022,11.376675605773926,-1.603046178817749,-5.5017900466918945,-10.1031494140625,-13.46070384979248,-4.3008880615234375,-1.2796008586883545,-5.103085517883301,-5.940797805786133,-4.04460334777832,0.20941256009615383,0.0006999747129157186,2512.832839702948,1977.6565455475231,1.0
-811.2992553710938,36.842742919921875,0.5085309743881226,10.47237491607666,-5.368274688720703,-4.782068252563477,-7.809714317321777,-12.42929744720459,-7.630678653717041,-3.5399365425109863,-6.6840500831604,-9.147811889648438,-4.942089080810547,0.20537109375,0.0005417969659902155,2376.955779134925,1935.714029573584,1.0
-545.2703247070312,40.47315216064453,-17.404293060302734,4.613402366638184,-9.515815734863281,-14.730271339416504,-8.050095558166504,-18.64801025390625,-11.332672119140625,-5.575883388519287,-11.883909225463867,-1.6026849746704102,-11.452728271484375,0.15031174879807693,0.009671103209257126,1954.0110835239418,1786.5104657441445,1.0
-589.5775756835938,39.14457321166992,-16.843427658081055,2.303285598754883,-10.584874153137207,-14.741842269897461,-6.9545512199401855,-18.932186126708984,-6.613479137420654,-11.048788070678711,-5.74989128112793,-3.8824145793914795,-11.679753303527832,0.126171875,0.005906189326196909,1991.905094309788,1832.6076005051177,1.0
-603.4764404296875,43.00407791137695,-2.9839987754821777,11.89148235321045,-4.1142730712890625,-6.257607460021973,-9.659940719604492,-16.240812301635742,-8.286587715148926,-9.093876838684082,-9.050822257995605,-3.517869234085083,-8.504278182983398,0.2895545372596154,0.005283032078295946,3071.189377833869,2484.152898391912,1.0
-651.2080078125,30.557453155517578,-16.318445205688477,-2.1165287494659424,-6.69619083404541,-11.958346366882324,-9.744266510009766,-19.282928466796875,-8.712443351745605,-7.984185218811035,-6.296546936035156,-0.8667365312576294,-8.818161964416504,0.20566781850961538,0.003941303119063377,2818.1011497619447,2034.0969579215046,1.0
-498.1629943847656,33.61829376220703,-41.68836212158203,-4.331257343292236,-21.51048469543457,-22.606658935546875,-12.67068099975586,-21.35633659362793,-12.71608829498291,-3.6049461364746094,-14.748050689697266,-2.269562005996704,-11.510375022888184,0.15625751201923077,0.01648874767124653,2093.827274778238,1586.1047248165821,1.0
-437.8973083496094,28.95570945739746,-38.63911056518555,-1.1191481351852417,-19.692304611206055,-23.845672607421875,-11.542217254638672,-22.083255767822266,-14.764347076416016,-9.080391883850098,-15.552014350891113,2.2075963020324707,-3.5479416847229004,0.1605769230769231,0.016403784975409508,2586.8414936512027,1985.7285850948772,1.0
-445.12908935546875,26.77839469909668,-33.09368896484375,-3.081756830215454,-18.728984832763672,-18.856475830078125,-17.69953155517578,-19.966407775878906,-9.209525108337402,-3.6406006813049316,-3.945086717605591,-1.2189730405807495,-3.227562427520752,0.15857496995192308,0.025126885622739792,2383.022948629,1863.1335298597826,1.0
-387.3194580078125,12.65526008605957,-38.675865173339844,-17.24049186706543,-20.55585479736328,-22.483436584472656,-14.990987777709961,-19.84981918334961,-9.091178894042969,1.7985429763793945,4.823575496673584,15.915760040283203,7.163086414337158,0.3407376802884615,0.04021377116441727,3354.081140895967,2532.2750592376565,1.0
-702.9698486328125,45.49656677246094,-13.186360359191895,13.381543159484863,-8.644896507263184,-3.4210994243621826,-11.424860000610352,-20.201858520507812,-6.485986232757568,-4.786757469177246,-7.564993381500244,-5.741524696350098,-3.5342960357666016,0.23826246995192307,0.0009649237617850304,3023.4756693652525,2367.901150775758,2.0
-827.0428466796875,41.24683380126953,-2.307983160018921,12.904342651367188,-3.5266525745391846,1.7941513061523438,-9.087811470031738,-8.894643783569336,-7.3760504722595215,-3.5560684204101562,-3.552959442138672,-5.14260721206665,-0.06799093633890152,0.20772235576923076,0.00045995748951099813,2055.69469441183,1605.8027635960518,2.0
-778.8467407226562,40.548526763916016,-2.043779134750366,9.976284980773926,-2.9556682109832764,1.9820021390914917,-5.826116561889648,-14.630805015563965,-4.383164405822754,-2.199413776397705,-3.6811788082122803,-4.004051685333252,-2.9082956314086914,0.21244365985576924,0.0006786787998862565,2227.262918800276,1800.9283758947022,2.0
-783.4335327148438,45.42594528198242,-1.0413140058517456,14.101005554199219,-1.535056233406067,4.324258804321289,-7.353872776031494,-14.719390869140625,-8.79463005065918,-1.3428312540054321,-3.7648611068725586,-5.670769691467285,-2.9890599250793457,0.2773475060096154,0.000650309375487268,2764.0312812261823,2112.1361102717765,2.0
-633.95458984375,53.03361511230469,-14.93045711517334,10.951906204223633,-3.1740329265594482,-18.6217098236084,-14.2625150680542,-21.34154510498047,-15.15206241607666,-4.102266788482666,-11.882781028747559,-0.3087729811668396,-6.4079132080078125,0.21459585336538461,0.0032041999511420727,2420.5951744220633,2079.273102538546,2.0
-451.11370849609375,26.79203224182129,-38.4886360168457,-4.637776851654053,-15.12610912322998,-31.356840133666992,-12.108702659606934,-23.818885803222656,-28.76688575744629,-1.400795817375183,-15.616792678833008,-0.7514835000038147,-0.4474088251590729,0.27459810697115383,0.019099777564406395,3101.6428895517656,2468.321387967606,2.0
-672.9419555664062,44.96033477783203,-3.2082905769348145,2.793530225753784,-4.96664571762085,-13.387639999389648,-15.292976379394531,-20.91058349609375,-15.190332412719727,-3.4984805583953857,-12.818209648132324,-0.714995265007019,-5.034440517425537,0.21722130408653847,0.0025217467918992043,2571.0255055181065,2007.493359933344,2.0
-472.8337707519531,31.662548065185547,-37.33092498779297,-5.953681945800781,-17.262332916259766,-30.485206604003906,-20.022802352905273,-23.12969207763672,-31.21406364440918,-1.7873530387878418,-10.626341819763184,-3.464066982269287,-0.18845179677009583,0.16227463942307693,0.01723402738571167,2478.369933288435,1953.859292128685,2.0
-708.1541748046875,37.95880889892578,-2.361342430114746,4.784745693206787,-4.731042861938477,-3.882927894592285,-5.758711338043213,-11.990765571594238,-6.404078006744385,-8.237875938415527,-3.0460166931152344,-4.0614166259765625,-7.383408069610596,0.23318810096153847,0.001913539250381291,2206.986729973912,1928.1061582069065,2.0
-538.4341430664062,33.618717193603516,-13.274627685546875,-5.1047234535217285,-11.924517631530762,-8.9125337600708,-6.909463882446289,-15.12362289428711,-11.140029907226562,-8.157429695129395,-6.658350467681885,-5.13697624206543,-10.421676635742188,0.1291015625,0.008620014414191246,2178.2205043306412,1829.9912518811866,2.0
-595.0291137695312,35.23862838745117,-18.48540687561035,6.446175575256348,-12.21596908569336,-10.335470199584961,-14.077559471130371,-18.674030303955078,-8.938213348388672,-5.0405049324035645,-4.675674915313721,-3.028989315032959,-7.905082702636719,0.25996844951923076,0.004903432913124561,2978.375694898108,2153.544504201946,2.0
-465.7209777832031,40.10371780395508,-28.77397918701172,-5.982337951660156,-15.6049222946167,-18.970014572143555,-15.836288452148438,-21.651662826538086,-13.015101432800293,-7.836186408996582,-6.633241653442383,-8.15220832824707,-13.27632999420166,0.21915940504807693,0.011356659233570099,3094.934759985976,2378.3135600435,2.0
-354.8369445800781,35.964935302734375,-16.07439613342285,16.981355667114258,-19.199779510498047,-14.955986022949219,-8.961106300354004,-19.127941131591797,-9.118115425109863,-10.282374382019043,-7.785167694091797,-2.830609083175659,-7.821706771850586,0.21414888822115385,0.026623353362083435,3332.9743179255374,2388.7506567123837,2.0
-302.1871337890625,23.325531005859375,-34.354801177978516,-9.75151252746582,-26.71758460998535,-24.60511016845703,-10.747467994689941,-17.862451553344727,-9.78546142578125,-4.350133895874023,-4.7328033447265625,0.3646219074726105,-8.36347484588623,0.2610426682692308,0.07662910968065262,3611.276318064935,2388.915346604129,2.0
-296.31219482421875,19.208906173706055,-28.711822509765625,-11.955306053161621,-15.85999870300293,-17.532041549682617,-11.066493034362793,-12.804220199584961,-8.64100456237793,-6.987728118896484,-4.722262382507324,-6.305654048919678,-1.8719850778579712,0.2061222956730769,0.07442847639322281,3009.4763638027807,2058.8373831566673,2.0
-444.5140380859375,25.109447479248047,-11.90384578704834,7.658926963806152,-12.86968994140625,-6.630108833312988,-10.398772239685059,-17.060407638549805,-9.04769229888916,-10.179676055908203,-6.236489772796631,-6.684544086456299,-9.338872909545898,0.3361553485576923,0.018836474046111107,3492.2202126268694,2556.1182001487873,2.0
-683.2332153320312,33.4841194152832,-7.52806282043457,5.587887763977051,-8.33399486541748,-12.528067588806152,-11.35354232788086,-14.00719928741455,-4.655418395996094,-6.4563493728637695,-8.336470603942871,-2.3507461547851562,-7.2598419189453125,0.1897198016826923,0.0018324059201404452,2212.3402442551505,1867.491827489576,0.0
-705.499755859375,20.962549209594727,-9.890506744384766,4.788579940795898,-6.972784519195557,-14.55728530883789,-11.6151704788208,-15.29622745513916,-1.7034268379211426,-7.746251106262207,-8.423431396484375,-1.4362802505493164,-8.131088256835938,0.2649451622596154,0.0020091566257178783,2464.0943065582837,1928.8636700627965,0.0
-716.3014526367188,25.629657745361328,-1.7961682081222534,8.55285930633545,-3.6953253746032715,-5.771204471588135,-15.600798606872559,-17.25637435913086,-0.2654454708099365,-5.4685163497924805,-6.931544780731201,-5.0499725341796875,-4.382977485656738,0.2092961237980769,0.0016626447904855013,2388.0586036300137,1820.9125510237782,0.0
-746.0625610351562,37.97929382324219,-2.7449848651885986,11.119173049926758,-4.825542449951172,-7.298607349395752,-15.408862113952637,-18.546165466308594,-3.3307993412017822,-4.660372257232666,-8.28433895111084,-2.3464953899383545,-4.901453971862793,0.22733623798076924,0.0011484036222100258,2453.859185605094,2055.942935935613,0.0
-312.48150634765625,27.154170989990234,-40.087650299072266,-4.311031341552734,-18.882659912109375,-24.911457061767578,-12.668400764465332,-18.043792724609375,-4.228130340576172,-3.669684410095215,-5.063990116119385,5.197076320648193,0.7198993563652039,0.20835712139423077,0.06549494713544846,3262.4566072013076,2467.8828405777717,0.0
-291.84228515625,23.50975799560547,-47.0821647644043,-11.492180824279785,-22.755367279052734,-26.039321899414062,-10.844283103942871,-22.71476936340332,-2.977543830871582,-0.9547997117042542,-8.259506225585938,10.152656555175781,1.1252357959747314,0.2154259314903846,0.06698213517665863,3277.4351092379557,2497.114919854523,0.0
-321.57049560546875,23.10991096496582,-44.715171813964844,-24.492504119873047,-20.002582550048828,-25.252256393432617,-14.211938858032227,-15.745085716247559,-4.019373893737793,0.8878219723701477,1.9542741775512695,-1.5382508039474487,-7.71469259262085,0.29365985576923076,0.08680505305528641,3095.761223474623,2441.974388669316,0.0
-308.9817199707031,11.304710388183594,-29.72300148010254,-15.125279426574707,-17.749237060546875,-19.228166580200195,-13.125288963317871,-17.427013397216797,-6.483466625213623,6.55446195602417,3.7279136180877686,17.34494972229004,6.247292518615723,0.226806640625,0.07556397467851639,3454.9812930395065,2577.1934838822426,0.0
-595.0193481445312,46.29281997680664,-12.22780990600586,0.4138322174549103,-10.821928977966309,-10.958372116088867,-10.283650398254395,-14.770408630371094,-10.170797348022461,-3.8747811317443848,-8.582825660705566,-7.290488243103027,-4.6894049644470215,0.12251727764423077,0.004497095476835966,1970.9942321984197,1618.0827794339468,2.0
-637.1702880859375,63.12562942504883,-8.783394813537598,4.256069183349609,-4.308516025543213,-9.858092308044434,-11.193065643310547,-7.825915336608887,-1.067635416984558,-3.428997039794922,-5.2124176025390625,-3.86950421333313,-3.4015419483184814,0.15357947716346154,0.001979060471057892,2209.9644491434133,2012.0362673592163,2.0
-671.2427368164062,46.35279083251953,1.7056487798690796,-0.09750331193208694,-5.68770170211792,-4.775322914123535,-12.099184036254883,-13.341569900512695,-5.1353302001953125,-6.217560291290283,-6.826590538024902,-6.723247051239014,-2.8106069564819336,0.17762169471153846,0.0025072891730815172,2441.393711615291,1881.6039858121765,2.0
-634.9408569335938,38.444515228271484,1.5344163179397583,-0.6391786932945251,-5.66433572769165,-9.924707412719727,-17.336572647094727,-14.516831398010254,-7.150034427642822,-8.306317329406738,-9.991379737854004,-7.281000137329102,-7.054782390594482,0.18868314302884615,0.00266203167848289,2620.539224067428,1815.9342534491323,2.0
-592.998046875,33.17259216308594,-5.131315231323242,4.561140060424805,-10.161620140075684,-10.113831520080566,-8.16022777557373,-11.828288078308105,-12.926782608032227,-2.776962995529175,-6.9805803298950195,-6.962359428405762,-2.1203548908233643,0.1710749699519231,0.004598910920321941,2483.0331559604615,1939.3395485621186,2.0
-557.5484619140625,27.400352478027344,-9.500467300415039,2.3386733531951904,-8.274557113647461,-13.451087951660156,-8.741205215454102,-10.367274284362793,-8.893291473388672,-7.6318511962890625,-6.277568340301514,-3.3333637714385986,-7.3963799476623535,0.25484149639423076,0.007279935292899609,2989.1485476058424,2257.687664381641,2.0
-575.983642578125,11.066020965576172,-6.811004161834717,-8.3098726272583,-7.871278762817383,-10.989649772644043,-17.119543075561523,-15.452301025390625,-10.451493263244629,-5.0893235206604,-10.224294662475586,-10.794830322265625,-7.046708583831787,0.34248046875,0.007541027385741472,3727.1336906307615,2286.7528925253537,2.0
-480.4043884277344,37.751556396484375,-11.632233619689941,-12.0894193649292,-16.381511688232422,-10.204122543334961,-12.147808074951172,-18.898759841918945,-15.297186851501465,-6.030730247497559,-9.570403099060059,-11.706449508666992,-10.089190483093262,0.209423828125,0.010419249534606934,3129.131492360594,2270.4017684276546,2.0
-636.9365234375,35.10810089111328,-18.04277801513672,5.358617782592773,-7.405161380767822,-8.31608772277832,-10.110060691833496,-17.094552993774414,-6.032566547393799,-5.471120834350586,-7.18037223815918,-3.2914485931396484,-5.702961444854736,0.19873046875,0.0039789630100131035,2151.1239291390916,1765.2389552595573,0.0
-549.0087280273438,45.09770584106445,-16.760587692260742,3.434964656829834,-9.308576583862305,-12.816567420959473,-9.430436134338379,-14.922929763793945,-9.162866592407227,-7.458133220672607,-6.794069290161133,-6.78227424621582,-7.077559471130371,0.14692758413461537,0.007734914775937796,2099.1302423698944,1788.3679057784618,0.0
-689.0242309570312,35.828529357910156,-10.464300155639648,2.018340587615967,-5.440292835235596,-3.719799041748047,-10.6975679397583,-14.601900100708008,-5.409602165222168,-4.1473517417907715,-6.409534931182861,-4.78779935836792,-3.7083373069763184,0.2390850360576923,0.0026089188177138567,2434.2313649804328,1913.801699538331,0.0
-669.638671875,39.62247848510742,-15.822851181030273,4.6260762214660645,-9.546662330627441,-8.05385971069336,-10.50607967376709,-17.48430061340332,-2.4675536155700684,-7.114574909210205,-5.20296049118042,-4.344496250152588,-0.9700825810432434,0.21283052884615383,0.003478151513263583,2207.728877228834,1764.8621801422473,0.0
-453.9828796386719,38.455970764160156,-24.41037940979004,-0.07971262186765671,-17.61713409423828,-15.797616958618164,-10.920567512512207,-18.574785232543945,-10.207180976867676,-7.849771022796631,-12.188224792480469,-4.714130878448486,-6.752931118011475,0.18746995192307692,0.0158693864941597,2437.6669455557635,1918.622673464882,0.0
-647.9620361328125,42.612770080566406,-17.875015258789062,1.5456130504608154,-12.028579711914062,-9.883980751037598,-10.270378112792969,-17.573780059814453,-8.862191200256348,-7.833586692810059,-8.003654479980469,-6.171220302581787,-7.166956424713135,0.24417067307692308,0.0038542128168046474,2376.083844582233,2038.2963069148846,0.0
-451.474365234375,38.16683578491211,-30.330904006958008,3.3338112831115723,-10.644700050354004,-11.4531888961792,-10.879158020019531,-26.093719482421875,-15.59129524230957,-4.317790508270264,-15.471607208251953,-7.732802391052246,-7.581727504730225,0.20439077524038463,0.012735764496028423,3093.2182206748184,2329.510794453138,0.0
-568.6787109375,37.46434020996094,-20.135347366333008,4.2730488777160645,-7.931558132171631,-7.867240905761719,-12.01321029663086,-19.92323112487793,-4.793983459472656,-4.644017696380615,-9.944820404052734,-5.994516372680664,-6.903543949127197,0.18030348557692308,0.006562958937138319,2518.2025173353068,1982.8423948391699,0.0
-551.7039794921875,82.35566711425781,3.5306813716888428,15.34355354309082,10.490633964538574,-8.620132446289062,3.6546483039855957,-6.090044021606445,-11.89477825164795,-0.8919252753257751,-1.1483700275421143,-5.5771942138671875,-1.376360535621643,0.24388146033653846,0.00716413464397192,2421.2071284981203,2470.8250961175618,1.0
-557.9569702148438,85.19361114501953,10.1651029586792,20.8601016998291,9.401042938232422,-6.125344276428223,4.7337822914123535,-6.328537464141846,-10.734957695007324,-0.7121309638023376,-0.1965562105178833,-3.1905038356781006,-0.13089224696159363,0.19724684495192307,0.007113397121429443,2322.305589586651,2411.767269422685,1.0
-573.008056640625,82.23594665527344,3.8913192749023438,15.438810348510742,9.582507133483887,-3.78975510597229,2.2595720291137695,-8.680902481079102,-12.544720649719238,-1.4146592617034912,0.12743988633155823,-4.190184593200684,-4.058399200439453,0.29092172475961536,0.007714433129876852,2525.857905527328,2434.6627046218027,1.0
-576.12646484375,81.6369857788086,3.132847547531128,14.7041597366333,12.149158477783203,-1.635836124420166,-0.0680774375796318,-9.632598876953125,-11.499825477600098,0.12178447097539902,-0.9810594916343689,-3.578930377960205,-1.361141562461853,0.2785682091346154,0.0062814271077513695,2464.1142495524264,2402.157105986423,1.0
-590.7047729492188,90.24685668945312,11.999798774719238,21.292654037475586,13.199264526367188,-4.907209873199463,1.0150320529937744,-7.376369476318359,-7.863735198974609,-1.6105198860168457,2.2012736797332764,-1.8162481784820557,0.5346204042434692,0.21840069110576923,0.004782660398632288,2332.8887835107853,2401.5292923978973,1.0
-560.3464965820312,95.10426330566406,5.018367290496826,18.120080947875977,13.20059871673584,-9.610183715820312,0.8945988416671753,-8.305831909179688,-10.102910995483398,-1.3393864631652832,-0.3705114424228668,-4.005684852600098,0.3654773533344269,0.2181377704326923,0.005841559264808893,2348.739722045657,2313.098372838447,1.0
-596.444580078125,91.81514739990234,17.470252990722656,23.105592727661133,16.98973846435547,1.2547048330307007,5.716818332672119,-7.376282691955566,-4.690389156341553,1.2957581281661987,2.3985414505004883,0.13598309457302094,3.3979008197784424,0.15312124399038463,0.005426078103482723,2318.483014111632,2484.0339434364682,1.0
-582.5517578125,90.06737518310547,12.39908218383789,25.288097381591797,16.136775970458984,-0.6885467767715454,-1.364363670349121,-7.758606433868408,-5.4566168785095215,0.450919508934021,0.8133717179298401,-2.9536919593811035,1.7533740997314453,0.1802696814903846,0.005562341306358576,2208.224162250634,2338.0487630811303,1.0
-562.6875610351562,82.49002075195312,4.447331428527832,26.563596725463867,11.172171592712402,-4.347632884979248,-0.034537915140390396,-8.477606773376465,-5.278446674346924,-0.5180999636650085,2.2762677669525146,-3.1182756423950195,1.4670922756195068,0.19698392427884615,0.004849846474826336,2465.352284206156,2410.3909156650993,1.0
-546.5859375,82.37659454345703,-2.0310709476470947,27.27706527709961,10.22999095916748,-4.98281192779541,-1.8949233293533325,-11.438159942626953,-9.372570037841797,0.14704068005084991,0.6475939750671387,-4.887117862701416,-0.2457170933485031,0.2030010516826923,0.005079601891338825,2531.6069637540095,2281.699153316112,1.0
-552.6756591796875,76.86820983886719,-0.2651529312133789,22.72654151916504,13.84216594696045,-9.503800392150879,0.32971394062042236,-10.494921684265137,-9.052474021911621,-0.2190399169921875,-1.451035737991333,-4.66632080078125,0.7003840804100037,0.22746394230769232,0.006460044998675585,2509.4012261441235,2359.8227475267613,1.0
-557.291259765625,90.72882843017578,-0.5376666784286499,24.26813507080078,12.848320007324219,-3.905973434448242,-4.015368461608887,-11.94389820098877,-6.530786037445068,-1.5587533712387085,-2.6131930351257324,-3.079258918762207,-0.48963481187820435,0.20234750600961537,0.005505597684532404,2383.552155762654,2245.8679692582364,1.0
-532.736328125,78.7680435180664,-5.0115203857421875,16.03550910949707,9.484488487243652,-8.722479820251465,-2.1906044483184814,-8.289341926574707,-12.524081230163574,0.5871971845626831,-3.716498851776123,-6.4499993324279785,-0.44243133068084717,0.2768329326923077,0.009213939309120178,2532.455836340595,2328.2241583458194,1.0
-525.982421875,80.09113311767578,-9.965926170349121,18.00799560546875,15.361166954040527,-9.379956245422363,-1.063748836517334,-6.0010528564453125,-13.789124488830566,1.9719473123550415,-2.144192695617676,-6.988594055175781,0.5396777987480164,0.23301532451923077,0.010128804482519627,2476.8598379160544,2302.6825726138786,1.0
-507.1782531738281,78.33867645263672,-14.386064529418945,20.004133224487305,9.588924407958984,-10.111720085144043,-4.381397724151611,-11.902905464172363,-14.353194236755371,0.0476875901222229,-5.607251167297363,-7.6765031814575195,-0.35218727588653564,0.2670072115384615,0.012448123656213284,2592.8336817297527,2204.390479670089,1.0
-527.1683959960938,80.67401885986328,-10.302274703979492,15.111144065856934,8.039122581481934,-5.522026062011719,-6.871841907501221,-12.282242774963379,-12.339080810546875,-0.9668658971786499,-4.235910415649414,-6.9484405517578125,-1.6459064483642578,0.2600848858173077,0.010974415577948093,2558.521709697246,2201.2538322562395,1.0
-433.6209716796875,68.82443237304688,-21.662742614746094,14.7998628616333,5.116738796234131,-15.521425247192383,-5.302213191986084,-7.151075839996338,-19.36983871459961,-1.6785874366760254,-5.396932125091553,-12.553564071655273,-0.7820833921432495,0.27087965745192305,0.02384629286825657,2688.85050609219,2278.883079838926,1.0
-437.9925231933594,65.70719146728516,-21.67326545715332,12.457486152648926,8.089874267578125,-15.065757751464844,-4.974712371826172,-5.972537040710449,-21.79652214050293,-1.2733324766159058,-5.750058650970459,-11.819887161254883,-2.032865047454834,0.2765925480769231,0.0226519163697958,2649.188301640184,2323.3829781807513,1.0
-464.15374755859375,73.16878509521484,-14.244211196899414,11.619863510131836,6.659816265106201,-12.330220222473145,-7.924593448638916,-9.136691093444824,-17.148284912109375,0.6441223621368408,-5.94801139831543,-9.733661651611328,-1.284273386001587,0.27445162259615385,0.02091599814593792,2608.040738913909,2258.8171788962163,1.0
-415.2264709472656,66.02543640136719,-19.18053436279297,12.5521879196167,2.6479530334472656,-14.353034019470215,-7.742121696472168,-8.396595001220703,-20.70759391784668,-2.529974937438965,-5.92207670211792,-12.004231452941895,-1.244538426399231,0.25194185697115384,0.027805732563138008,2593.3263885684123,2181.9111823606017,1.0
-608.6571655273438,70.24956512451172,5.962170600891113,24.584733963012695,9.799975395202637,-4.964618682861328,4.165785789489746,-8.069991111755371,-9.144097328186035,-4.057188510894775,-0.5591744184494019,-6.892534255981445,-1.4613988399505615,0.31890775240384617,0.0038209634367376566,3032.40574867595,2517.4199254918244,2.0
-632.131591796875,69.03983306884766,7.782140731811523,23.50953483581543,7.557488441467285,-3.2760961055755615,6.873242378234863,-5.600113868713379,-5.5511627197265625,-5.254359245300293,-2.738469362258911,-3.8702428340911865,-0.6359796524047852,0.3336313100961538,0.003268161788582802,2988.504326401127,2669.3315284752207,2.0
-566.8339233398438,73.90199279785156,4.070376873016357,23.589508056640625,7.743106365203857,-3.565040349960327,3.257843494415283,-10.892632484436035,-9.668660163879395,-0.506239652633667,-0.5062143206596375,-4.542513847351074,-1.6445918083190918,0.2783728966346154,0.004774829838424921,2789.5455631211566,2483.5455055772877,2.0
-589.263427734375,70.05587005615234,1.0333386659622192,24.13590431213379,9.354836463928223,-3.2877919673919678,4.26453971862793,-8.090167045593262,-10.306994438171387,-2.1755621433258057,-1.313169002532959,-5.91128396987915,-0.8165549635887146,0.31070462740384613,0.004760886542499065,2997.108525107269,2536.2805040133812,2.0
-461.2761535644531,73.13594818115234,-22.707569122314453,17.94361114501953,12.587067604064941,-13.548187255859375,-20.72635269165039,-2.4905314445495605,-27.665821075439453,-9.116621971130371,0.07182852178812027,-17.56193733215332,-6.831253528594971,0.27687049278846154,0.017535962164402008,2593.27575951252,2185.9430964338676,2.0
-478.2974853515625,64.43576049804688,-17.662450790405273,17.10072135925293,13.94067668914795,-10.265295028686523,-19.64588737487793,-5.88323974609375,-27.02919578552246,-6.094901084899902,2.445007562637329,-17.229480743408203,-5.452551364898682,0.2539513221153846,0.015574544668197632,2596.4653515473724,2318.5865065078647,2.0
-496.16046142578125,64.49221801757812,-12.770295143127441,21.114105224609375,15.33819580078125,-13.5991849899292,-7.4636077880859375,-8.457804679870605,-23.877134323120117,-0.5779730081558228,-4.014625072479248,-12.78736400604248,-4.295799255371094,0.2714806189903846,0.011792381294071674,2767.3847833202044,2318.5011650912465,2.0
-501.7342224121094,75.0645751953125,-14.154983520507812,20.23176383972168,16.104957580566406,-12.252613067626953,-11.499882698059082,-5.13691520690918,-23.806941986083984,-1.9098917245864868,-1.854582667350769,-13.707854270935059,-3.9818081855773926,0.25364708533653846,0.012587400153279305,2647.003206382547,2247.258354022212,2.0
-386.1542663574219,54.549293518066406,-19.863903045654297,19.41485595703125,7.383073329925537,-18.85727310180664,-4.052341938018799,-7.207859516143799,-24.045522689819336,-1.9464234113693237,-3.674999475479126,-11.773698806762695,-3.3822834491729736,0.26793870192307695,0.037083324044942856,2915.5056126325503,2439.6908752400914,2.0
-392.9917907714844,61.82944107055664,-19.736875534057617,16.690248489379883,9.173632621765137,-17.242311477661133,-1.609360933303833,-6.6153411865234375,-23.325794219970703,-0.8393769264221191,-2.8259999752044678,-11.748284339904785,-3.6107559204101562,0.27506009615384613,0.03475898504257202,2792.4992967895328,2409.8277791877044,2.0
-363.6709899902344,54.14590072631836,-14.411882400512695,14.65388298034668,4.493740558624268,-17.29444694519043,-3.112755537033081,-6.688236236572266,-22.9090518951416,-5.2218098640441895,-4.152585029602051,-13.507477760314941,-4.0077738761901855,0.2469501201923077,0.0467318594455719,2823.233939150501,2364.204870529071,2.0
-388.460205078125,61.535396575927734,-17.701784133911133,16.05792236328125,7.217312812805176,-16.820877075195312,-3.1686367988586426,-9.730256080627441,-25.144887924194336,-0.7656050324440002,-3.7377116680145264,-15.329662322998047,-3.3682053089141846,0.2543156550480769,0.0422220453619957,2868.484309666703,2293.339282134736,2.0
-318.3846130371094,44.01799392700195,-21.426258087158203,16.9736328125,6.5566840171813965,-15.782989501953125,-5.886703014373779,-4.028214454650879,-20.215885162353516,-1.7006399631500244,-2.940059185028076,-12.253999710083008,-2.7805135250091553,0.24984224759615384,0.07557050883769989,2833.9224836476355,2316.096921748176,2.0
-338.1773681640625,44.99318313598633,-26.04955291748047,14.949158668518066,8.425381660461426,-11.17410945892334,-10.045859336853027,-5.713710308074951,-21.198339462280273,-2.2974743843078613,-2.846031665802002,-13.360289573669434,-2.347564697265625,0.2689002403846154,0.06468910723924637,3104.4147892394367,2448.1868933979545,2.0
-337.6535949707031,46.31690216064453,-19.178956985473633,11.074575424194336,4.287499904632568,-17.342998504638672,-4.7585129737854,-9.577705383300781,-23.5455379486084,-3.1826367378234863,-5.263964653015137,-13.317461967468262,-5.214487552642822,0.2851374699519231,0.061944324523210526,3018.9803211039584,2382.0411880989773,2.0
-328.5506286621094,39.40304946899414,-22.7999210357666,14.642349243164062,2.935406446456909,-18.907793045043945,-7.720521926879883,-7.685499668121338,-24.056020736694336,-4.625583171844482,-4.91709041595459,-12.547719955444336,-3.409764289855957,0.3117375300480769,0.07202934473752975,3309.6890877907827,2423.121529998477,2.0
-520.6707763671875,75.3221664428711,-7.191598892211914,19.9431209564209,8.334424018859863,-7.614222526550293,0.08152677118778229,-8.849051475524902,-14.6761474609375,0.5064263939857483,-1.9790698289871216,-11.412971496582031,-2.1152665615081787,0.23363882211538461,0.00886290892958641,2559.513652735478,2195.490867149353,0.0
-524.0985717773438,75.69731903076172,-10.13381290435791,17.387380599975586,7.672895908355713,-10.298797607421875,-1.3516850471496582,-9.965373039245605,-14.640921592712402,-0.05247485637664795,-2.2189040184020996,-10.93786334991455,-3.339256763458252,0.26294696514423077,0.00909474492073059,2662.398298476179,2312.46251726076,0.0
-537.657958984375,63.8664436340332,-5.328651428222656,14.757946968078613,9.591012954711914,-5.23016357421875,-1.7309139966964722,-8.747886657714844,-13.200913429260254,-0.6755229830741882,-6.308893203735352,-9.233312606811523,-2.7215819358825684,0.3271935096153846,0.008866002783179283,2848.096880603745,2434.1260918556354,0.0
-555.7825317382812,65.66656494140625,0.985713541507721,14.815764427185059,5.174633026123047,-5.578857421875,2.546224355697632,-8.105591773986816,-11.850552558898926,-3.2594001293182373,-5.5931620597839355,-8.272218704223633,-3.363652467727661,0.34723557692307694,0.010037435218691826,2819.4378157279284,2466.0887275381497,0.0
-450.1075134277344,55.967166900634766,-19.256317138671875,13.428956031799316,7.4914116859436035,-12.126912117004395,-6.552764415740967,-5.330288887023926,-18.79366111755371,-1.354600191116333,-3.123626708984375,-10.068285942077637,-2.846555709838867,0.2950232872596154,0.020836982876062393,2964.0781100834593,2556.3730367736935,0.0
-452.6930847167969,60.31819534301758,-17.17667579650879,12.9420747756958,5.9639668464660645,-10.501118659973145,-8.553959846496582,-5.355093002319336,-18.429475784301758,-3.2429819107055664,-1.820732831954956,-11.229435920715332,-4.140605449676514,0.25372596153846155,0.020427921786904335,2796.804367884205,2487.697835278776,0.0
-439.802490234375,66.57085418701172,-13.806954383850098,13.490327835083008,8.420554161071777,-8.687790870666504,-5.918258190155029,-9.05869197845459,-18.912731170654297,-4.0316619873046875,-5.262089729309082,-11.27365779876709,-4.664443492889404,0.2728440504807692,0.02203667350113392,2761.0501355675365,2420.2168848088413,0.0
-469.87945556640625,62.21310043334961,-9.983390808105469,12.094541549682617,8.966931343078613,-8.583431243896484,-4.993829727172852,-5.887924671173096,-15.8847074508667,-3.037583589553833,-7.645793437957764,-11.301883697509766,-4.171036720275879,0.32246844951923076,0.01933739334344864,2883.4052830462497,2438.0660579539103,0.0
-504.1585998535156,71.73309326171875,-5.95899772644043,17.702547073364258,8.745834350585938,-12.973798751831055,1.3793085813522339,-6.7694854736328125,-14.990350723266602,-0.005677619483321905,-0.8649208545684814,-8.99044132232666,-6.369168758392334,0.30144606370192306,0.010709276422858238,2844.066958997791,2435.6220114668135,2.0
-497.49285888671875,66.84020233154297,-10.210869789123535,20.63124656677246,12.0568265914917,-15.807016372680664,1.4038963317871094,-5.3197340965271,-12.1741361618042,-1.5798377990722656,1.0150542259216309,-6.843827724456787,-4.274131774902344,0.28571213942307694,0.011632232926785946,2820.9809482946416,2466.709550251165,2.0
-512.4147338867188,70.09852600097656,-5.93653678894043,15.887120246887207,12.338447570800781,-12.208784103393555,-3.614842414855957,-7.228832244873047,-12.59145736694336,1.1651592254638672,-3.8184726238250732,-9.5663480758667,-5.436158657073975,0.2901479867788462,0.010879202745854855,2805.349496508115,2434.6438581253315,2.0
-514.3111572265625,60.4731559753418,-8.646637916564941,16.65448570251465,10.918030738830566,-13.942052841186523,-1.8219311237335205,-6.297433853149414,-14.32266902923584,0.6635060906410217,-2.575500965118408,-7.293521404266357,-4.678976535797119,0.33343224158653845,0.010236022993922234,2870.3840587941054,2532.5341590355333,2.0
-535.96337890625,72.55980682373047,-8.430859565734863,18.592533111572266,18.354703903198242,-13.026496887207031,3.0201473236083984,-4.969223976135254,-8.279399871826172,3.338336229324341,0.9777040481567383,-4.027494430541992,-1.7897007465362549,0.2636268028846154,0.007872882299125195,2756.557749898409,2587.1761164848263,2.0
-527.064208984375,72.19733428955078,-9.085113525390625,19.951765060424805,13.454864501953125,-14.020347595214844,5.992331027984619,-4.340826988220215,-12.100288391113281,0.9043228030204773,-0.27921944856643677,-4.291777610778809,-1.4494065046310425,0.2876014122596154,0.008382567204535007,2824.9736953088363,2571.869604928855,2.0
-522.6597900390625,57.77442932128906,-5.064675331115723,23.748476028442383,11.404498100280762,-10.616430282592773,-0.26908934116363525,-3.5360634326934814,-10.973093032836914,2.3030147552490234,-0.858260989189148,-4.986327171325684,-0.6935665607452393,0.28253455528846155,0.009899099357426167,2965.6219281527606,2457.472719041942,2.0
-528.9570922851562,74.27958679199219,-2.605134963989258,21.551532745361328,15.539077758789062,-8.540616035461426,1.3558626174926758,-3.381676197052002,-11.521001815795898,3.408450126647949,2.7361268997192383,-2.4693641662597656,0.03393625095486641,0.26466346153846154,0.00898721069097519,2705.241149738451,2386.3934444057863,2.0
-516.0276489257812,66.85904693603516,-3.4171559810638428,9.338373184204102,6.6601481437683105,-11.557559967041016,-4.246687889099121,-7.766435146331787,-15.292635917663574,-1.6484055519104004,-7.296751499176025,-10.421181678771973,-2.2018954753875732,0.290478515625,0.01278839074075222,2870.0341308386246,2485.835188208436,0.0
-536.1117553710938,63.05044937133789,-1.5058668851852417,9.707592964172363,6.554206848144531,-8.472830772399902,-1.3150264024734497,-6.285026550292969,-14.177529335021973,-2.3652827739715576,-5.807491302490234,-9.400421142578125,-3.2437326908111572,0.3068547175480769,0.01150001585483551,2679.3632892698765,2568.80670646714,0.0
-523.8892822265625,58.89563751220703,-7.489037036895752,9.518844604492188,4.497217178344727,-7.860132694244385,-4.2082695960998535,-9.512107849121094,-13.918682098388672,-1.6843866109848022,-8.685434341430664,-11.72800350189209,-4.189462661743164,0.3177020733173077,0.012123923748731613,2871.8907065972357,2452.8218736149697,0.0
-489.02490234375,61.950069427490234,1.2620046138763428,8.193180084228516,5.023427486419678,-9.517440795898438,-3.005188465118408,-8.254701614379883,-13.340694427490234,-1.5743601322174072,-8.798065185546875,-10.439823150634766,-6.279536724090576,0.2967698317307692,0.014947487972676754,2674.2853395101592,2480.3045422773253,0.0
-467.7644958496094,54.958866119384766,-7.425549507141113,11.56735610961914,3.7808971405029297,-10.048296928405762,-7.556347846984863,-6.5898308753967285,-19.331012725830078,-1.1779435873031616,-7.927710056304932,-12.953033447265625,-1.9452695846557617,0.23714693509615384,0.01786811649799347,2734.3929282214003,2534.9158750017255,0.0
-467.35211181640625,61.74553680419922,-11.848138809204102,12.658342361450195,1.968209147453308,-13.610275268554688,-8.43772029876709,-5.850517272949219,-19.062788009643555,-4.112576961517334,-7.654862880706787,-12.824862480163574,-1.7452152967453003,0.2662222055288462,0.01760615035891533,2854.4777239626133,2497.3739149439302,0.0
-505.06195068359375,52.88925552368164,-6.813984394073486,9.969156265258789,6.189142227172852,-8.287039756774902,-5.587095737457275,-9.998984336853027,-18.440025329589844,2.4337778091430664,-5.818755149841309,-11.666022300720215,-2.6947476863861084,0.2955829326923077,0.015360672026872635,2836.9273971870934,2472.7992330793945,0.0
-481.5491638183594,51.26644515991211,-3.512167453765869,11.993409156799316,3.6847951412200928,-7.734745979309082,-7.28501558303833,-9.242654800415039,-18.082332611083984,0.33337175846099854,-8.135223388671875,-11.492287635803223,-2.8660380840301514,0.27247220552884616,0.015492893755435944,2860.270172058695,2511.756998414223,0.0
-660.9432983398438,61.704952239990234,1.5569206476211548,5.243268966674805,5.023129940032959,-5.225869178771973,-6.053350925445557,-8.731070518493652,-12.692127227783203,-3.9042575359344482,-2.515068531036377,-7.778191566467285,0.03705773130059242,0.28167442908653845,0.002697722055017948,2902.699186986355,2733.3001709417135,1.0
-644.3258666992188,46.73232650756836,-2.0527150630950928,2.2230312824249268,5.865542411804199,-6.962440490722656,-10.51312255859375,-9.592076301574707,-11.812162399291992,-2.1643335819244385,-3.133685827255249,-8.031982421875,-3.020017623901367,0.29219876802884615,0.002863227389752865,3139.9474537362544,2769.8919128379625,1.0
-648.5089111328125,61.04604721069336,0.48030582070350647,-0.21462437510490417,4.161268711090088,-3.0599403381347656,-10.746578216552734,-13.613914489746094,-12.151834487915039,-0.9142723679542542,-2.658949136734009,-10.34638500213623,-2.414820671081543,0.2885441706730769,0.0032512396574020386,2901.8952578220974,2669.1471999457967,1.0
-646.3010864257812,54.282405853271484,1.2614632844924927,4.559426784515381,4.963597297668457,-1.5619525909423828,-6.238991737365723,-15.282703399658203,-13.500082969665527,-0.4782794713973999,-2.1614127159118652,-9.417420387268066,-1.8447176218032837,0.2700908954326923,0.0029626020696014166,3072.68378989812,2685.2160831466426,1.0
-671.7752685546875,49.55636978149414,5.823411464691162,7.844031810760498,4.177559852600098,-1.338850498199463,-8.579789161682129,-7.890651226043701,-8.961106300354004,-2.4074819087982178,-3.7028884887695312,-9.024654388427734,-0.7261945605278015,0.2997483473557692,0.0018683351809158921,3278.407237016903,2801.4968839468024,1.0
-649.0379028320312,56.10463333129883,-2.4560062885284424,8.077850341796875,5.186446666717529,-2.917982339859009,-7.428577899932861,-9.648426055908203,-10.935620307922363,-1.906123161315918,-1.703593373298645,-8.61263370513916,-0.08102980256080627,0.23736102764423078,0.0019833100959658623,2930.801906612313,2657.1591439448557,1.0
-654.158203125,55.107521057128906,0.6889604926109314,1.9635200500488281,2.5899078845977783,-3.4860639572143555,-11.432732582092285,-11.95682430267334,-8.473641395568848,-1.222999930381775,-3.765752077102661,-10.806323051452637,-1.0701826810836792,0.31541466346153846,0.002683657454326749,3175.0657388871177,2689.833531351696,1.0
-645.5258178710938,54.45567321777344,-2.2547988891601562,4.56450080871582,3.726213216781616,1.064618468284607,-8.780881881713867,-14.528963088989258,-11.196096420288086,2.103396415710449,-3.7441508769989014,-10.532506942749023,-1.0253136157989502,0.27692307692307694,0.002315801801159978,3104.3166511693917,2600.016456372708,1.0
-642.400390625,53.63692092895508,-3.113856315612793,6.787388801574707,3.583531141281128,-3.950681686401367,-7.1496758460998535,-7.024827003479004,-8.455545425415039,-1.7167870998382568,-2.852903127670288,-9.858133316040039,-2.3310272693634033,0.2514085036057692,0.0019335489487275481,3180.20902958131,2722.455417609699,1.0
-633.1304321289062,55.273475646972656,0.8863785862922668,6.693087100982666,0.5463518500328064,-5.323466777801514,-9.98090934753418,-6.779412746429443,-7.50627326965332,-0.5128663182258606,-5.563117027282715,-8.939236640930176,0.9076061248779297,0.2692082331730769,0.0024651936255395412,3100.130703475657,2737.8942628673867,1.0
-641.2306518554688,64.74234008789062,-9.844949722290039,3.271167039871216,-0.6571162343025208,0.0831301212310791,-7.658077716827393,-12.943114280700684,-12.549898147583008,-0.223948672413826,-2.8850183486938477,-11.833362579345703,-3.2955942153930664,0.24381385216346155,0.0020649773068726063,2872.662269810433,2503.9108202510047,1.0
-621.554931640625,59.801353454589844,-5.535971641540527,7.579662322998047,-2.495182752609253,-3.5955166816711426,-9.28958797454834,-14.945444107055664,-13.470139503479004,-1.2054166793823242,-3.7334206104278564,-10.651650428771973,-0.9442471265792847,0.23307542067307693,0.0021688384003937244,3024.921272081037,2527.8942731475163,1.0
-595.8706665039062,63.30637741088867,-11.208219528198242,0.6321824193000793,3.6779534816741943,-6.756318092346191,-11.718008041381836,-12.648809432983398,-12.15218448638916,-2.2768545150756836,-7.035853385925293,-10.459503173828125,-2.6985855102539062,0.24734825721153847,0.004450306296348572,2874.256597192247,2520.2082436848477,1.0
-620.3486938476562,54.28314971923828,-17.813173294067383,-1.7257753610610962,4.424128532409668,-9.611080169677734,-12.96009635925293,-13.824271202087402,-12.529603004455566,-1.1605820655822754,-7.540464401245117,-9.046453475952148,-2.507411479949951,0.2861891526442308,0.004272362682968378,3104.8585713050816,2628.547272021105,1.0
-607.0032348632812,50.5032844543457,-5.401947498321533,-0.9544941782951355,-0.0109710693359375,-7.418588161468506,-12.933189392089844,-13.669783592224121,-13.672340393066406,-1.0000946521759033,-6.537839412689209,-9.745060920715332,-2.730510950088501,0.29767503004807694,0.004736131988465786,3167.238259653054,2684.9073538759326,1.0
-612.5365600585938,53.09228515625,-4.017251968383789,-3.4911253452301025,3.1387858390808105,-3.288378953933716,-12.011617660522461,-12.495840072631836,-12.186352729797363,-0.3225533068180084,-6.527993679046631,-9.405208587646484,-0.5930864214897156,0.3047325721153846,0.004804926924407482,3036.737732043748,2675.671412777792,1.0
-454.203857421875,41.247344970703125,-26.82638931274414,-9.541459083557129,-7.032887935638428,-15.578034400939941,-18.345129013061523,-14.112836837768555,-20.017108917236328,-3.114607572555542,-7.480785846710205,-12.455964088439941,-8.350360870361328,0.2587364783653846,0.01829809509217739,3030.6577375560923,2518.0744707245094,1.0
-445.6155700683594,45.45685958862305,-19.065019607543945,-6.6835036277771,-2.036356210708618,-13.558685302734375,-20.158323287963867,-15.761197090148926,-18.413976669311523,-4.116832256317139,-7.383741855621338,-15.62368392944336,-5.873590469360352,0.21616586538461538,0.017518242821097374,2841.99600573467,2570.156909127561,1.0
-452.0609436035156,33.61333465576172,-7.51942253112793,-9.834945678710938,-3.283754825592041,-10.061330795288086,-17.41602325439453,-16.06866455078125,-20.307889938354492,-2.1616098880767822,-12.064475059509277,-15.084677696228027,-5.824408054351807,0.26756685697115384,0.017762156203389168,3461.984444281978,2842.612161952723,1.0
-460.9200134277344,41.97510528564453,-21.335453033447266,-11.947271347045898,-1.572685718536377,-15.797272682189941,-19.320331573486328,-18.146968841552734,-18.76137351989746,-0.8211526870727539,-10.21446418762207,-15.278188705444336,-5.663883686065674,0.23074669471153847,0.016225894913077354,3087.6805523413227,2518.633206199667,1.0
-618.064208984375,59.29344177246094,-6.547807693481445,3.945347309112549,5.663187503814697,-8.551965713500977,-10.266707420349121,-12.652742385864258,-13.947564125061035,-0.3070099353790283,-6.2042236328125,-7.10542631149292,-1.0106165409088135,0.24849008413461537,0.0034618116915225983,2846.4489427820085,2560.4871638325712,2.0
-597.1419677734375,56.43040084838867,-11.263964653015137,-0.7185645699501038,2.3677682876586914,-9.600977897644043,-13.944502830505371,-14.3848876953125,-15.235905647277832,-0.650530993938446,-4.056201934814453,-8.635377883911133,-1.5078067779541016,0.2371319110576923,0.004230031743645668,2808.8430872079734,2499.2025059526773,2.0
-587.390869140625,50.69685363769531,-9.450419425964355,-2.5864498615264893,1.1761220693588257,-5.068368911743164,-12.518861770629883,-21.501047134399414,-15.307683944702148,0.8008933663368225,-3.020113229751587,-11.920966148376465,-1.724847674369812,0.2418907752403846,0.004273734521120787,2989.1863797150777,2557.200092723254,2.0
-577.5880737304688,52.314491271972656,-6.83915901184082,-2.447983980178833,-1.0767580270767212,-4.3556809425354,-12.459437370300293,-20.977937698364258,-15.359882354736328,1.218763828277588,-5.683962821960449,-13.2728271484375,0.10475564002990723,0.22663762019230768,0.00508978171274066,2934.8094647484813,2443.388191241223,2.0
-585.0281372070312,57.04798126220703,-12.451629638671875,1.361594319343567,2.6765336990356445,-9.080793380737305,-12.690460205078125,-11.467430114746094,-17.242536544799805,-2.0902621746063232,-5.423608303070068,-10.528111457824707,-2.2209601402282715,0.24490685096153847,0.00454912893474102,2964.3754931993667,2490.809782495811,2.0
-570.8461303710938,48.80435562133789,-13.556933403015137,4.268688201904297,1.5020592212677002,-11.754377365112305,-15.811690330505371,-14.001667976379395,-15.732601165771484,-3.81557297706604,-6.700949668884277,-8.489461898803711,-0.14617253839969635,0.23229041466346154,0.00557840708643198,2956.334629296566,2466.2401303161796,2.0
-590.3154907226562,49.96620178222656,-4.881528854370117,-0.33277422189712524,1.8127690553665161,-3.5322344303131104,-14.028864860534668,-16.78190040588379,-19.203798294067383,-3.476388692855835,-6.73825216293335,-12.9833402633667,-2.4557766914367676,0.2628342848557692,0.005485218018293381,2991.488942199033,2458.205542835765,2.0
-566.6173095703125,52.20062255859375,-7.6058454513549805,7.720407485961914,2.7690446376800537,-7.85300874710083,-15.931266784667969,-13.89531135559082,-19.836669921875,-6.139482021331787,-7.920126438140869,-12.407788276672363,-1.7321717739105225,0.256787109375,0.006273582112044096,2879.923197562592,2452.0747295414,2.0
-548.6514282226562,51.724971771240234,-4.013574600219727,3.895998001098633,-1.8158677816390991,-9.291905403137207,-11.182282447814941,-10.513855934143066,-13.216525077819824,-2.793436288833618,-2.758725166320801,-11.995089530944824,-0.11826541274785995,0.24193209134615384,0.006308802869170904,3074.571269859491,2513.0628373030754,2.0
-575.5370483398438,57.42386245727539,-1.8124499320983887,4.016058921813965,-0.8767315149307251,-9.44029426574707,-10.260652542114258,-7.103038787841797,-14.053191184997559,-2.2247400283813477,-3.3389360904693604,-9.77601432800293,-0.8807452917098999,0.2596304086538462,0.0067390985786914825,2864.462095815901,2553.4806539178726,2.0
-524.5180053710938,51.98936462402344,-12.143547058105469,0.08956382423639297,-5.299825668334961,-9.638001441955566,-13.777868270874023,-11.644262313842773,-16.43010902404785,-2.0956740379333496,-4.4381632804870605,-12.249476432800293,-0.5461975932121277,0.24711538461538463,0.009042779915034771,2967.1885714909904,2324.3590881665937,2.0
-499.7881164550781,47.15066146850586,-10.817312240600586,0.45639273524284363,-5.4399518966674805,-12.697653770446777,-12.149734497070312,-12.90528392791748,-19.827077865600586,-4.753767013549805,-4.643260478973389,-15.281595230102539,-2.281015396118164,0.24459510216346153,0.011200284585356712,3053.060814598765,2420.2261241067836,2.0
-425.7636413574219,39.90281295776367,-20.443832397460938,-0.21744385361671448,-6.192291736602783,-18.30459976196289,-12.598158836364746,-13.844677925109863,-16.259431838989258,-1.8685239553451538,-9.18382453918457,-10.657292366027832,-4.0163726806640625,0.24409555288461537,0.02434503845870495,3258.5500817338434,2538.009169744418,2.0
-439.9393005371094,46.68991470336914,-20.57119369506836,-1.9101107120513916,-6.544372081756592,-14.55300235748291,-13.105473518371582,-11.09810733795166,-19.620101928710938,-3.1274564266204834,-6.907529830932617,-13.234227180480957,-4.517990589141846,0.22145057091346154,0.023628786206245422,2838.1194754393982,2372.329043187673,2.0
-386.4960632324219,22.693809509277344,-17.892751693725586,2.7511932849884033,-7.106534004211426,-17.905611038208008,-11.117338180541992,-15.17003059387207,-20.982481002807617,-5.107791423797607,-9.166746139526367,-11.031929969787598,-4.663835048675537,0.2595515324519231,0.04243435710668564,3304.193320003999,2467.5492842410335,2.0
-386.6197509765625,22.482229232788086,-25.786455154418945,0.1315694898366928,-9.636442184448242,-21.63140106201172,-11.918458938598633,-18.18324851989746,-21.109750747680664,-5.518152236938477,-7.066275596618652,-14.049139976501465,-3.8327205181121826,0.25555138221153845,0.041719790548086166,3272.3605593366824,2505.2457599101617,2.0
-551.2728271484375,41.87056350708008,-15.876449584960938,3.647897958755493,0.7982518672943115,-12.391712188720703,-15.559613227844238,-15.796233177185059,-14.526312828063965,-2.615201950073242,-8.2261962890625,-7.836386680603027,-0.9226746559143066,0.252294921875,0.007658153306692839,3083.949083587804,2609.613459456582,0.0
-537.0081787109375,44.252540588378906,-14.166443824768066,2.9939517974853516,0.3845383822917938,-10.95212459564209,-14.782261848449707,-12.00615119934082,-16.036605834960938,-3.7660958766937256,-7.668753623962402,-9.666851043701172,-1.744030475616455,0.2473670372596154,0.008874301798641682,2944.9437484199348,2585.6144645034137,0.0
-520.1224975585938,43.289466857910156,-22.920289993286133,2.9344406127929688,-2.926504611968994,-12.597399711608887,-15.163810729980469,-21.4754581451416,-14.214653015136719,-1.4060704708099365,-9.356836318969727,-9.234563827514648,-2.5914969444274902,0.24814828725961538,0.008710342459380627,3143.0519183140113,2455.3900828170413,0.0
-535.2101440429688,42.639129638671875,-14.909440994262695,-2.348914623260498,-0.15364216268062592,-11.374414443969727,-16.279251098632812,-17.304428100585938,-15.108670234680176,0.5590184330940247,-6.639408111572266,-10.32256031036377,-0.9320106506347656,0.2772085336538462,0.008171270601451397,3154.4105233326177,2547.383992171816,0.0
-471.46173095703125,27.37799072265625,-25.279165267944336,-3.419661283493042,-10.21281623840332,-13.368097305297852,-19.795549392700195,-13.439079284667969,-16.140214920043945,-3.9045932292938232,-12.510034561157227,-13.16097354888916,-3.811776876449585,0.2486290564903846,0.01751299761235714,3214.8982241172325,2620.066356240446,0.0
-452.6473083496094,25.07860565185547,-22.9891414642334,-2.1633858680725098,-7.910067081451416,-13.858989715576172,-18.07644271850586,-16.108505249023438,-15.259162902832031,-4.222012996673584,-13.051664352416992,-9.663125038146973,-2.8344409465789795,0.2958195612980769,0.016518957912921906,3261.142112149696,2660.3266862706237,0.0
-438.6390075683594,21.70821762084961,-25.084251403808594,-3.0329134464263916,-6.175333499908447,-17.63950538635254,-24.211742401123047,-18.143648147583008,-17.31480598449707,-4.2848992347717285,-14.58989429473877,-11.790742874145508,-3.5094683170318604,0.2823955829326923,0.02000456303358078,3343.1726822796977,2616.0471520403275,0.0
-443.75701904296875,19.541593551635742,-27.751819610595703,-4.766829490661621,-8.226709365844727,-16.24281883239746,-22.519287109375,-15.266058921813965,-17.955692291259766,-3.1602959632873535,-14.267202377319336,-11.52560806274414,-1.263112187385559,0.270654296875,0.022401591762900352,3364.890188584606,2599.1577640362584,0.0
-554.2583618164062,57.747215270996094,-17.44048500061035,1.801055908203125,-3.607666015625,-10.132136344909668,-13.302186012268066,-9.682767868041992,-13.894465446472168,-2.9390599727630615,-5.811087608337402,-11.294745445251465,0.08798757940530777,0.24804311899038461,0.005870778113603592,2823.6783860308688,2393.284580549702,2.0
-563.0,69.7256851196289,-21.817472457885742,-1.6064574718475342,-1.3415496349334717,-11.580679893493652,-16.052621841430664,-8.3499174118042,-16.437082290649414,-7.1705002784729,-1.216029405593872,-13.667093276977539,-0.0550689697265625,0.24666841947115384,0.005476757884025574,2784.791140866697,2313.372286264345,2.0
-561.0392456054688,60.02094268798828,-12.356019020080566,-0.04364706203341484,-0.3587324917316437,-7.423069000244141,-18.50031852722168,-10.695405006408691,-14.439279556274414,-1.6639375686645508,-6.354990005493164,-12.184975624084473,1.8117345571517944,0.24627403846153847,0.006424344144761562,2962.205289135131,2411.668804243242,2.0
-545.43896484375,62.45331954956055,-17.283594131469727,0.6531912088394165,0.6150282621383667,-8.364532470703125,-14.253888130187988,-14.844656944274902,-16.087657928466797,0.9499183297157288,-4.229497909545898,-13.045672416687012,1.6181544065475464,0.25167518028846153,0.007111370097845793,2811.7282897217046,2324.2512252095225,2.0
-505.2170715332031,42.46663284301758,-20.898395538330078,5.732585430145264,-5.594853401184082,-13.295021057128906,-17.84290885925293,-11.760436058044434,-11.603063583374023,-4.187046051025391,-2.6319832801818848,-11.613299369812012,-2.220881938934326,0.2274864783653846,0.008208922110497952,3058.594279751589,2436.912203887457,2.0
-523.3506469726562,51.08274841308594,-10.557073593139648,2.6297836303710938,-9.628738403320312,-11.77139949798584,-16.019630432128906,-6.151555061340332,-15.19931411743164,-5.437262058258057,-1.4551212787628174,-14.523661613464355,-3.407959461212158,0.28353740985576925,0.009211178869009018,3006.1732231802557,2413.7903093238315,2.0
-521.3687133789062,37.144439697265625,-16.07522201538086,5.284390449523926,-7.578734397888184,-11.365806579589844,-21.972169876098633,-8.365927696228027,-13.847085952758789,-2.2998199462890625,-9.033960342407227,-10.79561996459961,-1.1850522756576538,0.28307166466346156,0.010210645385086536,3382.492531194211,2264.837223466132,2.0
-484.12860107421875,45.251930236816406,-17.93873405456543,5.16469144821167,-6.729183197021484,-17.785263061523438,-20.18071937561035,-12.970491409301758,-17.63186264038086,-4.9725799560546875,-5.7878217697143555,-14.732295989990234,-3.105086088180542,0.2560997596153846,0.011908367276191711,3109.089938510316,2339.0742338548157,2.0
-568.5354614257812,59.586517333984375,-12.452892303466797,-4.8278279304504395,-2.035527229309082,-9.686630249023438,-12.930401802062988,-9.426953315734863,-14.226127624511719,-1.4923241138458252,-4.1599578857421875,-13.130681037902832,-2.7316460609436035,0.28788311298076924,0.008288733661174774,2839.80469353471,2522.938453399838,0.0
-538.0429077148438,53.12172317504883,-17.090383529663086,-4.634504318237305,-6.784586429595947,-13.650484085083008,-16.455392837524414,-11.989073753356934,-16.812089920043945,-3.558317184448242,-8.101561546325684,-12.831095695495605,-3.2157928943634033,0.28389423076923076,0.009584910236299038,2937.735288527442,2514.7787320063567,0.0
-557.6837768554688,54.30077362060547,-13.147892951965332,-4.837168216705322,-6.655177593231201,-7.308042526245117,-15.265735626220703,-16.50527000427246,-16.708553314208984,-0.7613283395767212,-6.378454208374023,-14.467916488647461,-2.9079957008361816,0.3078913762019231,0.009005293250083923,2927.5325459652695,2478.1081742620595,0.0
-518.7396850585938,47.67134094238281,-16.342777252197266,-5.136711597442627,-5.397660732269287,-8.072823524475098,-17.31290626525879,-17.17732810974121,-19.576425552368164,0.44795045256614685,-8.29006290435791,-15.094999313354492,0.8337064981460571,0.22788837139423077,0.012300814501941204,2965.063907764413,2494.492361384007,0.0
-526.966552734375,45.85797882080078,-14.420243263244629,-7.484073638916016,-7.459314823150635,-11.039259910583496,-15.648689270019531,-12.184025764465332,-17.890233993530273,0.7604095339775085,-5.812223434448242,-12.545589447021484,-5.032497882843018,0.29059495192307694,0.00999539066106081,3193.6444223267313,2611.0301810673045,0.0
-480.3056945800781,49.08636474609375,-21.346508026123047,-3.2891173362731934,-5.381434917449951,-12.718843460083008,-15.110898971557617,-14.049179077148438,-16.12481689453125,1.2493284940719604,-8.353378295898438,-12.449772834777832,-2.0934271812438965,0.23959209735576922,0.013588767498731613,3065.237779183282,2509.138422658837,0.0
-459.5458984375,32.30628967285156,-12.139307022094727,-12.181894302368164,-9.628257751464844,-10.186741828918457,-19.753658294677734,-14.40595817565918,-20.653888702392578,-2.506782054901123,-6.469318866729736,-14.817331314086914,-3.892341375350952,0.2510066105769231,0.018233992159366608,3312.8761764242495,2558.4837305700785,0.0
-496.1357421875,29.688583374023438,-16.956314086914062,-7.214684963226318,-4.513560771942139,-9.432822227478027,-17.04058837890625,-11.95730209350586,-16.137006759643555,-1.0853453874588013,-7.1811017990112305,-14.02523136138916,-6.182802677154541,0.2767803485576923,0.013865086250007153,3333.377947773497,2613.7306487850155,0.0
-598.5391235351562,73.4317626953125,-8.86671257019043,8.392711639404297,13.166885375976562,-9.547301292419434,-6.482368469238281,-6.927144527435303,-12.805603981018066,-8.215583801269531,0.1847430318593979,-7.160211563110352,-2.883852005004883,0.26892277644230766,0.00592983141541481,2874.160029766517,2442.0226866556995,1.0
-578.2515258789062,72.23059844970703,-9.188328742980957,10.467240333557129,18.102872848510742,-8.079535484313965,-0.4892577528953552,-2.2075533866882324,-11.225212097167969,-4.826108455657959,3.1035385131835938,-3.559372901916504,-0.8677542805671692,0.225830078125,0.006742172874510288,2643.5953839672075,2573.4110270380665,1.0
-588.4698486328125,65.05282592773438,-10.334491729736328,6.406473159790039,14.340246200561523,-10.725044250488281,-2.3156380653381348,-5.660250186920166,-13.2833890914917,-6.772568225860596,0.24298565089702606,-5.2918877601623535,-3.448701858520508,0.2944861778846154,0.007226837333291769,2957.006640762477,2589.072038557191,1.0
-578.30224609375,70.64790344238281,-9.417434692382812,5.531100749969482,15.818276405334473,-11.235042572021484,-4.376571178436279,-7.929347515106201,-14.768372535705566,-6.335583686828613,-0.7616202235221863,-6.350102424621582,-3.7368152141571045,0.2662484975961538,0.007538490928709507,3035.7031097468193,2415.3987557175888,1.0
-638.7616577148438,73.40099334716797,3.7123265266418457,11.032806396484375,12.796895980834961,-4.09107780456543,-0.9839465618133545,-3.46840500831604,-7.749641418457031,-4.6413092613220215,0.175864115357399,-4.371022701263428,-5.2525200843811035,0.2967735877403846,0.0034540663473308086,2988.630862034221,2570.4739211451597,1.0
-654.2669677734375,65.82186889648438,3.2261135578155518,13.43779468536377,11.437666893005371,-1.1340134143829346,-2.732351541519165,-4.878872871398926,-6.986922740936279,-7.035038471221924,2.2062790393829346,-4.2328033447265625,-3.0683274269104004,0.2731971153846154,0.0032725781202316284,3051.9889440656416,2647.265952929796,1.0
-623.4932861328125,60.63954162597656,-3.020501136779785,10.792547225952148,7.1888837814331055,-4.707077980041504,-3.6585848331451416,-6.5101470947265625,-8.7833890914917,-5.42240571975708,0.9621730446815491,-5.678670406341553,-5.5676493644714355,0.26604567307692306,0.004665519576519728,3189.208659109099,2541.740860467113,1.0
-610.885498046875,65.92816925048828,-1.5918344259262085,10.133394241333008,8.959118843078613,-5.63035774230957,-4.129123210906982,-4.967826843261719,-10.992061614990234,-5.398833751678467,-0.3808889091014862,-4.8899827003479,-5.54197359085083,0.2787785456730769,0.004594095516949892,2998.7044065018567,2453.910510558643,1.0
-647.7310791015625,60.059261322021484,0.9583178758621216,12.212616920471191,9.662469863891602,-0.5170767903327942,-2.701495409011841,-3.996464729309082,-4.859935760498047,-5.469041347503662,2.002805471420288,-3.5398178100585938,-3.732649564743042,0.3083683894230769,0.0035910380538553,3115.5400158911452,2709.9903095210393,1.0
-682.1171264648438,54.918846130371094,3.113598108291626,12.358968734741211,10.202980041503906,1.2274746894836426,-2.146348237991333,-4.854009628295898,-3.9453158378601074,-4.711985111236572,1.228749394416809,-2.872871160507202,-2.672956705093384,0.3324106069711538,0.0026800883933901787,3170.702059910093,2683.405992068135,1.0
-638.9298706054688,61.90178680419922,-2.182864189147949,12.85484504699707,12.339674949645996,-2.3404831886291504,-4.915838241577148,-7.3956217765808105,-9.810047149658203,-4.305527210235596,1.1087429523468018,-4.92471170425415,-5.498718738555908,0.29507962740384613,0.003787299385294318,3164.0674928706067,2628.2667997939907,1.0
-647.2006225585938,50.42576599121094,-0.33740562200546265,12.233962059020996,6.529541492462158,-0.41968077421188354,-2.909231424331665,-5.627434253692627,-6.909070014953613,-3.9927523136138916,1.4773808717727661,-5.065104007720947,-4.097128391265869,0.38309044471153847,0.004121923353523016,3359.5048408368634,2656.1561367933646,1.0
-619.8514404296875,52.497859954833984,-9.345743179321289,4.503106594085693,5.66666316986084,-6.480915546417236,-6.272331714630127,-8.350905418395996,-12.767879486083984,-6.053299427032471,-3.1810574531555176,-4.93800687789917,-4.492895126342773,0.29322791466346154,0.006228787358850241,3247.6320074666146,2617.7827919158203,1.0
-569.3212890625,46.86686706542969,-7.682989597320557,2.2564244270324707,4.685396194458008,-5.728925704956055,-5.6875433921813965,-6.9851603507995605,-11.08702564239502,-4.628279209136963,-3.40023136138916,-5.395644664764404,-3.27116322517395,0.3662823016826923,0.009476620703935623,3308.601349746399,2737.3437010270704,1.0
-595.5056762695312,45.91374588012695,-7.915363788604736,3.5539870262145996,5.127345561981201,-6.34345817565918,-7.1247992515563965,-9.472704887390137,-13.274307250976562,-4.451240062713623,-3.025073766708374,-6.164524555206299,-3.3558695316314697,0.27393329326923077,0.007311558350920677,3251.375649029133,2449.0579436798043,1.0
-596.490234375,46.9266357421875,-3.644228219985962,5.604882717132568,6.039044380187988,-5.386441707611084,-6.26874303817749,-6.725406169891357,-13.916893005371094,-3.5225136280059814,-3.329007148742676,-4.9330830574035645,-3.5259227752685547,0.25660682091346154,0.007098293863236904,2693.48325915677,2213.6593629673525,1.0
-497.18017578125,32.47579574584961,-13.208172798156738,-2.2797396183013916,-2.4021530151367188,-7.393293857574463,-9.595282554626465,-6.543116569519043,-12.145578384399414,-6.271215438842773,-3.8808538913726807,-6.3063554763793945,-6.24627685546875,0.3465106670673077,0.018800368532538414,3537.0501109595384,2732.2699044184137,1.0
-495.179443359375,32.532527923583984,-14.529135704040527,-2.9071028232574463,-3.54018497467041,-7.951412200927734,-10.434112548828125,-7.155735969543457,-11.4636869430542,-7.647355079650879,-4.2723493576049805,-4.94826602935791,-7.3702874183654785,0.249658203125,0.01976153627038002,3237.3135082366034,2387.9276453848497,1.0
-505.5915832519531,34.455909729003906,-11.458230972290039,-4.005838871002197,-4.063615322113037,-9.422713279724121,-10.864348411560059,-5.426300048828125,-15.511879920959473,-5.241827964782715,-3.488651752471924,-6.68843936920166,-5.207143783569336,0.28454777644230766,0.018203865736722946,3764.4476835387227,2614.855816767295,1.0
-532.2037353515625,39.3459587097168,-10.732580184936523,-0.02364419773221016,-2.3202335834503174,-9.519330978393555,-8.65998363494873,-6.104882717132568,-15.722774505615234,-5.500058174133301,-3.054765224456787,-7.394811630249023,-5.08949613571167,0.3742412860576923,0.015779588371515274,3468.1578954345177,2573.3187164780065,1.0
-657.5862426757812,73.4327392578125,-5.481874465942383,8.949113845825195,13.54597282409668,-0.8005405068397522,-3.7901954650878906,-6.4940032958984375,-10.724879264831543,-7.204398155212402,-2.099792003631592,-5.5142741203308105,-5.9214324951171875,0.23379657451923078,0.0032820305787026882,2698.659824635857,2150.2711034760755,2.0
-631.5905151367188,75.25181579589844,-6.264819145202637,11.49587631225586,11.489668846130371,-1.1539322137832642,-2.239872455596924,-7.413029670715332,-9.512099266052246,-6.7898101806640625,-1.0489193201065063,-6.045199871063232,-7.308841705322266,0.16267277644230768,0.0038879073690623045,2496.4485267180935,2094.5120907127875,2.0
-608.4690551757812,52.61708068847656,0.16993501782417297,10.94803524017334,7.066346168518066,1.6409271955490112,-1.4083473682403564,-6.836146831512451,-7.189316749572754,-6.324091911315918,-0.06382550299167633,-5.198163986206055,-3.583364725112915,0.33971980168269234,0.004774719942361116,3264.492134733319,2510.3067249487544,2.0
-608.329833984375,55.404380798339844,-4.02412223815918,11.232504844665527,7.371059894561768,0.12252525985240936,-2.3581182956695557,-8.68507194519043,-7.73598575592041,-7.470504283905029,-1.064877986907959,-5.018096446990967,-4.545050621032715,0.21549353966346155,0.005208608694374561,2923.0258546777723,2061.784359636019,2.0
-542.5812377929688,56.6068115234375,-7.891426086425781,18.435321807861328,11.354578971862793,-2.3722774982452393,-8.99039363861084,-11.216249465942383,-10.911728858947754,-6.27065372467041,-2.947880268096924,-5.6902923583984375,-1.8595784902572632,0.197607421875,0.006748041603714228,2705.067708438256,2480.8629213207555,2.0
-617.5143432617188,50.12976837158203,-7.668264389038086,10.8633451461792,8.981061935424805,-0.39703303575515747,-5.12073278427124,-8.525456428527832,-7.854686737060547,-3.7320101261138916,-2.4130163192749023,-5.994128227233887,-1.1823641061782837,0.3578125,0.004082858096808195,3242.779697391789,2622.3424100055922,2.0
-601.8869018554688,52.36360549926758,2.845259428024292,3.237736463546753,5.116684913635254,-0.5067113041877747,-6.2907795906066895,-11.211525917053223,-12.165217399597168,-7.660778045654297,-2.0567803382873535,-10.886024475097656,-3.3157994747161865,0.23800706129807692,0.005077623296529055,3392.442688375313,2532.6515699481056,2.0
-626.0849609375,41.47369384765625,-3.739774703979492,13.962875366210938,10.834918022155762,3.4402222633361816,-3.1036906242370605,-11.04648494720459,-4.424967288970947,-1.6538628339767456,-1.4645241498947144,-4.695470333099365,1.1400097608566284,0.3134314903846154,0.004380959551781416,3563.629852496355,2675.907941051648,2.0
-534.5942993164062,44.119144439697266,-11.413926124572754,1.9111149311065674,-0.4099270701408386,-6.536661624908447,-5.1338958740234375,-5.474787712097168,-13.006726264953613,-6.426103591918945,-2.7634873390197754,-7.014742374420166,-4.392533779144287,0.35537109375,0.014371742494404316,3465.8856634164636,2711.6989814657845,2.0
-519.3428955078125,44.1689338684082,-11.054100036621094,3.698590040206909,-0.20210333168506622,-6.6112565994262695,-6.975351333618164,-5.094437122344971,-12.792451858520508,-6.874217987060547,-2.1900551319122314,-7.548604488372803,-4.665948867797852,0.202685546875,0.015141063369810581,3006.9977791627957,2356.191639285337,2.0
-535.4678955078125,43.59096145629883,-9.082221031188965,1.8486721515655518,1.6794253587722778,-6.894802570343018,-4.953681945800781,-5.810248851776123,-10.800439834594727,-6.260127544403076,-4.10935640335083,-6.8250579833984375,-4.600794315338135,0.31861102764423077,0.01430689636617899,3306.3198812857127,2602.957282871858,2.0
-532.4620361328125,41.669456481933594,-10.383967399597168,2.3349077701568604,-2.203951120376587,-7.92181396484375,-9.002615928649902,-4.2732696533203125,-13.623433113098145,-8.512718200683594,-2.9390437602996826,-9.045232772827148,-7.06094217300415,0.34170297475961536,0.014263342134654522,3470.870052566264,2550.260902460379,2.0
-404.4021301269531,32.58039855957031,-17.833559036254883,-0.8561366200447083,-7.344791889190674,-8.083587646484375,-8.427753448486328,-4.707766532897949,-10.381330490112305,-9.300383567810059,-3.8087689876556396,-4.010092258453369,-6.135870933532715,0.2872521033653846,0.04157881811261177,3227.446191829914,2656.5406159226077,2.0
-426.7685241699219,31.991668701171875,-19.188480377197266,-2.58785343170166,-6.056047439575195,-9.375441551208496,-6.80215311050415,-6.372771263122559,-10.204641342163086,-7.613847732543945,-5.154646396636963,-5.179474353790283,-5.033496856689453,0.31072716346153845,0.040820445865392685,3153.375234352637,2670.0566486380712,2.0
-393.9107971191406,23.900707244873047,-18.604848861694336,-3.683175802230835,-5.852361679077148,-5.973509788513184,-7.260617733001709,-7.682141304016113,-8.452548027038574,-6.930319309234619,-4.62948751449585,-4.546920299530029,-3.4095845222473145,0.25299353966346155,0.047415658831596375,2937.4964851101217,2752.272922829034,2.0
-394.3681945800781,25.39556884765625,-16.252662658691406,-2.9611008167266846,-5.649606704711914,-8.87844181060791,-7.344622611999512,-6.596748352050781,-10.993578910827637,-8.470817565917969,-4.279729843139648,-7.338482856750488,-5.1979289054870605,0.34289362980769234,0.04133743420243263,3458.8838929239064,2654.176259065919,2.0
-577.2725219726562,54.53983688354492,-4.011678218841553,7.646875858306885,8.497089385986328,-4.058743953704834,-3.169018268585205,-8.615401268005371,-10.334802627563477,-3.5629191398620605,-2.2034757137298584,-4.238334655761719,-3.589569568634033,0.2676870492788462,0.006240148562937975,3169.7136292737473,2412.2060458775877,0.0
-672.707275390625,55.0654182434082,-3.1871581077575684,8.48476505279541,8.289223670959473,-0.22345970571041107,-1.056684970855713,-3.9031925201416016,-9.017587661743164,-3.978097677230835,1.5196752548217773,-6.017856597900391,-2.945769786834717,0.3809307391826923,0.003422350622713566,3330.062100721707,2712.670833208343,0.0
-621.1553955078125,40.72758865356445,-4.9396820068359375,7.41294527053833,6.845219612121582,-1.3238537311553955,-3.494694471359253,-6.65251350402832,-8.886462211608887,-5.007654666900635,0.06563661992549896,-5.872914791107178,-1.9949089288711548,0.43865309495192306,0.0043867421336472034,3514.3148897253013,2757.715990949723,0.0
-653.0162353515625,43.06975555419922,-4.663247585296631,6.059855937957764,5.120891094207764,-1.7260994911193848,-3.5559189319610596,-7.541566371917725,-8.924703598022461,-5.40604829788208,-2.304964542388916,-5.000695705413818,-2.543351888656616,0.29861778846153847,0.003981990274041891,3397.371872307576,2383.4674733826837,0.0
-507.3038330078125,51.14958572387695,-16.5687198638916,6.179553508758545,6.5736470222473145,-11.455777168273926,-10.983367919921875,-11.944779396057129,-14.807474136352539,-6.113243579864502,-2.9900310039520264,-9.847214698791504,-3.3444595336914062,0.2510291466346154,0.013251876458525658,2827.2505390442525,2376.7584672123517,0.0
-528.5496826171875,50.246307373046875,-9.641912460327148,6.369924068450928,4.321504592895508,-9.029004096984863,-6.769654273986816,-12.615479469299316,-12.04366683959961,-7.601355075836182,-3.357196092605591,-7.155977249145508,-3.2083284854888916,0.194970703125,0.012461042031645775,2984.658612887558,2430.183803320289,0.0
-477.5021667480469,43.06894302368164,-15.790467262268066,1.034345030784607,2.5215799808502197,-10.620349884033203,-11.48265266418457,-10.31143856048584,-13.111812591552734,-6.79881477355957,-2.2413811683654785,-10.163704872131348,-6.091520309448242,0.3087890625,0.019425204023718834,3228.35207611008,2498.3778861880182,0.0
-500.03912353515625,53.75960922241211,-11.739073753356934,2.19767427444458,4.724390506744385,-5.877955913543701,-9.528435707092285,-11.969146728515625,-15.977614402770996,-7.3881402015686035,-3.104808807373047,-9.526556968688965,-5.023623466491699,0.12463942307692308,0.014519690535962582,2373.301342191417,1973.741826062631,0.0
-608.9878540039062,56.39997100830078,-0.6627163290977478,10.47001838684082,4.3735504150390625,2.541370153427124,-1.7685240507125854,-3.437589645385742,-5.807596683502197,-5.719719409942627,1.2307876348495483,-3.629544496536255,-5.399737358093262,0.26922325721153845,0.004428070969879627,3401.129944559835,2621.6076161375513,2.0
-608.4217529296875,55.39225769042969,-2.864017963409424,10.124974250793457,5.0093092918396,-0.9301452040672302,-3.0885419845581055,-5.4428863525390625,-6.826836585998535,-4.3317108154296875,-0.424295037984848,-3.811624765396118,-4.795534133911133,0.3146259014423077,0.0038324191700667143,3306.758502400582,2638.416773083643,2.0
-640.9515991210938,45.250186920166016,1.637400507926941,8.262767791748047,3.8306188583374023,1.35466468334198,-3.40327525138855,-7.07954216003418,-4.67366361618042,-3.4454073905944824,-1.2654612064361572,-4.959498882293701,-4.676145553588867,0.36277794471153846,0.003332983935251832,3594.8191444964764,2659.730005176044,2.0
-645.134521484375,47.70421600341797,5.255682945251465,7.436107635498047,4.104394435882568,0.26327967643737793,-1.4987454414367676,-7.9252214431762695,-6.345580101013184,-3.6609151363372803,-2.0104610919952393,-6.009970664978027,-3.778815746307373,0.3893254206730769,0.004007519222795963,3624.761213247987,2691.9193477161516,2.0
-524.4060668945312,50.00004959106445,-3.8595848083496094,8.198054313659668,0.9077330231666565,-2.9964895248413086,-5.988643169403076,-3.5954580307006836,-10.4675874710083,-7.2389235496521,-1.8220161199569702,-6.44446325302124,-3.989912271499634,0.21630108173076923,0.01017062459141016,3244.559189851174,2571.874009532425,2.0
-528.1316528320312,57.18460464477539,-3.6468963623046875,10.063606262207031,-0.0561906099319458,-2.533024787902832,-5.09876823425293,-4.664257049560547,-10.98120403289795,-6.630105495452881,-1.6663838624954224,-7.51272439956665,-4.568069934844971,0.25389873798076923,0.008633621037006378,3224.823204667472,2454.3773653624035,2.0
-528.1825561523438,51.0616340637207,-0.5420729517936707,6.782351493835449,3.4591152667999268,0.026747306808829308,-8.20683479309082,-6.473971366882324,-11.33662223815918,-7.258502960205078,-3.286696672439575,-8.699193954467773,-6.105804920196533,0.2654897836538462,0.010559579357504845,3470.368108785026,2504.0634641522724,2.0
-537.0196533203125,51.03769302368164,0.2805711030960083,7.674722194671631,2.711205005645752,-2.3578567504882812,-8.87432861328125,-5.660057067871094,-14.903889656066895,-6.431433200836182,-2.2662575244903564,-9.543143272399902,-5.827780246734619,0.17733248197115384,0.00952358078211546,2716.0783722247543,1987.7947665323934,2.0
-555.7477416992188,46.89409255981445,-10.09766960144043,3.5014564990997314,2.5819387435913086,-6.544464111328125,-7.825748443603516,-9.576068878173828,-11.206748008728027,-4.818098545074463,-1.4207791090011597,-6.191989421844482,-4.057721138000488,0.3415790264423077,0.012014434672892094,3366.64145418631,2668.722150968712,0.0
-567.3983154296875,48.75423812866211,-8.33761978149414,3.672316789627075,5.083118438720703,-5.42205810546875,-8.31038761138916,-6.538015365600586,-10.730693817138672,-2.5095741748809814,-0.25597938895225525,-6.252065658569336,-4.279425144195557,0.33239182692307695,0.010986470617353916,3199.651311382758,2659.6112184919093,0.0
-533.6209106445312,49.94001388549805,-7.849369525909424,0.8909820318222046,3.3965835571289062,-2.842534065246582,-7.556955337524414,-6.532533645629883,-11.893925666809082,-3.7474594116210938,0.8944820761680603,-3.927381992340088,-5.2055768966674805,0.3045823317307692,0.013834607787430286,3082.6418952681015,2620.502814319185,0.0
-525.578125,46.42833709716797,-10.94154167175293,-1.4922716617584229,0.6353945136070251,-5.954696178436279,-8.351629257202148,-8.703824996948242,-11.61618423461914,-4.479036808013916,-2.33786678314209,-5.2028608322143555,-6.707840442657471,0.33812349759615384,0.014446818269789219,3043.2819067654477,2712.0718246457436,0.0
-497.1397705078125,43.58285140991211,-11.83561897277832,1.6849071979522705,3.1402628421783447,-5.975152969360352,-13.003524780273438,-9.268086433410645,-10.835062980651855,-5.3148980140686035,-3.5304031372070312,-6.994846343994141,-8.525215148925781,0.2934833233173077,0.01640900783240795,3263.771272126622,2623.566383632493,0.0
-503.2694091796875,43.617366790771484,-13.701485633850098,-1.206557035446167,-2.184999942779541,-6.522980213165283,-11.333699226379395,-10.359139442443848,-11.124226570129395,-5.427035808563232,-3.2676897048950195,-6.510259628295898,-5.795953273773193,0.36512169471153844,0.01776777394115925,3301.416978159288,2639.31224699491,0.0
-488.36370849609375,34.19955062866211,-13.704498291015625,-4.61634635925293,-5.377427577972412,-6.887308597564697,-10.85483455657959,-10.653247833251953,-11.270538330078125,-6.500267505645752,-4.355888366699219,-5.733107566833496,-7.638669490814209,0.26785606971153847,0.020914504304528236,3362.3640943251935,2580.3011669292496,0.0
-509.128662109375,36.8294677734375,-12.603010177612305,-2.033796548843384,-2.049259662628174,-5.5663580894470215,-10.948503494262695,-8.753412246704102,-11.237366676330566,-5.147192478179932,-3.62463116645813,-5.4278998374938965,-6.653741836547852,0.35770733173076924,0.016972586512565613,3312.422052710122,2706.9588360638063,0.0
-654.2874145507812,52.28721237182617,-9.963229179382324,0.6786339282989502,-10.344741821289062,-9.665548324584961,-13.889963150024414,-15.374161720275879,-10.26398754119873,-7.886139392852783,-10.157397270202637,-3.609743595123291,-7.128402233123779,0.16461087740384617,0.0031308613251894712,2080.1011222202155,1720.1477660628666,1.0
-654.735107421875,48.99258041381836,-16.006149291992188,1.461706280708313,-10.407649993896484,-12.083854675292969,-12.526568412780762,-15.755363464355469,-9.583850860595703,-6.612863540649414,-11.490523338317871,-3.657393217086792,-6.355231285095215,0.22928936298076924,0.0028370944783091545,2464.894476785097,1949.7910490413608,1.0
-649.9385986328125,51.29338073730469,-10.013493537902832,3.717642068862915,-11.005046844482422,-6.753289699554443,-14.522663116455078,-14.377635955810547,-7.203029155731201,-6.298066139221191,-7.861761093139648,-0.40450045466423035,-8.121211051940918,0.1663799579326923,0.003530259244143963,2251.6148549927825,1830.4532160344932,1.0
-647.7205810546875,46.36615753173828,-6.775608062744141,4.0801849365234375,-10.208587646484375,-6.958761692047119,-18.31279754638672,-14.802407264709473,-9.344198226928711,-7.1673197746276855,-10.022709846496582,-1.7296212911605835,-5.16343355178833,0.243505859375,0.00415419414639473,2545.3453111296085,2028.8054284989623,1.0
-712.5870971679688,45.2662353515625,-5.386284828186035,3.1198740005493164,-4.837950706481934,-6.730283260345459,-13.291085243225098,-15.31804084777832,-10.1312837600708,-7.5902886390686035,-8.747306823730469,-4.14926815032959,-9.421270370483398,0.2131873497596154,0.0016269201878458261,2851.2151647116257,2177.720516514579,1.0
-719.2035522460938,48.415435791015625,-2.7544479370117188,3.1693472862243652,-7.760872840881348,-6.483797550201416,-9.621005058288574,-12.376429557800293,-10.195053100585938,-4.936326026916504,-8.199941635131836,-3.579254150390625,-8.613212585449219,0.18162560096153846,0.0017063572304323316,2098.5171737151013,1766.5548809923887,1.0
-680.60302734375,42.54133224487305,0.749049961566925,10.512083053588867,-8.66524887084961,-4.499519348144531,-14.044014930725098,-11.482542037963867,-8.993056297302246,-6.958008289337158,-5.878454208374023,-2.8244128227233887,-9.46838092803955,0.3191706730769231,0.002082939725369215,3337.5035872998924,2468.9675382656333,1.0
-659.3534545898438,44.18111801147461,0.9258023500442505,0.603946328163147,-1.9819236993789673,-4.411916732788086,-14.450230598449707,-8.88407039642334,-9.732357025146484,-4.970268249511719,-9.709461212158203,-1.2123081684112549,-6.657254219055176,0.29259314903846156,0.0029741828329861164,3074.1410413173,2407.0216744419427,1.0
-626.2936401367188,49.247413635253906,-13.790312767028809,-0.5865755677223206,-11.57715892791748,-11.606764793395996,-14.531352043151855,-12.680124282836914,-11.619635581970215,-8.870928764343262,-9.23573112487793,-2.6272597312927246,-9.088597297668457,0.2000450721153846,0.003568944986909628,2458.576313433688,1788.0385702775802,1.0
-643.4456787109375,52.98381042480469,-5.635085105895996,7.426357746124268,-6.856353282928467,-7.6240386962890625,-11.374065399169922,-10.677056312561035,-11.376204490661621,-9.649648666381836,-3.7684919834136963,-4.329189300537109,-9.906957626342773,0.10782001201923076,0.00249316543340683,2095.1999737195374,1812.3492032781116,1.0
-663.4661865234375,50.878238677978516,0.43670350313186646,-0.6980335116386414,-10.90190601348877,-9.72380256652832,-14.145960807800293,-8.781559944152832,-14.987156867980957,-9.44171142578125,-6.580394744873047,-4.189373016357422,-10.033907890319824,0.2167292668269231,0.0027763068210333586,2887.8702918040453,2254.362525939315,1.0
-638.1058959960938,43.45242691040039,-1.3340590000152588,-1.4428213834762573,-6.204257488250732,-7.847752571105957,-13.839641571044922,-8.773932456970215,-14.939929962158203,-9.938851356506348,-4.136033535003662,-5.4742112159729,-9.153897285461426,0.27212289663461536,0.003205321030691266,3271.706390363628,2568.306269339367,1.0
-626.1442260742188,48.22502517700195,-14.36780071258545,0.600667417049408,-8.348068237304688,-10.191954612731934,-11.063542366027832,-9.876168251037598,-11.084885597229004,-7.53040885925293,-11.296512603759766,-1.0802332162857056,-8.846753120422363,0.21173001802884617,0.004019399173557758,2429.9558209789425,1956.453967286049,1.0
-600.546142578125,54.25454330444336,-21.96973419189453,4.600715637207031,-6.960318565368652,-11.712475776672363,-11.40429973602295,-12.075765609741211,-10.249341011047363,-5.116573333740234,-12.893244743347168,-0.0517083965241909,-7.91361665725708,0.18529146634615384,0.004510028287768364,2274.979979230159,1849.6133373488628,1.0
-649.0755004882812,55.15839385986328,-17.11420440673828,-1.3614743947982788,-7.341782569885254,-8.500839233398438,-12.458526611328125,-11.270813941955566,-8.779217720031738,-6.522629737854004,-7.822783470153809,-0.6900835633277893,-7.7519049644470215,0.23598257211538462,0.0039049882907420397,2836.0486760686636,2183.491089959026,1.0
-573.506591796875,40.808650970458984,-20.235666275024414,1.1082329750061035,-10.387933731079102,-11.923221588134766,-16.78387451171875,-10.630142211914062,-11.219717979431152,-9.321975708007812,-9.022998809814453,-1.9038127660751343,-10.129195213317871,0.2333984375,0.006771690212190151,2566.7437393972436,1908.9904210427048,1.0
-468.4449462890625,42.37882995605469,-29.426462173461914,6.487828731536865,-14.183562278747559,-20.38178253173828,-8.598411560058594,-14.322165489196777,-7.760143756866455,-4.169781684875488,-11.894166946411133,5.018345355987549,-9.719121932983398,0.15647911658653846,0.013762794435024261,2725.226738942103,2072.3199443428384,1.0
-486.5306396484375,41.63163757324219,-24.986135482788086,12.641241073608398,-9.975022315979004,-14.020325660705566,-6.633255481719971,-10.835078239440918,-6.299026966094971,-2.0366499423980713,-10.618599891662598,6.0493574142456055,-2.399470806121826,0.14062875600961539,0.013178578577935696,2290.609561908304,1852.5811248703767,1.0
-485.7639465332031,35.80750274658203,-26.396852493286133,2.055715799331665,-14.855354309082031,-18.52761459350586,-15.37000846862793,-14.25010871887207,-14.198554992675781,-3.95805287361145,-11.985102653503418,0.680385410785675,-12.285640716552734,0.1542292668269231,0.014405826106667519,2647.691932607492,1966.110214759951,1.0
-451.7301025390625,24.7308406829834,-27.83502960205078,-5.642740726470947,-19.303537368774414,-19.584875106811523,-16.186805725097656,-12.39200496673584,-12.734830856323242,-5.95095157623291,-14.59459400177002,-2.6643683910369873,-11.475364685058594,0.16788611778846155,0.023336010053753853,2662.7912559663782,2055.4995007771686,1.0
-646.35791015625,51.89533615112305,-2.729287624359131,5.671631813049316,-6.1326584815979,-9.782597541809082,-14.773208618164062,-8.058982849121094,-11.648551940917969,-7.3064069747924805,-9.615102767944336,-4.0416083335876465,-6.809826850891113,0.1738055889423077,0.002366506028920412,2626.0282422960313,2110.8056435286417,2.0
-678.2157592773438,57.64458465576172,0.4791179895401001,9.511773109436035,-6.067728042602539,-4.590226650238037,-11.66627311706543,-9.603472709655762,-7.802321434020996,-3.242215871810913,-10.290874481201172,-1.2144432067871094,-6.5879364013671875,0.12667142427884615,0.0019331184448674321,2363.142841821842,2022.0959100260022,2.0
-671.0449829101562,50.947166442871094,-8.786905288696289,2.502267360687256,-10.477513313293457,-6.132373809814453,-13.171253204345703,-16.258420944213867,-10.286454200744629,-9.249401092529297,-9.86638355255127,-2.750857353210449,-8.396149635314941,0.1993389423076923,0.003114600433036685,2268.7402697840093,1869.990536669066,2.0
-650.182861328125,56.4766845703125,-1.373781681060791,6.370685577392578,-9.846470832824707,-4.301565647125244,-12.136801719665527,-7.381457328796387,-9.496492385864258,-7.041804313659668,-5.457740783691406,-4.172407627105713,-5.287890434265137,0.1588416466346154,0.0025784519966691732,2656.0961770438093,2039.2618394158906,2.0
-538.7085571289062,38.23444366455078,-23.299877166748047,1.8440381288528442,-11.716445922851562,-17.435800552368164,-14.729083061218262,-21.619178771972656,-16.846426010131836,-0.08937100321054459,-11.450170516967773,-8.160694122314453,3.98006534576416,0.3055588942307692,0.0076887477189302444,3053.0288506063125,2406.4852540962584,2.0
-540.2730102539062,47.243106842041016,-16.02239990234375,4.77451753616333,-13.326761245727539,-18.354991912841797,-7.1175217628479,-13.485307693481445,-12.137941360473633,-1.8172285556793213,-10.076759338378906,-1.1073923110961914,1.3077832460403442,0.223486328125,0.006939357612282038,2681.7678278731064,2108.0977757422925,2.0
-523.52587890625,47.66620635986328,-9.441137313842773,3.7342846393585205,-11.437186241149902,-15.861886024475098,-20.83538055419922,-19.291501998901367,-18.8797664642334,-4.705942153930664,-19.398075103759766,-5.287765979766846,0.34223446249961853,0.24491436298076924,0.008443785831332207,3054.389903337531,2178.527151262284,2.0
-657.148681640625,37.29169845581055,0.3511347770690918,-0.02902597188949585,-10.648052215576172,-7.330530643463135,-9.720982551574707,-8.263886451721191,-14.338149070739746,-4.872324466705322,-8.341066360473633,-2.370530843734741,-3.618521213531494,0.18806340144230768,0.0030126713681966066,2399.8479788809636,1700.8637679357478,2.0
-450.3066101074219,39.76301574707031,-24.4256591796875,2.9804794788360596,-19.6627140045166,-16.715669631958008,-5.912659645080566,-14.500398635864258,-10.725078582763672,-3.1287243366241455,-13.206583023071289,3.2739362716674805,-6.669386386871338,0.12164963942307692,0.019319746643304825,2110.579568427713,1608.5730835485003,2.0
-468.5612487792969,36.871578216552734,-21.80377769470215,-0.24853233993053436,-14.529672622680664,-13.625072479248047,-9.429536819458008,-10.774185180664062,-11.049838066101074,-1.9492543935775757,-9.359971046447754,0.35509851574897766,-3.832921028137207,0.17744891826923076,0.02004571259021759,2370.27623197243,1913.9871551587685,2.0
-495.2713928222656,39.8000602722168,-18.83723258972168,4.194118976593018,-12.566705703735352,-12.198567390441895,-8.376812934875488,-15.738279342651367,-10.882637977600098,-2.9716248512268066,-7.564281940460205,1.9845283031463623,-3.9800288677215576,0.21241361177884616,0.014951124787330627,2770.511809307498,1999.595023860867,2.0
-444.6437072753906,36.2147331237793,-23.36349868774414,-1.4400465488433838,-13.528326988220215,-21.229183197021484,-13.069854736328125,-16.468904495239258,-14.725547790527344,-2.843919515609741,-10.16198444366455,1.298838496208191,-6.386468887329102,0.2194561298076923,0.023234261199831963,2857.8192222301464,2173.0083072255356,2.0
-383.0220642089844,27.253129959106445,-21.47368812561035,6.864178657531738,-22.564434051513672,-16.865154266357422,-5.647261142730713,-13.184378623962402,-11.176186561584473,-6.69374942779541,-14.191336631774902,4.04524564743042,-10.525910377502441,0.16582782451923078,0.03766791149973869,2566.593440643047,1912.765198472481,2.0
-418.71014404296875,29.061689376831055,-23.303857803344727,4.2985615730285645,-18.40578842163086,-16.70686912536621,-6.017054080963135,-12.774576187133789,-13.221298217773438,-4.6010026931762695,-14.263718605041504,3.929300546646118,-7.010715007781982,0.15308743990384616,0.02939973957836628,2361.1843218017084,1804.1419850774387,2.0
-444.8211669921875,36.46043395996094,-15.89704418182373,1.1602602005004883,-15.227792739868164,-15.021784782409668,-12.022724151611328,-15.362335205078125,-11.716684341430664,-5.063230037689209,-10.275047302246094,4.701282978057861,-7.1801910400390625,0.25177283653846155,0.023196803405880928,3452.521466369469,2329.2894159926977,2.0
-489.95294189453125,12.716621398925781,-11.927878379821777,-0.026280270889401436,-17.634870529174805,-9.62443733215332,-8.391176223754883,-12.206417083740234,-8.928044319152832,-5.746118545532227,-8.441811561584473,0.9541335701942444,-6.906057357788086,0.24488055889423077,0.01720747910439968,2814.019296391359,1856.56904342541,2.0
-461.4075012207031,25.09872817993164,-17.42962646484375,0.21674522757530212,-15.910836219787598,-13.889274597167969,-13.579843521118164,-16.184131622314453,-6.708279132843018,-5.743934154510498,-11.351680755615234,2.1489217281341553,-7.556377410888672,0.23770658052884616,0.0172123983502388,3476.7232479054787,2496.4952065140697,0.0
-468.8995361328125,26.971553802490234,-23.900100708007812,-5.831851959228516,-19.143861770629883,-14.347481727600098,-12.189005851745605,-15.21544075012207,-9.784601211547852,-6.9497904777526855,-11.047202110290527,-2.7407310009002686,-8.131261825561523,0.16529822716346154,0.014720085076987743,2822.448459427699,2064.4280354088323,0.0
-474.3540954589844,27.327760696411133,-14.20820426940918,-3.4512133598327637,-16.686250686645508,-14.019793510437012,-19.09263801574707,-13.033763885498047,-12.422736167907715,-5.291676044464111,-12.97269344329834,-4.258982181549072,-6.356268882751465,0.23799579326923076,0.016106920316815376,3046.075816225797,2326.2545331979286,0.0
-478.8404541015625,30.402406692504883,-14.443305015563965,-2.8044333457946777,-16.52107810974121,-9.463420867919922,-13.207551956176758,-14.960261344909668,-8.612509727478027,-5.000287055969238,-10.169747352600098,-3.043123245239258,-8.046295166015625,0.23704552283653846,0.014314142987132072,3052.740405084249,2285.6038910144816,0.0
-394.65191650390625,18.541851043701172,-37.88295364379883,-12.396660804748535,-15.063886642456055,-24.111156463623047,-20.25790023803711,-24.14252281188965,-12.597156524658203,-0.2596171498298645,-1.053163766860962,15.471842765808105,11.685402870178223,0.13417217548076923,0.04292071983218193,2387.3806128403858,1950.1755254221493,0.0
-435.9749450683594,18.143959045410156,-22.02289581298828,-10.356181144714355,-16.949552536010742,-19.606578826904297,-11.84709358215332,-14.437431335449219,-13.064544677734375,-5.549832820892334,-8.855863571166992,3.5782482624053955,8.190553665161133,0.28564453125,0.024509677663445473,3325.6541341181414,2480.7407937900734,0.0
-429.3138122558594,5.972690582275391,-30.748071670532227,-13.173514366149902,-13.020751953125,-16.926671981811523,-20.924541473388672,-19.220905303955078,-13.607932090759277,2.796579360961914,0.723341703414917,15.780254364013672,15.085817337036133,0.17235952524038461,0.038335222750902176,2576.6727557090567,1963.8396406457287,0.0
-397.0171203613281,4.639636516571045,-34.164451599121094,-21.98146629333496,-15.210799217224121,-18.706073760986328,-22.65049171447754,-18.01799201965332,-14.956653594970703,4.544938564300537,6.002665996551514,24.20667839050293,17.901168823242188,0.16168118990384617,0.05518963187932968,2507.3547015927456,1995.1147488983868,0.0
-562.4810180664062,51.023155212402344,-27.98171615600586,7.276423454284668,-17.45320701599121,-15.08218002319336,-12.250056266784668,-14.25259017944336,-13.633075714111328,-5.860001087188721,-10.709968566894531,-4.049188613891602,-8.2650785446167,0.08363131009615385,0.006355684716254473,1685.7824489396808,1368.931663215941,2.0
-521.20703125,53.71121597290039,-22.68708610534668,4.165119647979736,-17.688627243041992,-16.475154876708984,-11.716261863708496,-14.314421653747559,-10.223615646362305,-3.179455041885376,-11.483464241027832,-3.152710437774658,-5.3918304443359375,0.23878079927884616,0.007927313446998596,2589.3588282167866,1945.959883109568,2.0
-543.6162109375,44.477577209472656,-25.2647762298584,5.620739459991455,-21.80265235900879,-13.276336669921875,-17.1309871673584,-20.033334732055664,-10.835180282592773,-7.67624044418335,-12.992960929870605,0.6232282519340515,-8.450051307678223,0.2682579627403846,0.007971299812197685,2909.1157771455823,1839.957739370751,2.0
-525.3245849609375,57.13313674926758,-24.329147338867188,-0.20330476760864258,-16.767221450805664,-14.641343116760254,-16.403602600097656,-17.07489013671875,-16.475194931030273,-1.5082218647003174,-8.515946388244629,-6.538416385650635,-0.9389114379882812,0.24502704326923078,0.009245485067367554,2984.946141436443,1903.0521427749607,2.0
-567.8385620117188,57.82050323486328,-12.41789722442627,1.168332576751709,-20.90711212158203,-10.624265670776367,-14.911185264587402,-14.805553436279297,-12.787004470825195,0.811798095703125,-8.716694831848145,-1.7492468357086182,-4.635786533355713,0.25113055889423075,0.003726460039615631,2810.8719769821737,2112.3591099008313,2.0
-455.9468688964844,29.663480758666992,-31.350830078125,-2.378542423248291,-20.297828674316406,-16.185216903686523,-18.739625930786133,-12.022605895996094,-7.266577243804932,0.4635647237300873,-9.941669464111328,0.4216456711292267,-1.420609951019287,0.22110501802884616,0.016130873933434486,3072.886233327869,2277.8086584309485,2.0
-469.1659851074219,34.19784164428711,-27.69134521484375,-7.935733795166016,-18.524188995361328,-14.61331844329834,-19.968780517578125,-17.11516761779785,-11.131097793579102,-5.340876579284668,-10.948851585388184,-1.1273843050003052,-10.19168758392334,0.2955078125,0.017673175781965256,3212.5618722352942,2162.891862743469,2.0
-473.5245666503906,21.762802124023438,-18.9453182220459,-1.2838696241378784,-18.32274627685547,-18.845666885375977,-20.793678283691406,-17.738449096679688,-15.793933868408203,-4.698805809020996,-9.748533248901367,-4.151632308959961,-8.99795913696289,0.24951923076923077,0.016523588448762894,3078.130533592219,2169.008686256175,2.0
-664.2860107421875,32.69648361206055,-3.5228753089904785,0.29949188232421875,-8.956137657165527,-5.738811016082764,-8.764581680297852,-9.118087768554688,-7.725380897521973,-7.020768642425537,-7.370237350463867,-5.196168899536133,-8.879091262817383,0.20060847355769232,0.00275747524574399,2379.668594846494,1955.6790021806046,0.0
-543.0670776367188,38.68658447265625,-17.402854919433594,-4.0896196365356445,-14.22974967956543,-11.815241813659668,-16.251073837280273,-16.049240112304688,-7.059370517730713,-4.912884712219238,-11.410847663879395,-3.7211830615997314,-6.983637809753418,0.209228515625,0.00903406459838152,2563.824598230259,2078.4153538417177,0.0
-581.8583984375,33.07433319091797,-11.631433486938477,1.0827597379684448,-11.927549362182617,-6.756264686584473,-13.22638988494873,-10.899811744689941,-7.808740139007568,-5.737360954284668,-7.604870796203613,-0.046534229069948196,-8.401323318481445,0.22900766225961539,0.007180941291153431,2768.7835486738745,2062.262287450465,0.0
-563.2465209960938,28.093042373657227,-19.76188850402832,-2.0571072101593018,-17.367036819458008,-11.143000602722168,-17.705455780029297,-17.563365936279297,-7.203984260559082,-8.22375774383545,-9.533823013305664,-3.474365234375,-6.8579630851745605,0.26400615985576925,0.008597874082624912,2791.508916166085,2187.0428110226044,0.0
-471.6415100097656,48.55615997314453,-20.039833068847656,-8.28937816619873,-20.454938888549805,-18.727062225341797,-14.353174209594727,-16.06516456604004,-11.235505104064941,-5.092196941375732,-11.747459411621094,5.906534194946289,-2.7025771141052246,0.18785306490384615,0.015318329446017742,2789.745062880268,2103.998335509844,0.0
-476.9113464355469,38.831695556640625,-23.912628173828125,-4.212091445922852,-18.98421287536621,-23.251079559326172,-16.143587112426758,-16.346721649169922,-9.184637069702148,-1.1560276746749878,-8.228019714355469,5.9634222984313965,-4.972762584686279,0.1750751201923077,0.013360473327338696,2604.0149849625914,1972.1838585921141,0.0
-444.438720703125,27.802579879760742,-8.629687309265137,0.9352450966835022,-14.507233619689941,-7.117899417877197,-13.005009651184082,-11.774213790893555,-2.123486042022705,-6.10982084274292,-7.4146575927734375,-3.527054786682129,-9.384430885314941,0.19464017427884617,0.016775254160165787,3184.8482630196295,2365.0331835565144,0.0
-477.8150329589844,33.618553161621094,-6.757490634918213,-3.2935097217559814,-8.176765441894531,-10.282083511352539,-15.135261535644531,-9.475278854370117,-11.0830659866333,-3.603682279586792,-10.193690299987793,-5.0554375648498535,-5.935668468475342,0.21141075721153846,0.015230685472488403,2978.7275954154265,2317.200443391185,0.0
-681.92529296875,60.253665924072266,0.6060103178024292,13.558146476745605,8.38965129852295,0.47050029039382935,-3.6465117931365967,-3.5778348445892334,-12.17161750793457,-3.223376989364624,0.8137302994728088,-3.417133331298828,2.0812740325927734,0.3449744591346154,0.0024812996853142977,3317.8796700391904,2573.1494178078465,1.0
-674.3547973632812,61.28231430053711,-1.7587709426879883,17.72203254699707,9.72537899017334,-0.2051052451133728,-1.5635261535644531,-5.90485954284668,-12.91589069366455,-1.5337244272232056,0.8951448798179626,-2.964279890060425,1.0891773700714111,0.36221829927884613,0.002678757533431053,3091.6981729783624,2618.1023633399886,1.0
-677.84033203125,62.68305969238281,-0.07447744160890579,14.536500930786133,5.596521377563477,1.0390105247497559,-2.469041585922241,-6.033867359161377,-11.388466835021973,-4.13815975189209,0.4572569727897644,-3.213682174682617,1.870034098625183,0.38360877403846155,0.0030465072486549616,3113.9095993539595,2581.6775373330584,1.0
-676.6397705078125,58.58873748779297,2.6390199661254883,13.680298805236816,7.0924835205078125,2.8823773860931396,-1.914978265762329,-7.563102722167969,-11.114906311035156,-3.638864040374756,1.0640449523925781,-1.7393591403961182,0.43536242842674255,0.3837101862980769,0.0027576463762670755,3041.019656948233,2640.243535489681,1.0
-695.9603271484375,72.43380737304688,2.809904098510742,16.982683181762695,8.941421508789062,1.745871901512146,-4.2813873291015625,-4.778623104095459,-11.778305053710938,-5.999313831329346,0.8774744868278503,-3.9797916412353516,0.3199053108692169,0.30553635817307695,0.0019447649829089642,2953.677031557876,2519.5127814715593,1.0
-674.2568359375,79.58989715576172,2.2421517372131348,12.989624977111816,11.33327865600586,0.9716628789901733,-5.554576873779297,-5.817486763000488,-10.138364791870117,-5.915695667266846,1.9767334461212158,-2.9729506969451904,-0.3690205514431,0.26446814903846155,0.0021017463877797127,2838.903387744047,2444.7202539877694,1.0
-666.1146850585938,75.04332733154297,0.5573257207870483,15.391620635986328,6.5608134269714355,3.078826427459717,-1.7745134830474854,-5.708760738372803,-10.197612762451172,-5.398012638092041,2.1777400970458984,-2.012937545776367,1.523695707321167,0.3173377403846154,0.003043736796826124,2988.162650190578,2403.5797814928405,1.0
-669.8434448242188,78.53974151611328,0.5692844390869141,15.13288402557373,9.01477336883545,1.8355122804641724,-1.2031772136688232,-7.051296710968018,-9.46064281463623,-5.441941261291504,0.8465763330459595,-2.2643587589263916,1.562109112739563,0.3463604266826923,0.0030797908548265696,2852.5327661194488,2454.8328828732697,1.0
-688.8177490234375,85.14173889160156,4.154001235961914,16.3444881439209,10.799283027648926,1.712003231048584,-5.027557373046875,-3.875178813934326,-8.023195266723633,-5.720640182495117,2.236318826675415,-0.3092134892940521,-0.5028873085975647,0.23328951322115385,0.00184623955283314,2814.6472551696284,2425.448445641625,1.0
-652.4568481445312,78.60043334960938,1.665608286857605,14.913382530212402,6.532931804656982,0.25056129693984985,-5.780080795288086,-7.277510643005371,-9.611634254455566,-7.4346160888671875,2.3996188640594482,-1.9723271131515503,-0.9709129929542542,0.24646559495192308,0.00211498886346817,2889.807416485541,2388.391679365333,1.0
-654.929931640625,71.57450103759766,7.449482440948486,16.785377502441406,5.796696662902832,6.8449506759643555,-6.0218377113342285,-7.277276039123535,-10.08358383178711,-7.048621654510498,1.1832777261734009,1.3138242959976196,0.2472919225692749,0.2797588641826923,0.0027262906078249216,2992.7532970208604,2382.0747457891634,1.0
-633.1543579101562,76.83350372314453,-2.7698071002960205,18.250520706176758,6.606540203094482,3.407945394515991,-5.267100811004639,-9.887470245361328,-11.922185897827148,-5.587942123413086,3.965386390686035,-1.133795976638794,0.5591403245925903,0.25435697115384615,0.002824870403856039,2945.434455369464,2303.3503431523327,1.0
-617.6649169921875,72.74565124511719,-5.143163204193115,14.449505805969238,4.8222808837890625,-3.415863275527954,-6.607714653015137,-7.702531814575195,-13.364721298217773,-2.803640842437744,-1.5462344884872437,-7.905725002288818,1.308496117591858,0.34844876802884617,0.004918072838336229,2834.909832970386,2476.1917171153145,1.0
-604.74169921875,72.35881805419922,-7.0398664474487305,17.524005889892578,7.228789806365967,-2.1225249767303467,-7.889883041381836,-5.813410758972168,-16.041372299194336,-1.828169345855713,-0.0939139723777771,-7.587061882019043,3.697981595993042,0.30133713942307694,0.00565870339050889,2642.669481644998,2368.872323829969,1.0
-624.7451782226562,73.17283630371094,-2.796731472015381,15.163055419921875,2.1096770763397217,-0.23702016472816467,-6.708165168762207,-8.60998249053955,-16.247543334960938,-3.930506467819214,2.7480263710021973,-8.271039962768555,2.242187976837158,0.2905498798076923,0.004411788657307625,2867.212688407961,2399.2583984616604,1.0
-609.85107421875,67.12106323242188,-2.721703052520752,20.874361038208008,1.1470487117767334,-0.8749040961265564,-4.194291591644287,-8.385299682617188,-16.97502326965332,-5.451603412628174,-0.0048657930456101894,-6.566744804382324,2.652344226837158,0.3465970552884615,0.004613947588950396,2863.5283481165607,2351.523727433611,1.0
-557.183349609375,59.016998291015625,-7.793509006500244,6.584481239318848,-2.0007266998291016,-1.8441814184188843,-14.622894287109375,-10.370556831359863,-13.387652397155762,-11.16949462890625,-1.0834388732910156,-8.659689903259277,-2.3286144733428955,0.2996356670673077,0.00787289347499609,2997.8377890983793,2485.169237021973,1.0
-525.4160766601562,65.63713073730469,-14.535282135009766,6.030333518981934,2.3343505859375,-2.8081133365631104,-13.947023391723633,-9.67121410369873,-17.98699951171875,-9.413150787353516,3.5330376625061035,-9.907562255859375,-2.3540616035461426,0.23080303485576922,0.009904149919748306,2318.4055196125933,2218.195275580179,1.0
-461.7340393066406,60.66673278808594,-14.954895973205566,8.71471881866455,-1.1689530611038208,-4.240734577178955,-14.565378189086914,-12.59823989868164,-24.225513458251953,-6.827495098114014,-0.3811638355255127,-12.332831382751465,0.05886482819914818,0.22020357572115384,0.014276091940701008,2815.9495688006705,2297.3801920724245,1.0
-478.5174865722656,63.013221740722656,-13.330891609191895,7.061119556427002,-2.0899314880371094,-5.76653528213501,-14.014147758483887,-12.981698036193848,-23.122859954833984,-9.875228881835938,-2.538890838623047,-9.424001693725586,-0.5309563279151917,0.259375,0.013352072797715664,2948.5463871365646,2371.0326349383804,1.0
-635.3394165039062,76.43203735351562,-3.316652297973633,17.48462677001953,8.464237213134766,-3.9743258953094482,-3.503883123397827,-11.079561233520508,-14.081591606140137,-5.602633953094482,-5.180110454559326,-2.111734390258789,-1.0305095911026,0.26280799278846156,0.002745009958744049,2788.4519414175384,2426.4150450983457,2.0
-665.4506225585938,77.56654357910156,-1.3245609998703003,19.562101364135742,10.074894905090332,-0.5747197270393372,0.18488651514053345,-9.010740280151367,-12.226951599121094,-6.5652666091918945,-2.0868656635284424,-2.406622886657715,-2.094449043273926,0.3108473557692308,0.002371079521253705,2740.9214050150126,2487.453637381231,2.0
-707.583251953125,70.14361572265625,-4.024363994598389,16.276506423950195,7.631593227386475,-2.0766406059265137,-2.033007860183716,-8.81269359588623,-12.769000053405762,-4.4584197998046875,-1.175276517868042,-1.5897102355957031,-1.5073601007461548,0.2626126802884615,0.002035183133557439,3162.010331082413,2456.154149925034,2.0
-690.656494140625,66.8830795288086,0.7830219268798828,17.50881576538086,6.749461650848389,-0.1973448246717453,1.3845857381820679,-8.455476760864258,-13.747968673706055,-4.477410316467285,-2.704862117767334,-2.7846105098724365,-0.0826878547668457,0.33923527644230766,0.0025757120456546545,3112.363511990658,2501.680880653974,2.0
-624.7600708007812,77.32270812988281,-0.0409773588180542,20.31477928161621,9.103448867797852,-2.9975523948669434,-1.7546039819717407,-9.959386825561523,-12.272592544555664,-2.161027669906616,-3.2407755851745605,-3.4289169311523438,-0.29821860790252686,0.2739295372596154,0.0036883889697492123,2652.7926175310185,2364.372007843853,2.0
-588.0421142578125,62.543704986572266,-6.109663486480713,12.850621223449707,4.485162734985352,-4.513830184936523,-10.72525691986084,-8.84455394744873,-18.670127868652344,-5.493899345397949,-2.744574785232544,-8.592841148376465,0.3823263347148895,0.2648174579326923,0.0059182229451835155,3064.093716525012,2482.1669867760133,2.0
-579.2756958007812,67.96273803710938,-7.2322540283203125,16.873790740966797,4.767369747161865,-3.4902570247650146,-8.522130966186523,-11.56463623046875,-22.936941146850586,-6.0994343757629395,-2.845628023147583,-9.018747329711914,0.42405152320861816,0.25433067908653845,0.006230088882148266,2911.339929365371,2333.959103533569,2.0
-559.404541015625,62.791446685791016,-5.211582660675049,16.395334243774414,2.764341115951538,-3.956799268722534,-8.733220100402832,-11.044164657592773,-19.826826095581055,-4.80503511428833,-1.7142735719680786,-7.573173999786377,0.5055547952651978,0.314453125,0.007583582773804665,3022.622590618223,2428.722115741433,2.0
-493.347412109375,54.38095474243164,-7.96016263961792,16.022602081298828,-2.0132336616516113,-3.7764596939086914,-5.712547779083252,-2.0175766944885254,-16.12436866760254,-6.239443778991699,-1.1758036613464355,-6.172417640686035,-0.9436919093132019,0.2396484375,0.01114171463996172,3038.484442781441,2366.4130211392257,2.0
-467.2314453125,51.97048568725586,-7.2558979988098145,10.258112907409668,-4.733808994293213,-4.993406295776367,-9.361727714538574,-11.243205070495605,-17.251888275146484,-8.87273120880127,-5.9335713386535645,-8.581940650939941,-4.554075717926025,0.25155498798076925,0.012680983170866966,3312.9302543938857,2505.549382747941,2.0
-543.78857421875,52.73125076293945,-1.8352917432785034,13.779484748840332,-0.5293407440185547,-2.0978264808654785,-6.129654407501221,-7.702122211456299,-15.636350631713867,-4.810749530792236,-4.295177459716797,-5.1358842849731445,-1.1826212406158447,0.3471116286057692,0.0080175269395113,3007.1816004818425,2475.095445835341,2.0
-487.8391418457031,54.58111572265625,-3.7749576568603516,10.430044174194336,-0.16767413914203644,-4.480579853057861,-5.535919666290283,-8.27945327758789,-18.892133712768555,-6.310821533203125,-3.329665422439575,-7.30537223815918,0.20788849890232086,0.2798302283653846,0.013466709293425083,2962.2647503288695,2361.3566385011914,2.0
-279.5751953125,36.49165344238281,-27.638330459594727,1.7149784564971924,-16.333364486694336,-7.043592929840088,-16.995216369628906,-17.426820755004883,-18.011829376220703,-11.735479354858398,-7.857818126678467,-5.93922233581543,-9.297102928161621,0.17784705528846154,0.07279639691114426,3062.357039266875,2493.0220266401006,2.0
-295.1082458496094,19.235218048095703,-28.521434783935547,6.623513698577881,-10.311882972717285,-6.136231422424316,-16.278711318969727,-11.184524536132812,-20.104331970214844,-11.986926078796387,-5.602142810821533,-10.092440605163574,-5.442154407501221,0.2312687800480769,0.04370231553912163,3525.5659770078046,2462.0869490797263,2.0
-334.8572692871094,31.797277450561523,-19.010318756103516,7.6938629150390625,-10.078791618347168,-8.349573135375977,-13.611812591552734,-7.527700424194336,-19.69859504699707,-9.487884521484375,-5.932713031768799,-10.24671459197998,-3.0152151584625244,0.2343036358173077,0.044857632368803024,3324.9947244698087,2423.0187953667464,2.0
-251.80209350585938,20.304832458496094,-27.175304412841797,-0.5294362902641296,-9.930996894836426,-8.532934188842773,-21.683256149291992,-15.329961776733398,-18.45811653137207,-11.914017677307129,-4.145768642425537,-10.302326202392578,-7.737851619720459,0.22476337139423078,0.11641225218772888,3327.249250820692,2500.4175727043876,2.0
-553.4542236328125,70.4270248413086,2.277656078338623,17.08087730407715,9.985262870788574,-3.3647613525390625,-5.49163293838501,-10.769657135009766,-15.301410675048828,-2.0076005458831787,-3.03515625,0.3628171384334564,4.2202324867248535,0.20424053485576923,0.007276593241840601,2342.4381429874347,2461.0396146196467,0.0
-566.37744140625,66.02569580078125,-7.69298791885376,10.705452919006348,5.003111839294434,-5.118708610534668,-9.843180656433105,-14.792449951171875,-19.767763137817383,-5.043388366699219,-4.307223320007324,-7.539035797119141,-0.4105537533760071,0.30618614783653847,0.006862002424895763,2593.167380108281,2421.782766209479,0.0
-600.794677734375,64.28276824951172,5.171176433563232,19.399751663208008,10.169692993164062,3.2903988361358643,-1.670790672302246,-6.070330619812012,-9.351086616516113,0.22744953632354736,-0.3821260929107666,-0.39844009280204773,2.629153251647949,0.28893855168269234,0.005614159628748894,2621.4558333749524,2545.4724724409557,0.0
-581.5341796875,68.02118682861328,-5.417031288146973,18.384679794311523,6.8079681396484375,-1.4504144191741943,-4.730414390563965,-11.607879638671875,-12.463957786560059,-2.049842596054077,-2.29239821434021,-2.1348986625671387,-0.3066293001174927,0.28202373798076924,0.0056124357506632805,2895.8555747050705,2401.735393525706,0.0
-438.8433532714844,42.45326614379883,-10.254343032836914,8.530149459838867,0.5280428528785706,6.4160685539245605,-4.652082920074463,-11.229808807373047,-14.092232704162598,-4.510528087615967,1.4694645404815674,-0.5621543526649475,-0.2467900812625885,0.21043419471153846,0.012217591516673565,3313.7401640299413,2670.750150751658,0.0
-367.6031494140625,47.56388473510742,-19.17367172241211,-0.6565116047859192,1.0296509265899658,-3.0429763793945312,-11.210455894470215,-14.726442337036133,-19.544933319091797,-10.661590576171875,-4.626439571380615,-7.969015598297119,-7.543767929077148,0.13500225360576923,0.029954224824905396,2548.1128404753986,2505.2883665800596,0.0
-315.90850830078125,46.929115295410156,-20.5743350982666,-1.002516746520996,-7.9178290367126465,-3.2367916107177734,-12.470691680908203,-20.102508544921875,-20.631542205810547,-12.320645332336426,-5.757235050201416,-10.480477333068848,-10.255996704101562,0.16072716346153845,0.04848133772611618,2895.8368787125182,2527.9141632235696,0.0
-376.0661926269531,49.834739685058594,-18.783641815185547,0.0471571683883667,-2.956287384033203,-0.6586698293685913,-15.782602310180664,-14.653610229492188,-19.060962677001953,-12.987939834594727,2.090550661087036,-8.8927583694458,-8.775359153747559,0.16016000600961539,0.03219930827617645,2621.5861670252416,2354.528258638589,0.0
-596.9130859375,77.41116333007812,-3.233186721801758,13.730674743652344,3.457307815551758,0.317881315946579,-8.857134819030762,-8.8056001663208,-17.552433013916016,-6.163378715515137,-1.3357166051864624,-9.528826713562012,-1.8174254894256592,0.22242337740384616,0.0033355203922837973,2591.58059794557,2363.925087082891,2.0
-569.8479614257812,65.85113525390625,0.20668663084506989,5.641087055206299,3.296703815460205,-1.0942240953445435,-12.153417587280273,-8.74114990234375,-17.524972915649414,-6.820376396179199,-1.1830402612686157,-8.358424186706543,-4.073903560638428,0.23740609975961538,0.0038984583225101233,2958.2803598947235,2555.5380062550985,2.0
-633.6690063476562,69.67292785644531,2.8777925968170166,17.18284034729004,1.4009723663330078,3.525085926055908,-6.427487373352051,-13.888357162475586,-9.047646522521973,-3.4387404918670654,-3.8268637657165527,-4.66996955871582,-1.2289680242538452,0.2766301081730769,0.0036030528135597706,3050.8529262598413,2328.6196993919148,2.0
-617.4260864257812,68.98707580566406,-1.938531756401062,12.818857192993164,-0.773396909236908,4.144536018371582,-7.276689529418945,-13.169300079345703,-9.733227729797363,-2.017712354660034,-0.06062328815460205,-5.202639579772949,-0.7502506971359253,0.31267653245192306,0.003667473793029785,3082.630370300659,2324.183956465283,2.0
-441.7996520996094,43.90361404418945,-10.508599281311035,-1.8258981704711914,-12.697945594787598,-4.204880714416504,-14.675969123840332,-19.1898250579834,-18.233226776123047,-10.435376167297363,-4.964926242828369,-5.000943660736084,-8.327341079711914,0.19552283653846153,0.013943222351372242,3003.4866941153996,2499.439258134083,2.0
-433.6138916015625,43.69446563720703,-10.206268310546875,3.2042324542999268,-12.940404891967773,-8.481557846069336,-23.638315200805664,-21.118532180786133,-12.593389511108398,-8.789915084838867,-6.891330718994141,-7.673556327819824,-8.955267906188965,0.2556415264423077,0.016867630183696747,3192.321347845865,2446.318803094997,2.0
-459.72271728515625,51.22753143310547,9.845078468322754,-0.6946060061454773,-10.45101261138916,-0.29198142886161804,-15.993677139282227,-19.730436325073242,-6.340784072875977,-11.634178161621094,-12.209992408752441,-3.5789031982421875,-9.535064697265625,0.21202298677884615,0.015045860782265663,3067.1472895905863,2510.625441852375,2.0
-456.88592529296875,42.877140045166016,-3.19149112701416,4.027707576751709,-4.995848655700684,-3.04953932762146,-16.033056259155273,-20.275604248046875,-9.740494728088379,-8.397113800048828,-11.3557767868042,-6.311079502105713,-9.848257064819336,0.3231670673076923,0.015406402759253979,3251.4767705131967,2548.7678110491943,2.0
-640.1072387695312,59.908905029296875,-0.49918293952941895,9.309428215026855,5.101847171783447,-2.8551852703094482,-6.819937229156494,-7.483891010284424,-10.998488426208496,-6.662956237792969,-0.2936877906322479,-6.014995098114014,-0.9153798818588257,0.3098970853365385,0.0035500305239111185,3190.039526130206,2607.6079451767073,0.0
-670.2586669921875,57.40180587768555,-3.798410415649414,11.43392276763916,7.354196071624756,-2.259213447570801,-6.913163661956787,-6.5362958908081055,-10.802916526794434,-1.6844184398651123,-1.2126929759979248,-6.329977512359619,-0.5110795497894287,0.33524263822115385,0.003404189832508564,3358.9561945072232,2652.648761366189,0.0
-629.4691162109375,66.25637817382812,-0.16703151166439056,15.19271183013916,4.024291038513184,-1.3340190649032593,-4.704578876495361,-8.643548011779785,-13.026650428771973,-3.057328939437866,-0.9746683239936829,-4.49436616897583,-2.311180353164673,0.33263596754807695,0.003924012184143066,2995.0089309227724,2478.3910670837417,0.0
-651.7337036132812,53.45431900024414,-1.9630851745605469,8.893314361572266,-0.5076768398284912,-4.242456436157227,-4.688914775848389,-7.823227405548096,-10.278509140014648,-5.916244983673096,-1.0224037170410156,-7.140719413757324,-1.031451940536499,0.34329552283653847,0.004260348156094551,3415.6660636040665,2639.087507949543,0.0
-577.7820434570312,58.5098762512207,-6.2204179763793945,9.830901145935059,4.708462238311768,-3.0383565425872803,-9.170291900634766,-7.2266693115234375,-12.629124641418457,-5.407505035400391,0.4874265789985657,-8.963977813720703,0.13273045420646667,0.23048377403846154,0.008177069947123528,3064.0817312963204,2536.516276577621,0.0
-521.0706787109375,49.48208236694336,-6.351348400115967,8.50459098815918,-0.05449359491467476,-4.093586444854736,-7.969563007354736,-9.074275016784668,-13.671363830566406,-8.033177375793457,-1.5855344533920288,-8.021611213684082,-2.417717695236206,0.20922100360576923,0.011155521497130394,3247.544062194171,2613.210113281961,0.0
-560.4915161132812,52.426734924316406,-5.11149787902832,8.977957725524902,0.6321241855621338,-4.822260856628418,-7.845127105712891,-10.946014404296875,-17.13973617553711,-2.9700429439544678,-3.2210352420806885,-6.58699893951416,-1.1457315683364868,0.2540790264423077,0.008101117797195911,3278.7586313597,2579.4500101541043,0.0
-558.5650024414062,50.76189041137695,-6.084074020385742,6.604547500610352,-0.6661725640296936,-0.8022444248199463,-9.395023345947266,-10.563867568969727,-12.319563865661621,-5.730020999908447,-1.5790001153945923,-6.260156154632568,-1.9923771619796753,0.3231407752403846,0.010296117514371872,3066.1887360083856,2581.640110490001,0.0
-617.6220703125,60.908241271972656,-14.640981674194336,7.647519588470459,-7.158915042877197,-6.118697643280029,-7.7665205001831055,-11.279056549072266,-5.2758026123046875,-1.340304970741272,-5.930812835693359,-2.6811435222625732,-6.385025501251221,0.20860877403846154,0.004361579194664955,2349.8399475853444,1881.5592626734037,1.0
-614.4329223632812,55.62117385864258,-15.858856201171875,11.361824035644531,-8.984183311462402,-5.348067760467529,-7.666393756866455,-9.764595985412598,-4.027876377105713,-2.792759895324707,-4.266301155090332,-3.034703254699707,-6.853373050689697,0.24116586538461537,0.0042271604761481285,3079.0110300511024,2191.5456093528524,1.0
-579.7927856445312,60.562034606933594,-16.48183822631836,3.086418390274048,-8.405158996582031,-5.941259860992432,-8.65492057800293,-12.8721284866333,-7.325881004333496,-2.961369752883911,-6.592276096343994,-3.7628173828125,-8.158987045288086,0.26555739182692306,0.0066788881085813046,3265.358696258853,2324.738873775166,1.0
-603.95458984375,53.109886169433594,-14.2033052444458,4.003042221069336,-9.12049674987793,-7.118875503540039,-8.23799991607666,-13.130699157714844,-7.427944660186768,-3.798217296600342,-6.575212001800537,-3.6623096466064453,-9.972636222839355,0.25967172475961536,0.0057703908532857895,3220.394914222884,2324.1036294369846,1.0
-617.6198120117188,62.01335525512695,-8.273698806762695,12.308873176574707,-8.103559494018555,-3.8152987957000732,-5.485691547393799,-10.345802307128906,-4.142067909240723,-2.747607946395874,-3.90543794631958,-5.251412391662598,-5.748554229736328,0.2434607872596154,0.004208324011415243,2947.3211103832973,2311.1812413268785,1.0
-608.5597534179688,57.53028869628906,-13.187726974487305,9.454849243164062,-9.861115455627441,-5.23586893081665,-6.250868797302246,-12.451906204223633,-4.898614406585693,-4.589282512664795,-4.299145698547363,-8.724770545959473,-6.9988250732421875,0.13023587740384615,0.004499083384871483,2569.4760361310077,2034.7820790677395,1.0
-610.8526000976562,54.31328201293945,-10.347596168518066,3.0222015380859375,-7.593367576599121,-6.046664714813232,-9.670184135437012,-12.049543380737305,-8.043782234191895,-3.4598326683044434,-8.075511932373047,-6.216599464416504,-9.098942756652832,0.11978290264423076,0.004686541855335236,2103.315697881359,1637.9469488869954,1.0
-597.188720703125,57.345726013183594,-16.70541000366211,0.4277137219905853,-10.379302978515625,-7.769084930419922,-9.85720443725586,-14.857036590576172,-8.37691593170166,-4.707830905914307,-7.7234883308410645,-6.159924507141113,-11.947244644165039,0.20397010216346154,0.00479791359975934,2860.2621337624696,1992.4074594350259,1.0
-604.29833984375,48.566951751708984,-6.743845462799072,10.351243019104004,-9.692866325378418,-7.642908096313477,-4.648891925811768,-9.588619232177734,-9.765378952026367,-3.8869762420654297,-5.27002477645874,-7.9019622802734375,-6.125539302825928,0.28287259615384613,0.003617965616285801,3127.1617079943594,2256.631402350978,1.0
-606.7674560546875,54.01958084106445,-11.208139419555664,9.425698280334473,-12.402373313903809,-4.3672637939453125,-5.668321132659912,-11.713736534118652,-7.636550426483154,-5.727612018585205,-2.304332971572876,-8.462908744812012,-7.566747665405273,0.13392803485576923,0.00400095758959651,2234.862837027112,1772.7196747306803,1.0
-601.7057495117188,45.52587890625,-9.619793891906738,0.23845966160297394,-12.556730270385742,-4.1555633544921875,-9.954110145568848,-13.46544075012207,-11.942008018493652,-4.4680562019348145,-7.524997234344482,-9.392478942871094,-9.659756660461426,0.22865084134615385,0.004521690774708986,2726.502905299119,1884.9645990292586,1.0
-605.8409423828125,50.30577087402344,-7.027606964111328,2.435150146484375,-11.750740051269531,-4.136733531951904,-9.970069885253906,-13.154439926147461,-10.240018844604492,-2.920992136001587,-6.188910484313965,-9.843851089477539,-10.469085693359375,0.1316143329326923,0.004397442564368248,2211.5459878374277,1728.4978448497004,1.0
-551.8705444335938,51.3570442199707,-25.96874237060547,9.861427307128906,-8.600744247436523,-7.693766117095947,-5.773360252380371,-15.616196632385254,-5.469703197479248,-4.110151290893555,-6.654927730560303,-3.2464561462402344,-10.166168212890625,0.3166691706730769,0.008125916123390198,2983.376882255158,2341.333573873978,1.0
-564.5528564453125,53.187530517578125,-24.062423706054688,13.089003562927246,-9.290374755859375,-9.1129789352417,-6.201709747314453,-15.750732421875,-4.522726058959961,-5.0792317390441895,-7.7027692794799805,-2.1910762786865234,-9.61106014251709,0.29007662259615385,0.007457070983946323,3241.1608096507352,2299.0494114085877,1.0
-554.5257568359375,51.52033996582031,-27.42251205444336,5.703898906707764,-10.870843887329102,-8.941542625427246,-11.382237434387207,-18.61016082763672,-6.171229839324951,-4.275341987609863,-10.047158241271973,-2.6369338035583496,-12.409747123718262,0.21276292067307692,0.008418558165431023,2454.9351328685,1784.4996032172232,1.0
-553.4611206054688,54.89765548706055,-21.45484161376953,8.630348205566406,-9.315546989440918,-8.664934158325195,-11.184057235717773,-16.1028995513916,-3.904177665710449,-2.620759963989258,-8.530821800231934,-2.0806586742401123,-10.324419021606445,0.3325232872596154,0.008091706782579422,3086.5039999208734,2369.6168424725583,1.0
-448.9671325683594,39.64352035522461,-36.766448974609375,8.450593948364258,-13.960494041442871,-18.289608001708984,-8.37775993347168,-19.257631301879883,-4.86201810836792,-9.765321731567383,-11.545462608337402,-2.7112948894500732,-14.311985969543457,0.1636268028846154,0.020212069153785706,2274.5464912136067,1894.3770678038168,1.0
-445.64483642578125,43.76949691772461,-37.52573776245117,7.360160827636719,-11.584234237670898,-19.096141815185547,-10.118706703186035,-17.15952491760254,-6.201037406921387,-7.219052791595459,-11.369202613830566,-0.7927919626235962,-13.174395561218262,0.20805288461538463,0.020591726526618004,2991.3836252246824,2324.986156927848,1.0
-498.09912109375,46.784080505371094,-28.40377426147461,5.468403339385986,-7.901919364929199,-14.9255952835083,-14.439228057861328,-18.42432975769043,-5.1387481689453125,-4.369960784912109,-14.330111503601074,-2.6191372871398926,-13.1755952835083,0.2533653846153846,0.014212642796337605,2783.035228098509,2275.474969338167,1.0
-485.761474609375,46.442291259765625,-29.198408126831055,5.030581474304199,-11.199267387390137,-16.43678092956543,-11.842373847961426,-18.571455001831055,-8.121685028076172,-7.700717449188232,-14.12066650390625,-2.3577966690063477,-15.113805770874023,0.13930288461538462,0.01657482609152794,2228.781728806045,1741.0587444062185,1.0
-634.625,60.4809684753418,-14.418085098266602,7.1710052490234375,-9.347562789916992,-6.161779880523682,-8.530892372131348,-13.159185409545898,-7.175818920135498,-4.598233699798584,-5.713486671447754,-6.383281230926514,-6.059098243713379,0.11017878605769231,0.0036190510727465153,1669.3892170263737,1543.8994532031227,2.0
-625.9033813476562,64.93067169189453,-15.870938301086426,8.682173728942871,-8.498435974121094,-5.324641227722168,-6.741917133331299,-11.946589469909668,-8.222256660461426,-1.7030818462371826,-6.138476371765137,-4.210599899291992,-6.515758991241455,0.1302509014423077,0.003942744340747595,1840.417951199899,1554.9266491321837,2.0
-624.3681640625,53.24006652832031,-6.652984619140625,5.049097537994385,-6.505030632019043,-6.055049896240234,-11.73948860168457,-14.263784408569336,-5.591571807861328,-3.6458404064178467,-7.925407409667969,-4.307059288024902,-8.161493301391602,0.15516451322115385,0.004050721414387226,2029.352229704141,1710.4107600613509,2.0
-640.7920532226562,54.49142837524414,-8.376988410949707,7.694500923156738,-4.522482395172119,-5.0608415603637695,-8.877494812011719,-12.470507621765137,-6.991898059844971,-0.5460851788520813,-7.331770420074463,-3.974972724914551,-7.385146141052246,0.16294320913461538,0.00370975024998188,2679.3611370804906,2066.6962299547595,2.0
-624.8001098632812,55.09218215942383,-14.563364028930664,6.030553817749023,-12.344507217407227,-8.651983261108398,-12.530376434326172,-16.859251022338867,-11.235419273376465,-4.536636829376221,-9.316594123840332,-2.483680486679077,-8.321608543395996,0.17805363581730768,0.0033280188217759132,2387.5778230485444,1955.4760086392112,2.0
-639.3798828125,62.280033111572266,-9.219736099243164,7.940088748931885,-7.132372856140137,-6.664088249206543,-12.3165864944458,-13.997543334960938,-10.534090042114258,-3.3071863651275635,-8.210495948791504,-3.6272811889648438,-8.035021781921387,0.2054725060096154,0.0030591588001698256,2359.157276903888,1806.7104240164206,2.0
-626.8033447265625,52.64673614501953,-8.988842964172363,4.203038215637207,-8.515026092529297,-6.281567573547363,-13.764727592468262,-17.69609832763672,-12.719496726989746,-5.378564834594727,-9.953479766845703,-4.3762054443359375,-11.109565734863281,0.1663837139423077,0.004487082362174988,2796.891167740135,2127.322916859745,2.0
-622.8023071289062,52.600852966308594,-9.527117729187012,5.045889854431152,-7.4748077392578125,-9.170343399047852,-15.431809425354004,-16.72205352783203,-10.639625549316406,-3.2124452590942383,-11.64450454711914,-4.149407386779785,-10.019213676452637,0.1663536658653846,0.003815228817984462,2251.756400766549,1741.8561735932524,2.0
-528.0562133789062,52.511009216308594,-13.717914581298828,6.468744277954102,-8.572073936462402,-6.517098426818848,-5.17930793762207,-13.115147590637207,-5.919762134552002,-3.2375690937042236,-4.063008785247803,-3.26243257522583,-6.287467956542969,0.17411358173076924,0.008422944694757462,2261.7172827465797,1789.7111745706634,2.0
-494.04278564453125,51.12324142456055,-21.423057556152344,8.479132652282715,-10.566112518310547,-6.228474140167236,-7.1566667556762695,-13.19994831085205,-3.716933012008667,-1.3480801582336426,-3.0083322525024414,-2.6310369968414307,-5.278027057647705,0.24227388822115384,0.009036361239850521,3054.7999459958687,2393.5652269956427,2.0
-526.6585083007812,54.60709762573242,-14.927021026611328,3.109436511993408,-12.318595886230469,-5.866876602172852,-7.69502592086792,-14.673674583435059,-7.6758599281311035,-2.9476258754730225,-7.555344104766846,-3.2441439628601074,-9.008465766906738,0.20896935096153846,0.01028599962592125,3041.2820331132766,2219.844584355216,2.0
-512.927490234375,51.14261245727539,-20.734914779663086,3.9610366821289062,-14.916433334350586,-9.381999015808105,-7.164478302001953,-16.518741607666016,-7.805980682373047,-3.672478675842285,-6.929109573364258,-3.2782814502716064,-10.708595275878906,0.1858849158653846,0.010087049566209316,2534.7012323175463,1912.2759118355,2.0
-396.6540832519531,38.337074279785156,-31.0787410736084,3.372208595275879,-19.646255493164062,-10.7825927734375,-3.8172719478607178,-18.260921478271484,-3.3825759887695312,-6.0378313064575195,-5.008609294891357,-4.1443257331848145,-9.10619068145752,0.16401742788461537,0.03128398582339287,2436.7841095197505,1765.0323082332027,2.0
-411.902587890625,43.20894241333008,-32.720420837402344,3.7578048706054688,-20.32954216003418,-10.061244010925293,-0.09342393279075623,-17.30678939819336,-5.845443248748779,-6.803288459777832,-5.168818950653076,-2.6522133350372314,-10.842835426330566,0.16001727764423077,0.025613414123654366,2626.2109116473703,1855.3174919091823,2.0
-365.8504943847656,32.245506286621094,-40.77488708496094,-5.658627510070801,-24.674001693725586,-17.056640625,-5.187285900115967,-23.893911361694336,-9.88253402709961,-10.035102844238281,-10.666312217712402,-5.774946212768555,-14.888876914978027,0.2448955829326923,0.0608789436519146,3326.190916203713,2326.28588125668,2.0
-363.2362976074219,30.995040893554688,-41.057884216308594,-2.7302322387695312,-25.632606506347656,-15.130033493041992,-4.453298568725586,-22.57172966003418,-8.381036758422852,-9.422030448913574,-10.987571716308594,-5.881088733673096,-15.336400985717773,0.23543043870192307,0.05382572486996651,2768.417277458999,1910.3189426894464,2.0
-538.0386352539062,36.25934982299805,-28.09336280822754,4.921203136444092,-15.038281440734863,-12.037713050842285,-8.468180656433105,-16.352201461791992,-7.334489345550537,-9.078791618347168,-6.3301310539245605,-5.325796604156494,-7.104563236236572,0.194140625,0.008944245055317879,2756.55101134692,2152.244158850747,0.0
-531.4656982421875,38.07539749145508,-31.027660369873047,2.5641918182373047,-15.312825202941895,-11.809329986572266,-7.658660411834717,-18.669588088989258,-8.14350414276123,-7.664529323577881,-7.490633487701416,-5.140223026275635,-7.895320892333984,0.18114107572115384,0.009709273464977741,2487.273320500277,1976.0409051131685,0.0
-522.4421997070312,37.1130485534668,-30.272600173950195,2.5425078868865967,-12.247065544128418,-11.137441635131836,-12.265803337097168,-19.5194149017334,-6.5095672607421875,-4.308302402496338,-10.612451553344727,-4.20786714553833,-8.633718490600586,0.222998046875,0.010438762605190277,3167.6354712380444,2269.866663647556,0.0
-530.0751953125,32.470245361328125,-33.18810272216797,-1.887032389640808,-12.357688903808594,-13.724909782409668,-14.748917579650879,-21.27594566345215,-6.167301177978516,-5.352117538452148,-11.696451187133789,-6.225946426391602,-7.0837249755859375,0.27862454927884617,0.010931168682873249,3240.9942298930355,2290.8992953684997,0.0
-475.4470520019531,25.237173080444336,-38.900840759277344,-0.6960576176643372,-19.706708908081055,-16.34686279296875,-10.017683029174805,-18.59270668029785,-8.846324920654297,-4.2006354331970215,-11.757247924804688,-5.806006908416748,-8.743605613708496,0.210888671875,0.016862140968441963,3045.4563612337383,2255.831099441762,0.0
-463.04925537109375,21.02741813659668,-35.92866897583008,-0.9744896292686462,-16.990095138549805,-16.73157501220703,-9.022364616394043,-18.170011520385742,-10.034272193908691,-5.692408561706543,-12.292353630065918,-3.233654737472534,-6.27487325668335,0.2387469951923077,0.020632291212677956,3154.8553508394803,2292.1581936669313,0.0
-458.863525390625,18.553050994873047,-32.41106414794922,-5.977469444274902,-14.417414665222168,-15.18854808807373,-10.192107200622559,-16.098236083984375,-8.378509521484375,-6.820545673370361,-12.591727256774902,-5.3590850830078125,-9.002371788024902,0.2152118389423077,0.022425111383199692,2968.1815513680563,2199.7527389735415,0.0
-453.39642333984375,23.901262283325195,-31.442371368408203,-4.229308128356934,-14.231978416442871,-12.685478210449219,-13.725592613220215,-19.352327346801758,-6.6768879890441895,-3.6491012573242188,-12.4495210647583,-3.9222850799560547,-6.83239221572876,0.27112379807692305,0.018914705142378807,3365.242449502821,2475.0086094987264,0.0
-594.9217529296875,58.09666442871094,-16.98091697692871,6.8516316413879395,-12.1585693359375,-0.553479790687561,-11.600110054016113,-14.475184440612793,-4.788744926452637,-1.9521613121032715,-6.84608268737793,-1.601810097694397,-6.771790981292725,0.124462890625,0.0039802729152143,1886.751652596821,1538.4789432539005,2.0
-616.27978515625,61.95523452758789,-15.306817054748535,8.211315155029297,-14.302989959716797,-2.4468467235565186,-9.241147994995117,-14.325295448303223,-7.861020565032959,-1.4884291887283325,-7.876288890838623,-2.7172114849090576,-9.022342681884766,0.16682316706730768,0.0036558553110808134,2271.6528718429013,1833.3936301105307,2.0
-570.3414306640625,59.25334167480469,-13.448552131652832,3.805215835571289,-8.67604923248291,-5.271578788757324,-10.858320236206055,-16.73553466796875,-8.014869689941406,-1.0473142862319946,-11.32405948638916,-2.167633295059204,-10.539337158203125,0.12686298076923078,0.006263575982302427,2153.3784941582494,1561.8708420568262,2.0
-578.0305786132812,58.741939544677734,-20.980846405029297,5.249414920806885,-11.7586030960083,-7.883396625518799,-13.12598991394043,-19.788909912109375,-5.426980495452881,-0.3426113426685333,-12.812588691711426,-1.980188012123108,-11.888797760009766,0.14929762620192308,0.005948198959231377,2721.589145850271,1939.827414493107,2.0
-526.3328247070312,48.592525482177734,-21.28156280517578,7.961853981018066,-18.338253021240234,-7.929050922393799,-9.75313949584961,-16.017799377441406,-10.728172302246094,-2.3736343383789062,-10.116463661193848,-4.638258934020996,-8.897896766662598,0.1277381310096154,0.007571858819574118,2033.0882574649945,1538.7112870252045,2.0
-529.899658203125,49.015838623046875,-14.647327423095703,8.598026275634766,-16.817731857299805,-6.130059242248535,-6.198991298675537,-12.535504341125488,-9.782279968261719,-1.6273229122161865,-7.089139461517334,-3.6247169971466064,-8.0342378616333,0.19773888221153846,0.00792293343693018,3296.516443660737,2341.981284528092,2.0
-505.9776306152344,53.14732360839844,-18.238161087036133,1.0097084045410156,-15.383891105651855,-8.45450496673584,-16.359119415283203,-18.86758041381836,-8.550423622131348,-4.180915355682373,-13.711336135864258,0.5623223185539246,-12.33426284790039,0.1660832331730769,0.01045828778296709,2747.0152051388295,1966.3415601847062,2.0
-507.194580078125,54.95527267456055,-19.17159652709961,1.2011692523956299,-15.260700225830078,-9.041252136230469,-14.676163673400879,-18.29534912109375,-9.470605850219727,-2.513288974761963,-11.850489616394043,0.5342917442321777,-12.249380111694336,0.21399489182692308,0.010009149089455605,3098.4180971528795,2137.89861373383,2.0
-546.285888671875,43.87003707885742,-18.834556579589844,9.227622032165527,-9.313453674316406,-10.216041564941406,-4.61428165435791,-7.338128566741943,-3.951434850692749,-4.791140556335449,-5.45721435546875,-5.311956882476807,-4.234163284301758,0.18951697716346153,0.008204863406717777,2478.326529182376,1981.45182621386,0.0
-572.1632080078125,46.9739990234375,-21.368473052978516,5.354639053344727,-8.648164749145508,-8.056512832641602,-4.184666156768799,-9.44162368774414,-7.0845255851745605,-5.762662410736084,-7.9421281814575195,-3.6379315853118896,-6.131978988647461,0.261474609375,0.006428564433008432,2661.81599779684,2007.5789202238893,0.0
-563.14404296875,47.06110382080078,-17.781230926513672,3.285630464553833,-10.38783073425293,-8.856854438781738,-5.474685192108154,-12.477663040161133,-5.518803596496582,-4.629543781280518,-9.630950927734375,-4.139809608459473,-9.84081745147705,0.24740459735576922,0.008020251989364624,2630.749294095192,1948.302248184838,0.0
-553.023681640625,46.031768798828125,-21.520069122314453,5.573038578033447,-9.859084129333496,-12.668460845947266,-9.6515531539917,-13.648598670959473,-7.5340800285339355,-5.831368446350098,-9.34634017944336,-5.416070461273193,-6.5351715087890625,0.2582782451923077,0.008360630832612514,3051.080731306519,2230.6351324514544,0.0
-483.0149230957031,40.54267501831055,-23.204853057861328,6.270290374755859,-12.65609073638916,-8.587963104248047,-5.41483736038208,-11.997783660888672,-6.78977108001709,-5.582178592681885,-6.479508876800537,-4.520603179931641,-3.0085036754608154,0.1987530048076923,0.011096782982349396,2733.6528368796016,2048.063919162785,0.0
-489.06591796875,44.49113845825195,-28.897716522216797,4.333715438842773,-14.192580223083496,-11.042104721069336,-4.56651496887207,-10.3667573928833,-7.214423656463623,-4.9712233543396,-7.439574241638184,-3.500204086303711,-1.9173818826675415,0.24434720552884615,0.011069601401686668,3263.6249159383906,2417.5547370114177,0.0
-490.911865234375,38.854736328125,-19.5325984954834,-1.0650869607925415,-14.811544418334961,-15.410853385925293,-6.417474269866943,-15.206844329833984,-9.4469575881958,-7.6761698722839355,-7.41592264175415,-2.3221261501312256,-6.770137310028076,0.25452223557692305,0.0147767448797822,3455.177189286749,2497.04961375674,0.0
-465.2822265625,43.0384635925293,-26.35247802734375,-5.862382888793945,-16.320669174194336,-13.405500411987305,-11.180010795593262,-17.25471305847168,-8.791982650756836,-7.268617153167725,-11.069212913513184,-6.663300514221191,-10.606693267822266,0.20783879206730768,0.015776125714182854,2775.729143258494,2006.2857319681716,0.0
-593.31787109375,62.37174606323242,-5.299445629119873,10.48606014251709,3.5998008251190186,-3.73940372467041,-14.446420669555664,-8.095040321350098,-3.947263240814209,-10.015745162963867,-2.4369168281555176,-3.1804730892181396,-5.934650897979736,0.20296724759615384,0.00457133399322629,2808.7885048145913,2240.961864301788,1.0
-593.7012939453125,72.2071533203125,1.7036995887756348,16.61224365234375,10.240720748901367,0.09647005796432495,-10.498025894165039,-5.394500255584717,-0.04329587519168854,-5.810536861419678,-0.016693174839019775,-0.0722028911113739,-1.1989898681640625,0.14955679086538462,0.004342084284871817,2588.544668962407,2580.397267394969,1.0
-599.6519775390625,61.9251594543457,-4.3128461837768555,11.894311904907227,4.9027862548828125,-1.820397973060608,-15.866137504577637,-7.401517391204834,-5.457706451416016,-9.652103424072266,0.05890074372291565,-4.813456058502197,-4.996329307556152,0.25037560096153844,0.004918233957141638,3162.6963769331173,2426.998196639027,1.0
-589.3536987304688,60.187408447265625,0.370361864566803,11.354227066040039,6.009443283081055,-0.01389805693179369,-18.64710807800293,-9.65621280670166,-6.969058990478516,-10.487930297851562,-2.598010778427124,-3.4874300956726074,-4.5035858154296875,0.28934044471153847,0.00520457373932004,3143.9998976683037,2586.553483728809,1.0
-592.3497924804688,68.133544921875,3.7152481079101562,11.350760459899902,5.038593769073486,-2.949634552001953,-15.900935173034668,-4.858908176422119,-2.5317180156707764,-9.279494285583496,3.9951491355895996,-7.008316516876221,-3.3002779483795166,0.1372746394230769,0.003513709641993046,2632.8455027855125,2268.152548441349,1.0
-592.2914428710938,65.45307922363281,-1.4598395824432373,11.471993446350098,3.2670741081237793,-4.921879768371582,-15.805495262145996,-5.628194332122803,-2.2502498626708984,-8.2848539352417,3.8133013248443604,-7.315201282501221,-5.0710296630859375,0.12528921274038463,0.0036662400234490633,2349.492039682143,1996.631408283153,1.0
-600.0050659179688,70.02900695800781,-0.49905478954315186,10.738871574401855,10.736538887023926,-3.0174710750579834,-23.791072845458984,1.5441005229949951,-4.1725006103515625,-11.663814544677734,5.990666389465332,-10.325193405151367,-3.3869009017944336,0.27526667668269234,0.0037251219619065523,2943.7950086186515,2370.5753621007425,1.0
-506.3270568847656,52.6146125793457,0.5019479393959045,4.440713882446289,2.325392961502075,-2.1434171199798584,-20.566884994506836,-5.2623796463012695,-5.0398712158203125,-15.347471237182617,4.452052593231201,-11.198387145996094,-8.082069396972656,0.287109375,0.01017656922340393,3128.1631751174673,2565.6408852935056,1.0
-510.5846252441406,78.39634704589844,-17.6147403717041,8.564105987548828,-2.636997699737549,-6.614816665649414,-24.16758155822754,-5.606095314025879,-5.869182586669922,-16.515872955322266,14.494612693786621,-5.959599494934082,-5.120829105377197,0.11337890625,0.00580732012167573,2286.850328202738,2246.602393589339,1.0
-486.8560791015625,59.71952438354492,-8.12507438659668,10.036778450012207,3.1533334255218506,-2.970996141433716,-15.234481811523438,-11.77981185913086,-6.634077548980713,-12.591119766235352,3.8662922382354736,-8.864267349243164,-6.248505592346191,0.20001126802884617,0.010058281943202019,2721.0303626958344,2433.815208750221,1.0
-497.421630859375,55.058502197265625,-1.1553761959075928,10.589714050292969,5.442473888397217,-1.1694375276565552,-18.38728141784668,-5.124314308166504,-5.775601863861084,-13.975754737854004,9.317696571350098,-8.296050071716309,-5.788290500640869,0.24180438701923077,0.011505519971251488,2931.1238458121256,2483.71630125534,1.0
-495.3493957519531,52.82426071166992,0.7341597080230713,9.065014839172363,2.1589345932006836,0.12976543605327606,-18.364669799804688,-7.033398628234863,-5.092494487762451,-15.336607933044434,9.647726058959961,-11.463469505310059,-6.786840438842773,0.2553523137019231,0.011046254076063633,2979.496464056057,2473.0467886048323,1.0
-509.04364013671875,67.902099609375,-9.634220123291016,7.210519790649414,3.4361824989318848,-1.888476848602295,-18.527725219726562,-11.33390998840332,-9.755049705505371,-13.010103225708008,3.2154042720794678,-8.059823036193848,-5.991922378540039,0.22134540264423078,0.009803597815334797,2624.442686631189,2366.893274512442,1.0
-489.939453125,62.93836975097656,-14.448307037353516,-0.6072270274162292,-4.918849945068359,-1.6009366512298584,-17.649198532104492,-12.619390487670898,-10.331674575805664,-14.780767440795898,1.530583143234253,-11.236564636230469,-7.185727596282959,0.19293494591346153,0.012851557694375515,2708.6741603307846,2488.414200311224,1.0
-508.6259765625,51.12015151977539,-8.417669296264648,3.97928524017334,0.5075626969337463,-2.8407986164093018,-21.929582595825195,-10.972249031066895,-8.486410140991211,-14.066680908203125,-0.7800052762031555,-11.192679405212402,-6.074062824249268,0.20282451923076922,0.011570550501346588,2709.687967904738,2126.7899865205127,1.0
-540.4611206054688,54.80351638793945,-3.640639543533325,3.2638814449310303,-2.8815245628356934,2.4232101440429688,-19.965173721313477,-10.444330215454102,-6.870264530181885,-13.05492877960205,1.6593105792999268,-9.153763771057129,-4.651586055755615,0.11891902043269231,0.0078080324456095695,2045.881251786695,1683.0692377567484,1.0
-394.8836669921875,43.194156646728516,-12.541211128234863,-0.6667348742485046,-9.676079750061035,-5.436336517333984,-19.2919864654541,-12.105019569396973,-9.782681465148926,-17.242002487182617,1.2407269477844238,-10.533393859863281,-8.952925682067871,0.20553260216346153,0.02915920689702034,3011.5541918648432,2549.0743637667347,1.0
-370.3738098144531,34.52775192260742,-20.403459548950195,0.2559756934642792,-8.095722198486328,-2.4167253971099854,-16.402238845825195,-13.857368469238281,-12.278863906860352,-15.702884674072266,0.8531441688537598,-10.67439079284668,-9.308579444885254,0.178759765625,0.03933325409889221,2999.4085252279397,2528.318649357418,1.0
-305.53558349609375,35.62995147705078,-7.844183921813965,-2.0536110401153564,-13.292963027954102,-4.991966247558594,-16.723133087158203,-15.55027961730957,-13.982194900512695,-20.481460571289062,-4.838815689086914,-7.363962650299072,-12.737687110900879,0.1739520733173077,0.05572545528411865,3085.184356153837,2640.312709650553,1.0
-371.5148010253906,45.84120559692383,-9.737261772155762,-5.715479373931885,-6.917057037353516,-1.2118217945098877,-19.936885833740234,-12.147244453430176,-10.8172607421875,-18.109912872314453,-0.4803757965564728,-12.62525749206543,-8.7367582321167,0.18346228966346154,0.03008066862821579,2912.755230680911,2509.54830658219,1.0
-640.4189453125,73.83037567138672,-0.6841491460800171,11.46064281463623,6.887864112854004,-0.18235772848129272,-13.386368751525879,-6.083978652954102,-3.3518056869506836,-9.005412101745605,-0.2209511399269104,-6.042953014373779,-5.195676326751709,0.21505784254807692,0.00284745916724205,3007.3432412065936,2470.5999463745375,2.0
-632.2335205078125,74.36638641357422,-2.1067254543304443,8.174165725708008,6.378682613372803,-2.7841439247131348,-12.884467124938965,-7.105571269989014,-3.0822527408599854,-8.36112117767334,-2.4526865482330322,-5.216942310333252,-5.141045570373535,0.2165264423076923,0.0027752674650400877,2940.7145263847437,2455.293922051848,2.0
-569.2166137695312,62.39925765991211,-8.165337562561035,12.51435375213623,4.7517852783203125,-3.15621280670166,-16.284351348876953,-10.200563430786133,-6.052289009094238,-11.103796005249023,-0.1107335016131401,-7.154779434204102,-5.9985504150390625,0.25994966947115383,0.004752476699650288,2730.00578835936,2393.8732610186985,2.0
-578.33642578125,68.6205062866211,-1.4962742328643799,12.613734245300293,4.965378761291504,1.2691398859024048,-19.24729347229004,-9.018731117248535,-4.646925926208496,-11.77426528930664,0.926044762134552,-4.427999973297119,-5.733576774597168,0.24504206730769232,0.004405890125781298,2633.8908125117164,2426.412609687032,2.0
-478.60748291015625,75.4140625,-18.14818572998047,-3.0826473236083984,-2.754406213760376,-9.164702415466309,-22.369407653808594,-21.321571350097656,-20.80084800720215,-24.470510482788086,-6.4060211181640625,-11.17820930480957,-12.618212699890137,0.20034930889423078,0.015072637237608433,2333.7495070323735,2201.627358239744,2.0
-423.43963623046875,63.73891067504883,-11.473851203918457,4.7990264892578125,-1.2530517578125,-4.650228023529053,-19.511375427246094,-18.700069427490234,-13.164471626281738,-17.316932678222656,-4.289373874664307,-13.291937828063965,-12.905515670776367,0.12564978966346155,0.022283636033535004,2464.586674080312,2475.696835783569,2.0
-407.7197570800781,58.71542739868164,-11.830245971679688,6.50960111618042,5.157740592956543,-1.2313905954360962,-14.768231391906738,-17.99224853515625,-15.135137557983398,-13.969047546386719,-3.4571423530578613,-11.41994571685791,-5.8292951583862305,0.1016376201923077,0.022436967119574547,2255.895751987815,2347.507083543104,2.0
-438.1730651855469,59.5697021484375,-10.3525390625,4.916965007781982,-0.32963070273399353,-3.1093544960021973,-14.727901458740234,-13.054536819458008,-14.119993209838867,-12.924335479736328,-4.927526950836182,-8.872357368469238,-7.1878485679626465,0.14788912259615383,0.020964065566658974,2435.7304044069383,2042.7270676272778,2.0
-580.0247802734375,68.08853149414062,3.5898804664611816,18.59956169128418,3.792691707611084,-6.083054065704346,-9.68121337890625,-10.395086288452148,-6.871659278869629,-6.794002532958984,-5.869816780090332,-5.001555919647217,-2.9893152713775635,0.23641451322115384,0.0031167673878371716,2912.3051753543778,2570.7013338287684,2.0
-462.5545654296875,58.023460388183594,-14.408942222595215,18.377347946166992,1.3134033679962158,-7.817263603210449,-9.448493957519531,-13.87494945526123,-6.5204596519470215,-11.002863883972168,-10.732634544372559,-6.027557373046875,-5.703908920288086,0.1867412860576923,0.012007731944322586,2784.3005494079525,2325.92241394328,2.0
-491.9007873535156,64.1953125,-11.47033405303955,12.11709213256836,0.20540279150009155,-5.741593360900879,-14.258008003234863,-14.943636894226074,-7.929291248321533,-9.715226173400879,-7.641100883483887,-4.336974143981934,-3.0507583618164062,0.19326171875,0.008791727013885975,2906.659561979149,2370.994783045606,2.0
-449.8071594238281,59.552703857421875,-11.02122688293457,7.6804938316345215,-1.4470150470733643,-7.596374034881592,-16.594907760620117,-12.353252410888672,-9.458430290222168,-11.413517951965332,-7.64292573928833,-6.1211042404174805,-4.609591960906982,0.18739483173076923,0.014143524691462517,2796.804766359131,2290.193831294873,2.0
-307.0029296875,44.078426361083984,-24.700435638427734,9.221529960632324,-11.453125953674316,-5.819674968719482,-7.768691539764404,-18.007122039794922,-5.678455829620361,-7.5463690757751465,-7.166901588439941,-3.7498881816864014,-6.051639080047607,0.1479755108173077,0.06391961127519608,2885.381245971717,2450.616168137245,2.0
-301.99139404296875,41.29319381713867,-21.64441680908203,10.938243865966797,-4.364624977111816,-6.42497444152832,-9.637786865234375,-16.800580978393555,-6.8964738845825195,-6.961426734924316,-8.202425956726074,-5.832556247711182,-5.001063823699951,0.1623760516826923,0.05945520102977753,2807.712377589211,2365.356802433961,2.0
-314.7962341308594,46.32020568847656,-17.770431518554688,8.03674602508545,-9.31476879119873,-2.94991397857666,-7.9583516120910645,-16.04400634765625,-8.307416915893555,-8.026869773864746,-6.652651786804199,-3.8955140113830566,-5.827073097229004,0.14845252403846154,0.05372634157538414,2962.4418761841844,2487.3731863342814,2.0
-297.7474670410156,37.19511795043945,-21.165973663330078,8.512983322143555,-9.47898006439209,-4.769679069519043,-8.681639671325684,-13.176366806030273,-9.455857276916504,-8.742259979248047,-3.0448451042175293,-4.953234672546387,-8.051342964172363,0.20493539663461538,0.07237029820680618,3014.8988290170782,2403.067170154915,2.0
-557.6458129882812,60.54338073730469,0.5516042709350586,11.893359184265137,3.2325525283813477,-2.3032748699188232,-13.45438003540039,-15.333405494689941,-1.6411900520324707,-7.86452054977417,-3.9369313716888428,-6.717296600341797,-7.261139869689941,0.3087928185096154,0.0049014948308467865,3025.464530052196,2636.759559722401,0.0
-485.9219055175781,64.60675811767578,-7.095331192016602,10.18798828125,1.2628004550933838,-6.534481048583984,-18.283763885498047,-17.1805362701416,-6.681999683380127,-11.687725067138672,-9.02603816986084,-7.892330169677734,-10.213613510131836,0.1967548076923077,0.009221429005265236,2613.235215993079,2449.238869133332,0.0
-497.2692565917969,53.84200668334961,-6.118065357208252,8.726181030273438,0.09939087927341461,-3.4967823028564453,-14.74884033203125,-14.361675262451172,-7.658308506011963,-11.185159683227539,-2.7535078525543213,-5.501382827758789,-8.816520690917969,0.29495943509615385,0.010054090991616249,2947.667316236796,2625.6825820472127,0.0
-537.848388671875,60.72889709472656,-13.172706604003906,9.796152114868164,3.1385996341705322,-2.5778768062591553,-15.29912281036377,-14.54682731628418,-6.641465187072754,-9.264805793762207,0.9864743947982788,-4.9288153648376465,-5.332504749298096,0.277294921875,0.007689119316637516,3026.3657480073966,2356.48824568605,0.0
-355.6900634765625,66.78622436523438,-11.420759201049805,12.171371459960938,5.857090473175049,2.0799736976623535,-6.710473537445068,-3.559086561203003,-7.678881645202637,-8.987639427185059,8.58732795715332,-6.971340656280518,-5.099564075469971,0.10188927283653847,0.028852403163909912,2558.983420830936,2567.948471713242,0.0
-307.1768798828125,48.09370803833008,-22.002328872680664,0.3646329343318939,-6.747801303863525,-2.6903133392333984,-17.78738784790039,-21.76262855529785,-10.39302921295166,-17.26092529296875,-3.686614990234375,-11.454122543334961,-9.304819107055664,0.12918043870192308,0.0575638972222805,2735.745596208798,2496.712727266848,0.0
-376.11541748046875,50.34529113769531,-8.401288986206055,8.124589920043945,1.5566720962524414,4.982975959777832,-10.596146583557129,-15.307355880737305,-10.194611549377441,-13.659883499145508,1.1836358308792114,-7.124612331390381,-11.718362808227539,0.11983548677884616,0.031225427985191345,2728.3393065637283,2608.6004456984188,0.0
-321.23284912109375,54.576820373535156,-25.09804344177246,-5.793488502502441,-10.846054077148438,-2.022975206375122,-21.62230682373047,-15.795987129211426,-13.74156379699707,-20.824190139770508,5.486026287078857,-7.702907085418701,-11.470414161682129,0.15808668870192308,0.042169541120529175,2897.307941530817,2475.4925883795127,0.0
-516.2877807617188,61.88737869262695,-10.29759693145752,14.140091896057129,-0.5902053713798523,-8.060043334960938,-10.105870246887207,-7.417304992675781,-7.434523582458496,-3.4986345767974854,-3.0194902420043945,-7.821728229522705,-6.069034576416016,0.22578500600961537,0.0066087194718420506,2899.9496439568584,2448.794617587089,2.0
-560.9898681640625,58.58341979980469,0.34429416060447693,15.2371826171875,4.689629077911377,-8.860260963439941,-9.23728084564209,-5.751204013824463,-6.907401084899902,-5.831394672393799,-1.9854084253311157,-7.356709003448486,-4.198303699493408,0.32366661658653845,0.004627245478332043,3080.5472325678033,2543.954863426186,2.0
-542.650146484375,55.04364776611328,-2.209082841873169,13.376385688781738,2.449857473373413,-6.381939888000488,-17.595396041870117,-8.580791473388672,-5.024993419647217,-3.38309383392334,-1.69568932056427,-11.585424423217773,-5.2293243408203125,0.20451472355769232,0.00444923946633935,2999.3449133261097,2580.066678274233,2.0
-489.91094970703125,58.50951385498047,-14.38290023803711,10.306676864624023,3.161900281906128,-7.9291486740112305,-16.778709411621094,-9.28946590423584,-8.461821556091309,-6.050512790679932,0.8074454665184021,-9.455842018127441,-5.9650702476501465,0.27000826322115384,0.007937179878354073,3116.357712748177,2417.2367198312263,2.0
-537.0964965820312,61.15786361694336,0.5419461727142334,20.678489685058594,1.3315894603729248,-11.15691089630127,-12.05935001373291,-4.646705150604248,-7.664876461029053,-9.17952823638916,-5.115499019622803,-7.962747097015381,-7.559109210968018,0.25049954927884616,0.0056775277480483055,2861.593484134349,2586.6459499925995,2.0
-499.8946533203125,59.06412887573242,3.1971967220306396,21.480445861816406,-2.516726493835449,-6.077019214630127,-10.876615524291992,-2.47619891166687,-6.536952972412109,-7.161982536315918,-1.1590265035629272,-5.727761745452881,-4.7534379959106445,0.1801044170673077,0.005656398367136717,3048.571339561519,2597.8882090651255,2.0
-476.4668273925781,65.81773376464844,-0.5502457618713379,6.839829444885254,-2.6619107723236084,-5.760965824127197,-14.142133712768555,-6.01530122756958,-9.850080490112305,-11.98599910736084,-3.9136173725128174,-7.763264179229736,-7.420130252838135,0.2330303485576923,0.010027021169662476,2874.3412419463034,2502.30931702862,2.0
-426.5569152832031,48.33987045288086,-11.768537521362305,4.1142120361328125,-6.772230625152588,-2.7703635692596436,-17.51327896118164,-9.795051574707031,-9.643952369689941,-8.544187545776367,-5.7158308029174805,-5.0139055252075195,-8.202486038208008,0.22862830528846154,0.017128122970461845,3121.943998607997,2419.1119858191723,2.0
-552.6277465820312,56.75746536254883,-15.726895332336426,2.4692294597625732,-5.969071865081787,-4.095300674438477,-16.07389259338379,-14.432415962219238,-6.274927139282227,-11.388516426086426,-1.5245453119277954,-5.253838539123535,-4.893534183502197,0.17740384615384616,0.007262229919433594,2799.0216225663426,2315.6976797765255,0.0
-531.6476440429688,55.43444061279297,-8.716166496276855,8.198219299316406,3.60243821144104,-3.5062968730926514,-9.849777221679688,-7.337638854980469,-0.9103745818138123,-6.827968120574951,-0.020624777302145958,-3.064969062805176,-6.760955810546875,0.22113131009615383,0.00843378808349371,3031.6914697747793,2655.2428422936773,0.0
-574.820068359375,57.35074996948242,-8.66003704071045,6.2849578857421875,-4.431689262390137,0.05315299332141876,-12.783063888549805,-11.103947639465332,-6.064833641052246,-10.630941390991211,0.132242813706398,-1.408266544342041,-7.457726955413818,0.23877328725961539,0.006403201259672642,3176.6415704348587,2546.1936186591843,0.0
-497.22247314453125,63.6021728515625,-20.12572479248047,8.995527267456055,-2.0274765491485596,-7.394357204437256,-14.488921165466309,-9.563924789428711,-3.6716294288635254,-11.372537612915039,2.4211931228637695,-2.721189022064209,-6.893680572509766,0.15486403245192307,0.011266006156802177,2590.571864247246,2014.3285089270873,0.0
-489.3262023925781,58.612281799316406,-16.10382652282715,5.513268947601318,-5.538378715515137,-10.120052337646484,-9.490812301635742,-11.991556167602539,-4.474323272705078,-13.460406303405762,-3.3900563716888428,-0.8871961832046509,-8.928476333618164,0.241162109375,0.01486065611243248,2974.303834821257,2516.994109008127,0.0
-421.1266784667969,49.9920768737793,-11.945085525512695,7.7574639320373535,-3.0714786052703857,-9.217827796936035,-9.200944900512695,-10.692791938781738,-0.07006894797086716,-10.711331367492676,-2.776918888092041,0.052333422005176544,-8.788214683532715,0.1680926983173077,0.02030215784907341,3097.357668822707,2475.476778388782,0.0
-431.7353515625,46.724632263183594,-14.36579418182373,-3.4138431549072266,-8.586499214172363,-2.375438690185547,-19.2412052154541,-12.143816947937012,-2.496079683303833,-14.188369750976562,-1.6115213632583618,-3.508802890777588,-8.052092552185059,0.22723106971153847,0.02032230980694294,3213.636653040706,2542.592917417724,0.0
-530.6316528320312,52.3263053894043,-9.181320190429688,3.7533905506134033,-2.899798631668091,-5.797874450683594,-11.844053268432617,-8.964754104614258,-5.248989582061768,-9.8735990524292,-1.732641339302063,-4.863949775695801,-7.3143110275268555,0.22559720552884616,0.011155275627970695,3162.970578240299,2450.4742999929504,0.0
-679.9818725585938,45.60139846801758,-9.122834205627441,9.260642051696777,-4.848219871520996,-5.453926086425781,-7.066726207733154,-13.705903053283691,-7.732048034667969,-3.6094248294830322,-3.217434883117676,-7.483282566070557,-4.764631748199463,0.2142315204326923,0.0027216128073632717,3068.3689075402353,2181.23235410617,1.0
-679.0478515625,47.715362548828125,-9.469202995300293,6.351057529449463,-9.278727531433105,-8.656349182128906,-9.553994178771973,-16.441112518310547,-11.878976821899414,-5.487730026245117,-4.348067760467529,-8.568852424621582,-5.568655490875244,0.22874849759615384,0.003086874494329095,2451.0900061734887,1963.7556857384561,1.0
-706.5616455078125,48.585548400878906,-8.359195709228516,1.6703165769577026,-6.843088150024414,-5.22246789932251,-10.578263282775879,-15.667805671691895,-9.217320442199707,-6.150727272033691,-5.47801399230957,-9.626067161560059,-6.049990177154541,0.2109149639423077,0.0027855734806507826,2083.9610366427764,1741.3079021652336,1.0
-714.75830078125,48.43384552001953,-4.442612648010254,1.9381492137908936,-6.497209072113037,-5.032770156860352,-9.227952003479004,-15.098289489746094,-9.739643096923828,-5.937007427215576,-5.177212238311768,-9.00153636932373,-6.579706192016602,0.219189453125,0.002317623235285282,2251.6411691115445,1791.5780430875566,1.0
-616.6755981445312,57.60858154296875,-15.973419189453125,3.6812081336975098,-14.582898139953613,-10.567805290222168,-12.08962631225586,-18.002775192260742,-13.754632949829102,-6.438047409057617,-4.989833354949951,-10.758350372314453,-5.489304542541504,0.15914588341346153,0.003478975035250187,2067.3464114843932,1820.487084901619,1.0
-617.497314453125,60.5313720703125,-24.07788848876953,4.829738140106201,-10.051544189453125,-9.450695991516113,-12.822684288024902,-16.600337982177734,-11.049786567687988,-4.8451457023620605,-3.801520824432373,-10.318204879760742,-5.475496292114258,0.16961388221153847,0.0036882751155644655,2209.561105220086,1915.3813225883143,1.0
-617.57763671875,52.09639358520508,-12.241689682006836,4.608802318572998,-12.459031105041504,-7.015851974487305,-12.034252166748047,-16.61594581604004,-11.552124977111816,-6.222446918487549,-3.75970721244812,-8.62063980102539,-3.137972831726074,0.12020357572115385,0.00476036174222827,1996.1214924924172,1651.9407011330313,1.0
-624.899658203125,60.03421401977539,-16.19879722595215,-0.9845155477523804,-9.95356273651123,-6.55375862121582,-14.326300621032715,-23.886478424072266,-10.448750495910645,-5.116846561431885,-6.732255458831787,-9.235991477966309,-7.78630256652832,0.2059870793269231,0.003211534582078457,2612.2903216370523,2236.717181820381,1.0
-630.03564453125,53.26163864135742,-10.490021705627441,4.598833084106445,-10.202737808227539,-6.210382461547852,-11.776654243469238,-13.876471519470215,-12.758577346801758,-6.951696872711182,-3.25712513923645,-11.57803726196289,-5.429488658905029,0.1169696514423077,0.003415720770135522,2094.3155264773914,1777.789272011806,1.0
-593.1351928710938,68.42835235595703,-22.725868225097656,5.559859752655029,-8.934768676757812,-8.569695472717285,-16.15882110595703,-24.147735595703125,-12.125955581665039,-5.622920036315918,-5.401108741760254,-10.830876350402832,-3.3121984004974365,0.1974834735576923,0.0034035416319966316,2690.075688426159,2327.2686471667657,1.0
-578.5068969726562,57.49726486206055,-16.41478729248047,6.2780442237854,-11.710745811462402,-8.945080757141113,-15.396387100219727,-23.885610580444336,-9.102187156677246,-6.4222211837768555,-6.5204291343688965,-9.632380485534668,-3.295794725418091,0.14986853966346153,0.004044322296977043,2482.391697555551,2026.6267456040189,1.0
-620.4478149414062,50.5616569519043,-7.236400604248047,2.1662638187408447,-15.657112121582031,-7.652679920196533,-17.472206115722656,-18.16364860534668,-13.21456241607666,-7.773819923400879,-8.677826881408691,-13.157548904418945,-5.544496059417725,0.20997220552884616,0.0037732368800789118,3249.3192578999183,2356.1837251038364,1.0
-620.8462524414062,52.64683151245117,-19.846683502197266,6.581203937530518,-9.494159698486328,-10.343687057495117,-9.128478050231934,-16.61837387084961,-9.311766624450684,-4.901263236999512,-8.68560791015625,-9.855377197265625,-6.9787139892578125,0.14954927884615385,0.005231066141277552,1974.9254721326422,1609.2905841838058,1.0
-567.4887084960938,45.377750396728516,-24.357933044433594,6.396976470947266,-8.518329620361328,-13.61663818359375,-5.7129693031311035,-17.464168548583984,-9.974647521972656,-3.514007568359375,-8.292957305908203,-8.48482608795166,-7.960257530212402,0.27049278846153846,0.007864970713853836,3185.5507910909787,2348.0184876457456,1.0
-590.2353515625,49.36774444580078,-16.437793731689453,9.104897499084473,-5.7258992195129395,-9.518899917602539,-4.367043495178223,-14.88019847869873,-8.31389331817627,-6.721254348754883,-4.667317867279053,-7.451904296875,-5.8192572593688965,0.21307091346153847,0.006231992039829493,3306.428891101631,2290.758796941002,1.0
-582.5386962890625,48.513946533203125,-18.32842254638672,5.750502109527588,-5.0585198402404785,-11.977144241333008,-7.024896621704102,-16.716899871826172,-6.52133321762085,-4.575588226318359,-6.6906609535217285,-6.404971599578857,-5.404271125793457,0.3083195612980769,0.008035808801651001,3107.1301465799725,2336.9814401368208,1.0
-462.0525817871094,36.058528900146484,-25.941129684448242,1.084854006767273,-9.981047630310059,-13.960936546325684,-4.942154884338379,-18.485401153564453,-9.993392944335938,-3.2770168781280518,-6.043895721435547,-9.149115562438965,-3.4595236778259277,0.20279071514423078,0.017447808757424355,2970.271609114566,2244.470914339037,1.0
-469.2637939453125,24.959304809570312,-25.52130126953125,2.484745740890503,-10.106536865234375,-13.01570987701416,-2.364820718765259,-15.852002143859863,-5.8890485763549805,-4.1449995040893555,-7.9324116706848145,-8.143240928649902,-7.261392593383789,0.1576171875,0.02155403047800064,2264.4024367089232,1799.2016824701773,1.0
-487.49285888671875,27.96090316772461,-21.675405502319336,1.312982201576233,-11.018199920654297,-14.0451021194458,-9.209966659545898,-18.77131462097168,-9.388039588928223,-6.118612766265869,-8.885859489440918,-7.274827003479004,-8.153386116027832,0.20247896634615384,0.018811574205756187,3021.4055760148512,2060.6924977774047,1.0
-420.6461181640625,25.960664749145508,-30.90302085876465,-0.1828608512878418,-13.2215576171875,-17.24654197692871,-12.867164611816406,-20.428380966186523,-6.8806352615356445,-7.740726470947266,-11.062407493591309,-12.562010765075684,-7.894771575927734,0.3112567608173077,0.03064989484846592,3348.355965981911,2513.5266173061455,1.0
-672.4042358398438,47.18559265136719,-2.5486156940460205,9.375198364257812,-4.881012439727783,-6.3828887939453125,-4.921060085296631,-13.128615379333496,-10.154085159301758,-7.786579608917236,-3.603605270385742,-7.721008777618408,-6.916721820831299,0.3448317307692308,0.00276449928060174,3412.2991340740728,2713.2761144448655,2.0
-563.8062133789062,34.52020263671875,-10.70517349243164,0.34512704610824585,-8.360411643981934,-9.790779113769531,-5.598968982696533,-16.797374725341797,-9.932894706726074,-4.3718976974487305,-5.237821578979492,-7.000982761383057,-9.154073715209961,0.2181415264423077,0.008321444503962994,2551.70473329517,2167.838525672968,2.0
-562.723388671875,31.253206253051758,-12.39229679107666,0.7244313359260559,-7.793789386749268,-15.183526039123535,-7.983199596405029,-19.3360538482666,-10.92040729522705,-6.830544948577881,-8.076148986816406,-7.393866539001465,-8.760663986206055,0.22116135817307692,0.009006849490106106,2829.4556626853023,2103.108192619871,2.0
-576.09814453125,24.003807067871094,-11.071455955505371,-2.9533419609069824,-9.536890029907227,-17.946138381958008,-7.548318386077881,-21.06537437438965,-11.090418815612793,-5.860424041748047,-9.54381275177002,-7.040028095245361,-7.9586334228515625,0.3102276141826923,0.008172794245183468,3173.199709444403,2300.645411594718,2.0
-500.5088806152344,25.489606857299805,-26.149375915527344,-0.8220747709274292,-9.26020336151123,-19.457073211669922,-11.327020645141602,-21.81312370300293,-10.528100967407227,-2.2340078353881836,-7.369335174560547,-4.887418746948242,-3.4283828735351562,0.1879619891826923,0.01580311730504036,2643.646213974721,2025.1339377071215,2.0
-461.71942138671875,21.38551139831543,-19.159954071044922,-3.8035099506378174,-13.556873321533203,-13.703863143920898,-5.337148666381836,-15.446714401245117,-10.052083015441895,-0.8716015219688416,-2.3537650108337402,0.7852786779403687,2.0037591457366943,0.33600135216346155,0.019837895408272743,3229.7043134979517,2582.45898386262,2.0
-411.0325622558594,5.441405296325684,-37.328208923339844,-9.618247032165527,-17.582324981689453,-24.697826385498047,-17.55739974975586,-25.44641876220703,-11.954602241516113,-5.3025665283203125,-7.774709701538086,1.3437741994857788,9.428027153015137,0.24364483173076923,0.03805232048034668,3238.771450740957,2322.9676894698123,2.0
-430.2146911621094,12.36695671081543,-32.04514694213867,-3.5543038845062256,-12.90383243560791,-23.141986846923828,-12.162861824035645,-22.72050666809082,-12.305635452270508,-8.978344917297363,-10.783490180969238,-8.491058349609375,-1.096976399421692,0.2583458533653846,0.025725826621055603,3626.5345763893647,2457.5120253490454,2.0
-521.0928955078125,41.97565460205078,-12.987062454223633,3.9392051696777344,-11.684551239013672,-9.357104301452637,-9.141879081726074,-16.693359375,-10.17243480682373,-6.235297679901123,-5.308382511138916,-10.094757080078125,-4.600435733795166,0.18375525841346155,0.009755617938935757,2495.048332969326,1927.7064800772455,2.0
-508.28863525390625,34.58695602416992,-14.54609489440918,2.8893513679504395,-13.904120445251465,-8.880951881408691,-4.951525688171387,-16.445898056030273,-7.990747928619385,-4.388120651245117,-4.204281806945801,-7.22756290435791,-5.313320636749268,0.186083984375,0.012283856980502605,2443.6597192438326,1881.0807291296587,2.0
-530.1270141601562,32.49888610839844,-13.142048835754395,-0.5366117358207703,-12.045624732971191,-11.876236915588379,-9.031085014343262,-19.261926651000977,-10.650398254394531,-7.414405345916748,-5.633294105529785,-8.961904525756836,-9.584696769714355,0.2356633112980769,0.013103766366839409,2760.387552696905,2032.1940742900276,2.0
-530.7666015625,42.18937301635742,-15.412903785705566,2.154534339904785,-14.687597274780273,-10.087562561035156,-10.566329002380371,-19.64061737060547,-10.439791679382324,-4.759589672088623,-4.553221702575684,-9.699814796447754,-5.958828449249268,0.30573167067307694,0.009748507291078568,3479.686942592512,2400.477885420786,2.0
-370.5760192871094,19.22065544128418,-24.041748046875,0.5582101941108704,-18.928852081298828,-7.581304550170898,-2.988987445831299,-18.791976928710938,-3.2846763134002686,-9.497096061706543,-4.627048969268799,-6.866477966308594,-3.0649116039276123,0.16959134615384616,0.04648042470216751,2789.7268014519805,1980.0039717064471,2.0
-384.7488708496094,23.729129791259766,-21.654714584350586,-0.3016708493232727,-20.039409637451172,-9.032455444335938,-6.701260089874268,-21.509469985961914,-6.789539813995361,-6.179697036743164,-4.758631229400635,-3.3919260501861572,-1.8241543769836426,0.14967698317307693,0.036185767501592636,2486.440189196135,1920.886816612741,2.0
-358.7676086425781,13.84666633605957,-21.961463928222656,0.02050945535302162,-16.51244354248047,-14.210424423217773,-8.67601203918457,-23.61132049560547,-4.663577556610107,-6.126571178436279,-3.947030782699585,-9.490814208984375,-6.6205549240112305,0.34503079927884617,0.04849865287542343,3688.6249917066966,2613.8921168983406,2.0
-409.36590576171875,15.13430404663086,-24.986948013305664,-9.335769653320312,-25.555519104003906,-12.107566833496094,-10.805384635925293,-24.44159698486328,-7.273871898651123,-11.866802215576172,-4.757326126098633,-6.415907859802246,-4.072361469268799,0.25001502403846154,0.03414878249168396,3658.505670125395,2404.20542868633,2.0
-540.7227172851562,29.047285079956055,-16.078224182128906,-0.007718365173786879,-9.359206199645996,-7.058379650115967,-6.2686686515808105,-18.47555923461914,-11.910841941833496,-3.045924186706543,-7.28357458114624,-8.066153526306152,-6.089492321014404,0.21472731370192308,0.009267418645322323,2654.480947748201,2121.659760239533,0.0
-526.4791870117188,28.42522621154785,-20.875932693481445,3.7267708778381348,-9.761625289916992,-9.929437637329102,-6.260498046875,-15.803470611572266,-10.070008277893066,-3.871614456176758,-8.575313568115234,-7.1846537590026855,-6.607527732849121,0.22487229567307693,0.010980291292071342,3113.584920298094,2240.131430932799,0.0
-528.6949462890625,31.108684539794922,-16.363021850585938,0.8792068362236023,-6.231876373291016,-10.340778350830078,-8.51506519317627,-19.192190170288086,-9.891919136047363,-3.2637484073638916,-9.020530700683594,-7.186099529266357,-8.956666946411133,0.19837740384615385,0.012091876938939095,2557.483282884147,1960.1840556570667,0.0
-527.992919921875,30.591991424560547,-13.775347709655762,-1.4955860376358032,-8.182769775390625,-9.159984588623047,-6.9654388427734375,-17.57707405090332,-13.154335021972656,-4.893339157104492,-8.351905822753906,-9.069258689880371,-7.988927364349365,0.17960486778846155,0.01152026280760765,2499.3268426929976,1901.5428164208022,0.0
-369.0679931640625,2.0550856590270996,-21.564340591430664,1.671924352645874,-8.402442932128906,-7.027688503265381,-7.214193820953369,-18.596101760864258,-9.49013900756836,-1.1682853698730469,-3.0886330604553223,1.1897475719451904,11.630934715270996,0.22103365384615384,0.03170798346400261,3242.9237436573576,2212.412324929985,0.0
-424.31793212890625,19.195497512817383,-20.02115249633789,-2.9286763668060303,-11.811638832092285,-6.753830909729004,-5.809175491333008,-15.30001449584961,-11.999528884887695,-6.116543292999268,-6.811246871948242,0.00907287560403347,5.939704895019531,0.20612980769230768,0.028969138860702515,2929.18044448999,2237.329233666551,0.0
-400.8851013183594,21.04361343383789,-20.771432876586914,-7.635652542114258,-18.23626708984375,-9.930132865905762,-12.515849113464355,-18.483089447021484,-10.495577812194824,-8.748250007629395,-9.929832458496094,-7.448158264160156,0.9116657376289368,0.1556640625,0.039562348276376724,2417.4741083672343,1868.6949912391967,0.0
-407.1495666503906,17.709505081176758,-20.792444229125977,-10.634356498718262,-14.204572677612305,-12.725497245788574,-10.39465045928955,-16.942066192626953,-9.107258796691895,-6.685571193695068,-7.60104513168335,-5.7657036781311035,0.5614809393882751,0.32740009014423077,0.038797564804553986,3634.2269990691493,2581.075134706583,0.0
-563.177001953125,51.6793327331543,-7.689131259918213,2.471446990966797,-6.668269634246826,-7.475785255432129,-6.720243453979492,-9.605573654174805,-13.082148551940918,-3.710737705230713,-4.812833309173584,-8.749306678771973,-4.907863616943359,0.11575270432692308,0.0067395418882369995,1937.6196465193016,1581.0921487676183,2.0
-542.3682861328125,55.11643600463867,-11.881316184997559,3.6392784118652344,-9.356047630310059,-9.788745880126953,-15.791926383972168,-15.308053016662598,-12.889982223510742,-0.8272424936294556,-8.707159042358398,-8.569260597229004,-4.967538833618164,0.18118239182692308,0.0077327885664999485,2343.010219072805,1963.5678396894423,2.0
-546.9481201171875,41.58818817138672,-11.634140968322754,-2.9090824127197266,-5.009344577789307,-11.560699462890625,-9.769209861755371,-17.29655647277832,-9.873016357421875,-4.663593292236328,-7.4346723556518555,-8.266474723815918,-5.420290946960449,0.27602914663461536,0.010374336503446102,3100.2421782208,2208.6217826630536,2.0
-521.353515625,32.8663330078125,-9.763545989990234,1.1212550401687622,-0.42393648624420166,-11.788729667663574,-7.599982261657715,-13.566829681396484,-4.773078441619873,-1.8345494270324707,-6.539484024047852,-4.725810527801514,-2.4010815620422363,0.29187575120192305,0.011380385607481003,3442.8438497897773,2629.9073812346837,2.0
-455.4024658203125,32.25922393798828,-10.455126762390137,5.155155181884766,-8.889347076416016,-8.03662109375,-6.026093006134033,-16.30092430114746,-10.661620140075684,-6.339064598083496,-4.896712303161621,-6.864287853240967,-4.862985610961914,0.11971153846153847,0.021043231710791588,2372.6042638001704,1884.2005223957015,2.0
-474.4385681152344,34.20211410522461,-11.558381080627441,1.1332123279571533,-9.94427490234375,-7.380197525024414,-7.376605033874512,-12.388739585876465,-13.992659568786621,-5.499843120574951,-6.091393947601318,-6.144099235534668,-6.990350246429443,0.19586087740384617,0.015896502882242203,2542.6230934563478,2188.7420165037074,2.0
-519.1913452148438,33.07179260253906,-12.54798698425293,-3.6164393424987793,-8.268021583557129,-13.380496978759766,-11.504890441894531,-19.09214210510254,-16.679424285888672,-5.162400245666504,-9.074152946472168,-11.252846717834473,-6.983022212982178,0.25829326923076923,0.012432744726538658,3030.9870324453914,2014.0108509307547,2.0
-478.7693176269531,34.626766204833984,-13.579951286315918,-8.43184757232666,-13.83291244506836,-12.052511215209961,-14.004329681396484,-20.227252960205078,-16.36341667175293,-5.1479268074035645,-10.762736320495605,-12.423858642578125,-6.251453876495361,0.15517202524038462,0.01700110174715519,2442.4452231610658,1775.428250111132,2.0
-596.3460693359375,41.8441162109375,-13.880084991455078,1.09884774684906,-8.641448974609375,-10.73112964630127,-7.8629937171936035,-15.386280059814453,-9.768268585205078,-5.770219326019287,-6.973827362060547,-9.19665241241455,-7.178188800811768,0.3668870192307692,0.0067911590449512005,3180.478071914776,2567.589197594396,0.0
-565.7777709960938,38.32398986816406,-14.60146427154541,1.0426619052886963,-10.61486530303955,-11.909856796264648,-7.150609016418457,-18.45780372619629,-9.45047664642334,-5.695967197418213,-7.792685031890869,-9.685981750488281,-7.908482074737549,0.2272235576923077,0.009596135467290878,2870.0740308247027,2171.8001128997057,0.0
-522.1490478515625,43.482059478759766,-11.372052192687988,-3.9433951377868652,-11.603687286376953,-15.281201362609863,-11.48840618133545,-21.32306671142578,-9.821048736572266,-6.546576499938965,-10.30229377746582,-10.561786651611328,-8.09872055053711,0.21977163461538463,0.011986389756202698,2599.7926115155183,1947.647716719519,0.0
-535.5828247070312,39.39883041381836,-16.05722999572754,-4.198075294494629,-14.110997200012207,-13.6182279586792,-9.456629753112793,-22.759431838989258,-10.444109916687012,-4.800938129425049,-10.28055477142334,-11.76746654510498,-8.755897521972656,0.22477088341346155,0.01182993222028017,2584.298504880455,2049.0923235672844,0.0
-447.20367431640625,31.36163902282715,-24.7083797454834,-3.683917999267578,-16.166526794433594,-14.085897445678711,-5.859200477600098,-22.115928649902344,-8.768773078918457,-2.5325095653533936,-7.99287748336792,-5.000706195831299,-0.9550089836120605,0.1499699519230769,0.024333298206329346,2309.555913988474,1901.1234645918812,0.0
-467.39422607421875,26.549283981323242,-19.86471939086914,-5.286208152770996,-14.704059600830078,-13.367414474487305,-11.517709732055664,-22.40300178527832,-7.360454559326172,-1.6835784912109375,-4.6212286949157715,-2.5942513942718506,-0.9213306307792664,0.2325458233173077,0.020091339945793152,2754.8365966994006,2224.101648798787,0.0
-470.4579772949219,31.160839080810547,-16.380922317504883,-3.5620174407958984,-12.087260246276855,-12.466215133666992,-11.3740873336792,-17.302783966064453,-5.776919364929199,-5.02871561050415,-7.135295867919922,-4.129722595214844,-2.190153121948242,0.2262657752403846,0.021829640492796898,2537.3456082190414,2060.9072659724307,0.0
-450.9634704589844,29.061954498291016,-17.07526969909668,-7.023791313171387,-15.7374267578125,-13.224266052246094,-13.19038200378418,-23.79462242126465,-7.915995121002197,-9.013287544250488,-10.88795280456543,-8.40395450592041,-4.719719886779785,0.15929612379807692,0.026862718164920807,2373.8150605837823,1958.6716555005917,0.0
-683.7412109375,79.71493530273438,7.64837646484375,16.398128509521484,12.296839714050293,-1.0827648639678955,-0.06951957195997238,-4.437154293060303,-1.3841125965118408,0.9366878271102905,1.7134215831756592,0.9337876439094543,-1.1806564331054688,0.20780123197115385,0.0018121411558240652,2553.2880629428587,2568.9835533485625,1.0
-696.2742919921875,82.88912963867188,4.096349239349365,22.050676345825195,12.000561714172363,1.2722495794296265,2.317517042160034,-4.693171501159668,0.8295741081237793,3.0718252658843994,3.2760672569274902,2.6852569580078125,-0.38883981108665466,0.207177734375,0.001517384429462254,2567.7042687236535,2511.700432858161,1.0
-682.150390625,67.01126861572266,3.025608539581299,17.91855812072754,8.842010498046875,-0.4007854759693146,2.4686226844787598,-6.0133256912231445,-6.709110736846924,3.123354434967041,1.9537250995635986,1.6062573194503784,-0.6130568385124207,0.2632061298076923,0.0022030079271644354,2859.950709572531,2601.0992773348503,1.0
-685.0433959960938,80.64338684082031,8.58596420288086,18.717920303344727,9.359856605529785,-0.45556938648223877,2.2910895347595215,-10.040213584899902,-4.502544403076172,2.513153314590454,0.618411660194397,3.354797840118408,-0.7576367855072021,0.2394305889423077,0.0020747294183820486,2670.9780540433767,2521.048868412605,1.0
-689.4639282226562,84.30947875976562,10.10262393951416,26.589645385742188,6.380589962005615,0.6894611120223999,-2.245173454284668,-1.3676990270614624,0.29791060090065,1.1682497262954712,0.8575419783592224,2.4539577960968018,-3.240769386291504,0.18067533052884616,0.0014706893125548959,2456.5582538660674,2406.9487997425467,1.0
-725.7127685546875,78.41718292236328,13.391667366027832,30.515649795532227,5.195257186889648,2.1726534366607666,1.087516188621521,-1.6886237859725952,4.152170181274414,1.2614035606384277,0.9817107915878296,5.086859703063965,-4.640694618225098,0.20852989783653847,0.0009408018668182194,2612.3482212506947,2550.298976048384,1.0
-692.9859619140625,81.60045623779297,13.423070907592773,25.788103103637695,1.8473304510116577,2.421721935272217,-1.98814857006073,-5.5694990158081055,-2.6886284351348877,4.201513767242432,1.0567588806152344,1.747641921043396,-2.5124528408050537,0.19474909855769232,0.001427571289241314,2581.6151059225595,2391.7205735643943,1.0
-655.4913330078125,72.44606018066406,14.517480850219727,19.924339294433594,0.2653833329677582,4.756349563598633,-4.910521507263184,-5.611620903015137,-3.794308662414551,2.34732723236084,1.7710072994232178,-0.30547860264778137,-2.087568759918213,0.21811899038461538,0.0024426979944109917,2877.479714275258,2409.775117984472,1.0
-698.993408203125,51.951351165771484,4.921326160430908,27.279523849487305,7.667415618896484,4.756966590881348,-3.280848503112793,3.1672866344451904,4.38810396194458,2.101611852645874,2.1946048736572266,4.598934650421143,-2.9080238342285156,0.2535193810096154,0.0012839437695220113,3104.2602754084246,2670.0034482559768,1.0
-752.1904907226562,63.71696090698242,15.596500396728516,26.823331832885742,10.322358131408691,7.304416179656982,-1.8946470022201538,-2.7684123516082764,4.125763893127441,5.6532135009765625,4.656954288482666,3.7537975311279297,-2.117432117462158,0.24091045673076922,0.0006741660181432962,2888.890743019695,2703.702604083435,1.0
-705.5028686523438,61.06413650512695,18.105371475219727,30.52605628967285,3.8804664611816406,4.062305927276611,1.0449185371398926,-3.14846134185791,2.5405874252319336,7.348129749298096,0.43590474128723145,4.435679912567139,-4.470118999481201,0.23712064302884617,0.001228380249813199,2914.9654597107105,2634.9078404427837,1.0
-743.072265625,64.12126159667969,22.79134178161621,31.256515502929688,9.5599946975708,6.420051574707031,1.8158622980117798,-5.639746189117432,2.5608415603637695,7.835701942443848,0.7437726259231567,3.9985713958740234,-4.340446949005127,0.2269268329326923,0.0009326224680989981,2902.133958270846,2695.760509315456,1.0
-625.172119140625,73.83635711669922,1.212108850479126,19.303865432739258,9.358939170837402,-1.4014784097671509,-2.753397226333618,-0.30788856744766235,-13.311572074890137,-5.761210918426514,5.0594916343688965,-5.42266321182251,-3.051628589630127,0.15167142427884617,0.003142084926366806,2619.31531089642,2524.3027986438874,1.0
-643.1536254882812,66.83440399169922,-0.8709856271743774,15.15166187286377,10.766764640808105,0.2073976993560791,-0.614106297492981,0.28417640924453735,-5.7875165939331055,0.16845031082630157,4.156038284301758,-1.494922399520874,-1.975305199623108,0.23465294471153847,0.003315101144835353,2801.9002835259635,2615.4743238161877,1.0
-661.884033203125,59.738040924072266,8.315943717956543,16.308223724365234,7.880411624908447,0.14728979766368866,-0.07378704100847244,-4.775538921356201,-4.072859764099121,-0.34623149037361145,2.0558698177337646,-1.77595055103302,-2.1309330463409424,0.2418757512019231,0.0026273420080542564,3010.8107772951444,2736.561961928447,1.0
-564.9937744140625,82.86328125,-2.198326349258423,12.752803802490234,1.7973365783691406,-4.986853122711182,-5.953900337219238,-8.561704635620117,-11.90451717376709,-2.495793104171753,2.0699830055236816,-5.320079803466797,-2.4275400638580322,0.17171349158653845,0.0058793253265321255,2382.8014286971434,2271.7023428872226,1.0
-576.1124267578125,51.462554931640625,-0.9884516596794128,9.214964866638184,-3.540693521499634,-3.9680819511413574,-8.080723762512207,-4.7880024909973145,-11.72812271118164,-10.005274772644043,0.8428133726119995,-7.085461616516113,-5.915416717529297,0.20712890625,0.004751103464514017,2965.9327732479414,2601.5111917780273,1.0
-492.10198974609375,70.0492935180664,-18.208951950073242,1.1330561637878418,0.17207124829292297,-6.192659854888916,-13.519638061523438,-5.2459845542907715,-16.513792037963867,-9.239799499511719,5.572690963745117,-8.77077579498291,-4.010188579559326,0.1589092548076923,0.011940853670239449,2611.2376991259616,2339.498069250632,1.0
-523.9973754882812,69.42579650878906,-5.0829548835754395,8.264193534851074,3.553060293197632,-3.888667583465576,-10.239968299865723,-9.148590087890625,-20.16543960571289,-6.65916633605957,2.792445421218872,-8.931011199951172,-6.683386325836182,0.1826434795673077,0.010382231324911118,2424.200475434651,2248.0123516942203,1.0
-543.1483154296875,49.46647262573242,-0.6018591523170471,6.015380859375,0.7590850591659546,-1.1474448442459106,-6.6760711669921875,-5.171509742736816,-11.374815940856934,-9.893341064453125,2.0093369483947754,-6.137516021728516,-5.879847526550293,0.21346153846153845,0.009235769510269165,2809.695431772277,2491.3278602102546,1.0
-764.6930541992188,79.50360870361328,17.11642074584961,22.153079986572266,12.204428672790527,3.6354715824127197,3.2114126682281494,-5.8729472160339355,1.4320483207702637,3.963250160217285,0.8636888861656189,5.5968852043151855,-0.931941568851471,0.2099384014423077,0.0007973194005899131,2628.1366443979528,2747.072796153357,2.0
-712.1622314453125,85.91427612304688,7.442063331604004,24.5982666015625,10.895110130310059,0.5827378630638123,-0.06016822159290314,-6.265841484069824,-1.6615753173828125,5.581747531890869,0.2306639403104782,1.355281949043274,-3.601552963256836,0.22921799879807692,0.0009032705565914512,2526.4188989991294,2588.409696716065,2.0
-771.6729736328125,67.64151763916016,15.076446533203125,18.44757652282715,12.086848258972168,5.443924427032471,1.9643491506576538,-5.096282482147217,-3.2204768657684326,6.267549514770508,2.9438319206237793,0.8780531883239746,-2.5508008003234863,0.2757173978365385,0.0008164010941982269,2954.528974842948,2817.0358298451933,2.0
-705.742919921875,86.49256896972656,17.5014705657959,23.143136978149414,9.91557502746582,0.6805483102798462,2.566554546356201,-7.818748950958252,-1.6901780366897583,6.759799480438232,2.7823448181152344,1.8601629734039307,-2.713979721069336,0.18180588942307693,0.0011011282913386822,2450.909156977079,2589.0534179790607,2.0
-711.8943481445312,80.14754486083984,12.782012939453125,21.96791648864746,8.67867660522461,0.5151709914207458,-2.5009043216705322,-3.128211736679077,-1.7542283535003662,-0.5444206595420837,0.3433113694190979,-0.49153584241867065,-3.8381130695343018,0.19183819110576922,0.0014129619812592864,2576.2252907593092,2634.777915110421,2.0
-743.397705078125,77.17216491699219,5.667327880859375,26.251201629638672,14.188213348388672,4.017344951629639,-5.5712690353393555,-2.4216949939727783,-1.405484676361084,0.5346163511276245,1.5844135284423828,-0.3057115375995636,-2.4923219680786133,0.22841045673076923,0.0010232884669676423,2627.2599572249037,2632.5585526968666,2.0
-706.6805419921875,61.402557373046875,7.113794326782227,21.142578125,5.825787544250488,0.3547650873661041,-2.496878147125244,-4.698114395141602,-1.1791059970855713,0.04285818338394165,1.7781028747558594,-1.1098674535751343,-3.364783525466919,0.21548978365384616,0.001485568704083562,2807.346348165764,2694.6788608304378,2.0
-740.9066162109375,69.94898986816406,4.6040143966674805,18.49982261657715,11.133169174194336,2.4181442260742188,-1.049790859222412,-2.5679678916931152,-4.4712677001953125,1.0829777717590332,4.031988143920898,0.42268019914627075,-2.980924129486084,0.2874586838942308,0.0012918596621602774,2756.5101161354314,2711.37474210567,2.0
-474.0833740234375,70.56258392333984,-18.01008415222168,8.247367858886719,6.076013565063477,-18.636247634887695,-7.359992980957031,-4.960640907287598,-10.2279634475708,-7.252560138702393,0.7270393371582031,-4.715940475463867,-3.705702781677246,0.2103816105769231,0.014073822647333145,2745.6543766831574,2401.443464428071,2.0
-494.15069580078125,64.58987426757812,-6.808636665344238,16.187910079956055,7.113189220428467,-13.668396949768066,-5.937955379486084,-0.6281477808952332,-5.107547760009766,-3.7724857330322266,1.5666353702545166,-1.7236706018447876,-1.890336036682129,0.17004957932692308,0.012122014537453651,2823.1392416358785,2513.778630397528,2.0
-571.1910400390625,83.61791229248047,8.14903736114502,14.817183494567871,9.97522258758545,-11.255934715270996,-1.908347487449646,-10.597854614257812,-7.489899158477783,0.6672179698944092,0.4124913513660431,-0.8942399024963379,2.850039005279541,0.20433067908653846,0.004565214738249779,2677.368667382902,2383.3581172957283,2.0
-549.3523559570312,69.47400665283203,-4.3855791091918945,16.8865909576416,5.1149468421936035,-9.25843334197998,-1.3870418071746826,-8.385140419006348,-5.26852560043335,-1.7672501802444458,-2.7878360748291016,1.781543254852295,-4.548226833343506,0.21292818509615385,0.006481815595179796,2815.054939280729,2337.9942324549497,2.0
-360.7462463378906,38.71672058105469,-20.16273307800293,1.8402312994003296,-1.606364369392395,-12.00491714477539,-13.483382225036621,-2.6943018436431885,-11.1698579788208,-5.698586463928223,0.32661154866218567,-4.362973213195801,-4.188517093658447,0.21411508413461539,0.044305671006441116,3049.7570301611995,2623.458187941163,2.0
-376.7521057128906,45.066558837890625,-11.983855247497559,5.82000207901001,-1.4551711082458496,-11.579400062561035,-11.555078506469727,-4.717348098754883,-8.754495620727539,-6.757195472717285,0.47206932306289673,-4.690215110778809,-3.7529749870300293,0.19956805889423077,0.042880091816186905,2989.63468899741,2589.4645400490485,2.0
-317.71722412109375,36.26213073730469,-12.6205472946167,-3.768312454223633,0.2318652868270874,-12.039566993713379,-17.051416397094727,-2.8064122200012207,-13.194040298461914,-8.822213172912598,4.933505535125732,-1.7092957496643066,-5.450193405151367,0.21905048076923078,0.06664182990789413,2995.7404603550044,2636.411096683715,2.0
-308.6265563964844,36.55842590332031,-18.69813346862793,-5.31373929977417,-2.6235432624816895,-12.087450981140137,-15.098978042602539,-0.5432058572769165,-16.07848358154297,-11.973584175109863,4.951914310455322,-3.4340713024139404,-4.700489521026611,0.2216083233173077,0.07413296401500702,3106.742334949434,2617.365153267769,2.0
-654.17529296875,56.32839584350586,3.0888967514038086,11.139071464538574,3.264130115509033,-5.7132415771484375,-5.017368793487549,-1.7389453649520874,-0.9245218634605408,-1.3396456241607666,-1.2444521188735962,0.3326636552810669,-4.148455619812012,0.25703876201923076,0.0033314882311969995,2832.681917968546,2801.550249326213,0.0
-637.8007202148438,56.14680099487305,3.6061134338378906,13.293715476989746,6.230119228363037,-5.008462905883789,-3.854127883911133,-4.204387187957764,-3.3244378566741943,-1.344475507736206,-1.3369731903076172,-0.01477320771664381,-4.727010726928711,0.26406625600961536,0.0031206633429974318,2948.7552154729765,2782.719132838547,0.0
-705.5313720703125,63.85791015625,7.905069828033447,17.42407989501953,7.9649505615234375,-0.49936336278915405,-0.8828473091125488,-2.600512742996216,-1.4673614501953125,2.8984932899475098,2.0825345516204834,1.689850091934204,-2.073854923248291,0.2276329627403846,0.0022498080506920815,2886.3517686774694,2792.100652637932,0.0
-612.764404296875,54.38651657104492,0.5150465965270996,10.234851837158203,2.8799355030059814,-6.754180431365967,-4.180161952972412,-4.331549644470215,-4.812383651733398,-2.988997220993042,-0.9168060421943665,-1.0113447904586792,-2.9566123485565186,0.25896935096153845,0.004860227927565575,2803.92769342486,2718.342111970858,0.0
-456.9753723144531,36.303829193115234,-16.670032501220703,-2.1402292251586914,-3.39768385887146,-8.125146865844727,-13.960164070129395,-9.278021812438965,-8.151765823364258,-8.11837100982666,-0.9733776450157166,-3.2485883235931396,-6.224223613739014,0.12838792067307692,0.021707534790039062,2455.751888014934,2538.4081857482856,0.0
-412.432861328125,47.67439651489258,-25.15082550048828,2.3015432357788086,-5.990767478942871,-9.86115837097168,-19.80988121032715,-15.275301933288574,-11.052480697631836,-10.841691017150879,0.3847943842411041,-6.787333965301514,-7.168645858764648,0.13644456129807692,0.02361915446817875,2779.237648629681,2437.7099750421953,0.0
-475.6816101074219,35.27803039550781,-10.338380813598633,4.600215435028076,-0.4985826909542084,-8.74714469909668,-10.420283317565918,-5.387274265289307,-13.661264419555664,-9.335205078125,-0.4259243905544281,-5.052234172821045,-7.338984489440918,0.12037635216346154,0.020609404891729355,2421.541140848757,2504.624554806381,0.0
-466.01190185546875,44.73423385620117,-15.459218978881836,2.051941394805908,-3.7238082885742188,-6.802912712097168,-14.525681495666504,-12.50687313079834,-10.151535034179688,-12.583986282348633,-0.7892420291900635,-6.7298431396484375,-8.628310203552246,0.15955153245192308,0.019634682685136795,2801.391909965899,2549.257195947921,0.0
-675.8948364257812,58.83244705200195,10.002297401428223,24.029916763305664,6.534457683563232,-0.5520106554031372,0.25146013498306274,-2.218658208847046,1.9222221374511719,2.4776363372802734,5.124732971191406,1.4275175333023071,-1.5817933082580566,0.20736553485576922,0.001330495928414166,3006.047759772792,2748.4283566143604,2.0
-613.861328125,49.9947395324707,4.464612007141113,17.770854949951172,1.4421900510787964,-5.8500447273254395,-1.9740046262741089,-0.17348071932792664,0.11492931842803955,1.7579294443130493,5.921900272369385,2.5785162448883057,-1.712725281715393,0.25869140625,0.0021247973199933767,3302.6171210008406,2793.176707895692,2.0
-654.7957763671875,64.38163757324219,13.749687194824219,15.300576210021973,4.713131904602051,-2.0709969997406006,3.3034982681274414,-7.771605491638184,-3.0698025226593018,1.0409082174301147,8.05359172821045,1.637371301651001,-1.5158517360687256,0.20556640625,0.0019390670349821448,3006.912827620309,2705.561823760825,2.0
-626.7684936523438,59.20065689086914,12.49327564239502,13.12365436553955,1.4652317762374878,-1.6258412599563599,1.0573303699493408,-7.632834434509277,-4.1718597412109375,-0.1837499439716339,3.728442430496216,-0.14489153027534485,-1.6717687845230103,0.24476036658653846,0.00305634131655097,3093.565094060309,2691.761500921003,2.0
-627.6943969726562,56.659217834472656,3.8265323638916016,22.662267684936523,-0.970048189163208,-5.570065021514893,-3.2530558109283447,-3.9610862731933594,1.19009530544281,-4.875330448150635,-1.2798067331314087,3.348421096801758,-5.776395797729492,0.23476186899038462,0.0021139178425073624,3041.394666676615,2673.095775478549,2.0
-536.39697265625,60.656734466552734,1.077065348625183,14.790083885192871,-4.293215274810791,-13.361576080322266,-6.855212211608887,-6.130222320556641,-5.41703462600708,-7.022952079772949,-4.678977012634277,0.9783435463905334,-6.390080451965332,0.21615084134615384,0.005585887469351292,3042.4793206678773,2498.2058086244747,2.0
-550.0573120117188,50.85867691040039,4.620927333831787,8.77598762512207,-2.5511183738708496,-4.559762477874756,-10.067469596862793,-14.017769813537598,-4.060613632202148,-8.09460735321045,-5.512729644775391,-0.8988528251647949,-2.2336654663085938,0.22066932091346153,0.00547432154417038,3116.975239019411,2572.4596028767937,2.0
-546.4965209960938,92.09481811523438,7.240261077880859,14.349946975708008,-11.494336128234863,-10.914234161376953,-5.421368598937988,-3.92592453956604,-0.6124316453933716,-6.301654815673828,-9.7543306350708,4.7062668800354,-2.5778958797454834,0.16508413461538463,0.003838005941361189,2431.093604728446,2244.6838329787697,2.0
-592.6024169921875,66.63069915771484,3.088979482650757,12.438291549682617,3.534451484680176,-6.135339736938477,-5.533074855804443,-4.183683395385742,-5.32330322265625,-4.398017883300781,-0.5694404244422913,-3.4718539714813232,-3.6386804580688477,0.20532602163461539,0.004734024405479431,2807.954549205446,2554.4513821379674,0.0
-577.0726318359375,70.285888671875,-5.2839508056640625,9.653033256530762,1.539505958557129,-13.757715225219727,-5.825860023498535,-5.423018455505371,-8.843392372131348,-6.425441741943359,-2.116027593612671,-4.863749980926514,-3.058699607849121,0.19837740384615385,0.005802400875836611,2790.98136436356,2498.3932949913924,0.0
-651.59814453125,57.08476638793945,-6.5634870529174805,8.47945785522461,4.082483768463135,-9.815605163574219,-0.729149341583252,-6.606142520904541,-8.618081092834473,-2.0085833072662354,-1.9658433198928833,-1.7591118812561035,-0.3465611934661865,0.3056114783653846,0.003763445420190692,3124.2910707474366,2735.331336723928,0.0
-574.8859252929688,71.42362976074219,4.451345443725586,13.437281608581543,4.059684753417969,-5.010483741760254,-5.952119827270508,-11.112189292907715,-9.158912658691406,-5.211633682250977,-2.8826425075531006,-6.388212203979492,-6.519262313842773,0.1971942608173077,0.006696515716612339,2474.2418030605286,2372.066362069227,0.0
-548.092529296875,36.795597076416016,6.443639278411865,13.125799179077148,-4.051942825317383,-6.462740421295166,-5.2348737716674805,-6.1430253982543945,-6.106440544128418,-6.859570026397705,0.8421215415000916,-5.7829132080078125,-7.658636569976807,0.21449444110576923,0.005738798528909683,3262.7526730214668,2858.4770484880814,0.0
-522.958984375,48.69940185546875,-1.1973544359207153,7.562021732330322,-6.3875885009765625,-6.585461616516113,-6.964899063110352,-3.771268844604492,-9.652270317077637,-7.72703218460083,1.132290244102478,-6.1930131912231445,-6.069561004638672,0.21352163461538462,0.00806161668151617,3028.825446176998,2694.350999970865,0.0
-536.0745239257812,53.286720275878906,-3.676630735397339,4.4381256103515625,-3.840027093887329,-7.935173034667969,-8.84654712677002,-9.933550834655762,-11.465435981750488,-7.199376106262207,2.274698495864868,-5.665225505828857,-5.533543109893799,0.211474609375,0.00887575838714838,2948.3615755194796,2528.125919462118,0.0
-563.3759765625,63.39132308959961,4.254283428192139,6.733010292053223,-0.8070216178894043,-7.260063171386719,-4.3478169441223145,-9.061763763427734,-11.1924409866333,-8.947182655334473,-0.7763892412185669,-7.06663703918457,-7.994004249572754,0.21410006009615384,0.008600360713899136,2665.071370149905,2502.9378523391592,0.0
-719.373046875,52.48017883300781,-21.257692337036133,8.825862884521484,0.19277657568454742,-11.618084907531738,-10.017576217651367,-11.32922077178955,-7.931020736694336,0.5322533249855042,-6.691185474395752,-3.3792293071746826,-7.740744113922119,0.35579927884615387,0.0017744514625519514,3318.052203344559,2486.7781143259595,1.0
-660.6255493164062,56.605499267578125,-24.21017074584961,14.86361312866211,-0.70257967710495,-15.406278610229492,-11.668660163879395,-11.882783889770508,-3.9527738094329834,2.6599349975585938,-5.7633748054504395,-0.517400324344635,-7.34259033203125,0.23051006610576924,0.002413183217868209,3019.231278226105,2353.925852011603,1.0
-685.7039794921875,51.867340087890625,-14.55589485168457,9.21553897857666,-0.18077556788921356,-10.42154598236084,-12.663347244262695,-11.337481498718262,-6.68162202835083,1.5277923345565796,-7.343993186950684,-1.2808058261871338,-4.286386489868164,0.28215895432692306,0.0024482947774231434,3350.676547322692,2528.2251903314636,1.0
-686.519287109375,55.8801155090332,-18.612871170043945,8.258610725402832,-1.033342957496643,-12.640762329101562,-13.83285903930664,-13.103994369506836,-7.0001420974731445,0.17570099234580994,-9.518067359924316,-2.479431390762329,-6.012385368347168,0.3030085637019231,0.0024806284345686436,3206.984459543428,2447.7376169425847,1.0
-706.02490234375,43.92451858520508,-1.209087610244751,8.132171630859375,-1.0565944910049438,-12.614160537719727,-16.132226943969727,-8.052062034606934,-5.27681303024292,-2.432293176651001,-6.704413890838623,-6.650940895080566,-8.50467586517334,0.24260066105769232,0.0011054199421778321,3209.2108882573057,2568.6236459435863,1.0
-704.4466552734375,49.43206787109375,-3.6864521503448486,8.150809288024902,0.26783469319343567,-12.428226470947266,-18.373531341552734,-13.047932624816895,-4.661410331726074,-1.4629122018814087,-7.049365043640137,-7.284778118133545,-6.950571060180664,0.3039024939903846,0.0011872389586642385,3123.88446055243,2597.848589662417,1.0
-662.737060546875,68.03545379638672,-4.338799476623535,3.0948309898376465,-1.4319002628326416,-11.276884078979492,-21.5871639251709,-13.852851867675781,-5.964295864105225,3.6664507389068604,-7.764819622039795,-6.9042181968688965,-6.122988224029541,0.204150390625,0.001803505583666265,2768.7252212991675,2400.8176158269866,1.0
-646.9295654296875,62.408790588378906,-5.801531791687012,2.9522082805633545,-2.3899831771850586,-15.81175422668457,-22.089277267456055,-9.640573501586914,-2.9213879108428955,0.9988933801651001,-10.727730751037598,-3.4202067852020264,-4.330663204193115,0.24498572716346154,0.002839552005752921,2795.1366390599856,2285.7130691640937,1.0
-682.654296875,43.85492706298828,-6.344130039215088,14.247274398803711,1.918424129486084,-12.778517723083496,-13.741739273071289,-8.400699615478516,-2.83890438079834,-4.8166069984436035,-5.244554042816162,-2.2736024856567383,-8.269782066345215,0.273095703125,0.001438130042515695,3258.886894277692,2640.8622093526246,1.0
-687.5740966796875,45.008087158203125,-4.249192714691162,11.815732955932617,-1.2948367595672607,-13.535111427307129,-13.683405876159668,-7.504483699798584,-3.355614185333252,-3.3429133892059326,-4.091829776763916,-5.897171497344971,-6.981444358825684,0.3210749699519231,0.0014138129772618413,3268.467322655001,2564.704302516353,1.0
-684.5777587890625,48.4400634765625,5.25828742980957,1.6300441026687622,-4.666689872741699,-12.474557876586914,-16.718313217163086,-14.358182907104492,-8.387834548950195,-3.513376235961914,-8.771014213562012,-7.794989585876465,-9.898176193237305,0.31324368990384616,0.0021629424300044775,3248.661915552045,2522.6081293974826,1.0
-715.453369140625,54.24581527709961,2.469733715057373,1.446130394935608,-5.444676876068115,-9.915139198303223,-11.500576972961426,-9.186407089233398,-10.593257904052734,-1.1053047180175781,-2.0666146278381348,-6.768166542053223,-10.29984188079834,0.20427058293269232,0.0014947392046451569,3107.2743404296707,2542.0003986461957,1.0
-592.759765625,64.62723541259766,-44.78873062133789,16.14891815185547,-1.2303500175476074,-27.291000366210938,-16.21101188659668,-14.748542785644531,-3.727173328399658,-0.7697972059249878,-14.092568397521973,-2.1507766246795654,-5.010805606842041,0.18123121995192307,0.004352683201432228,2624.5851055420335,2116.622178593184,1.0
-542.4751586914062,47.627586364746094,-58.186485290527344,8.466745376586914,-4.817032814025879,-29.31067657470703,-16.866453170776367,-19.043493270874023,-10.607491493225098,5.532496452331543,-19.885961532592773,-2.0955302715301514,-7.17564582824707,0.20902944711538463,0.006529682315886021,2996.0623678856678,2123.4141374720034,1.0
-622.2393188476562,47.6390380859375,-37.40965270996094,7.137650489807129,-6.093268394470215,-21.150178909301758,-15.55792236328125,-18.739452362060547,-7.436375141143799,1.518149733543396,-16.147371292114258,-2.6715540885925293,-5.640684127807617,0.3180626502403846,0.004274523351341486,3172.9787305217064,2358.5565080733477,1.0
-591.7316284179688,47.517215728759766,-34.59197998046875,8.345001220703125,0.029134897515177727,-22.08989143371582,-12.676136016845703,-18.00813102722168,-7.931110858917236,3.898475408554077,-12.667999267578125,-4.497614860534668,-2.848069429397583,0.2567533052884615,0.005130238831043243,3062.3221038846564,2309.8256865920275,1.0
-404.7434387207031,15.711517333984375,-58.45248031616211,-4.978472709655762,-7.043310642242432,-23.801197052001953,-26.31007194519043,-8.74555492401123,-16.827749252319336,11.668312072753906,0.8831577301025391,17.245521545410156,21.2430362701416,0.23875826322115384,0.032497961074113846,3051.8756365738127,2286.152342858849,1.0
-427.9669189453125,15.490046501159668,-57.03753662109375,-6.6857733726501465,-8.936606407165527,-21.133270263671875,-20.91375160217285,-12.837349891662598,-20.22618865966797,3.389357566833496,-12.594036102294922,4.841767311096191,17.61883544921875,0.26656775841346153,0.02886143885552883,3169.0435707060733,2344.392691332537,1.0
-418.7298889160156,11.496384620666504,-59.536041259765625,-7.035452842712402,-9.25699520111084,-28.2441349029541,-21.11621856689453,-17.37893295288086,-15.3587646484375,3.729872941970825,-12.9895658493042,8.104475021362305,17.712646484375,0.2602013221153846,0.030088020488619804,3242.5980908199617,2344.3342928284833,1.0
-405.9353942871094,23.596712112426758,-57.35302734375,-5.435888767242432,-5.855623722076416,-31.001157760620117,-22.59317970275879,-14.57861042022705,-13.230842590332031,3.999239921569824,-13.802446365356445,5.422388076782227,16.093111038208008,0.18025465745192307,0.03523533418774605,2934.867134171817,2254.340376234196,1.0
-720.803466796875,54.59585189819336,-3.4798405170440674,12.881980895996094,3.672478675842285,-6.268049716949463,-13.582493782043457,-9.724143028259277,-4.777096748352051,0.3849787712097168,-3.3721354007720947,-3.1119956970214844,-4.329401969909668,0.27735501802884616,0.0011932620545849204,3044.5854372674994,2563.1275263307334,2.0
-694.1630859375,57.742103576660156,-14.24635124206543,17.134153366088867,3.9723904132843018,-13.185145378112793,-15.875813484191895,-12.513018608093262,-3.092578649520874,-0.4400905966758728,-8.597882270812988,-5.5314555168151855,-2.7232611179351807,0.24437725360576923,0.0013032323913648725,2803.1973043773146,2353.256892666093,2.0
-691.3252563476562,54.1114501953125,-6.749908447265625,0.39879709482192993,-1.9104995727539062,-12.255332946777344,-14.317984580993652,-15.559038162231445,-7.953901767730713,-2.4203991889953613,-7.996796131134033,-3.6213738918304443,-6.227294445037842,0.35833834134615383,0.0022442112676799297,3165.5485420320533,2560.6533930917367,2.0
-723.9009399414062,55.31204605102539,-4.632523536682129,2.7374603748321533,1.6130224466323853,-10.270188331604004,-14.825806617736816,-12.715255737304688,-6.8455891609191895,-1.0197216272354126,-7.481672286987305,-3.0393753051757812,-5.296572208404541,0.243359375,0.0017883980181068182,3197.042148619893,2577.4103037704085,2.0
-467.37860107421875,14.149819374084473,-41.287986755371094,7.979202747344971,-5.406424045562744,-23.627689361572266,-3.8314127922058105,-14.072466850280762,-11.60188102722168,5.71882438659668,-13.84229850769043,0.8607147336006165,6.5123748779296875,0.23572716346153846,0.013187728822231293,3303.9903794750053,2443.9460322623636,2.0
-664.054443359375,34.14406967163086,-16.25034523010254,6.195368766784668,-7.629374980926514,-19.71489715576172,-11.172898292541504,-15.200006484985352,-8.848299026489258,4.792299747467041,-7.892271995544434,-0.34683293104171753,-0.23565322160720825,0.21453951322115383,0.0015495896805077791,3153.1775452919233,2454.428799516758,2.0
-444.8587646484375,19.39580726623535,-28.476173400878906,1.2169588804244995,-7.475722312927246,-21.25494384765625,-9.244940757751465,-16.523456573486328,-9.142044067382812,0.5904976725578308,-17.16354751586914,-7.484220504760742,4.5450663566589355,0.2834510216346154,0.012234189547598362,3858.0902109758335,2670.263117137527,2.0
-509.9681396484375,29.04823112487793,-39.25515365600586,2.0713815689086914,-9.475988388061523,-33.596553802490234,-19.286203384399414,-23.653827667236328,-16.46299171447754,10.131949424743652,-19.963768005371094,-3.1841936111450195,-1.9549739360809326,0.22103365384615384,0.006280262488871813,3342.683970672836,2362.873625371039,2.0
-575.133544921875,48.90873718261719,-24.5050106048584,9.032867431640625,-5.68174409866333,-14.871766090393066,-11.926170349121094,-12.895594596862793,-7.325685501098633,-0.5620387196540833,-9.167222023010254,-4.705111026763916,-3.852250814437866,0.21810021033653845,0.004676192067563534,3193.3756984319775,2246.8686743415337,2.0
-560.6394653320312,53.70164108276367,-17.968238830566406,16.472993850708008,-5.23654317855835,-15.027695655822754,-10.434203147888184,-12.960288047790527,-9.78873348236084,0.5951740145683289,-6.516709327697754,-3.5793251991271973,-6.686695575714111,0.2146259014423077,0.0054631950333714485,3058.4449629597457,2300.3587078452433,2.0
-528.6966552734375,37.46461868286133,-25.33144760131836,9.660011291503906,-12.502756118774414,-25.58158302307129,-10.778182983398438,-17.4193058013916,-10.56116008758545,-1.2694443464279175,-10.475421905517578,-4.909972667694092,-8.257851600646973,0.24046724759615384,0.008075417950749397,3383.0661706747005,2268.9973017174307,2.0
-499.65106201171875,40.0891227722168,-19.01198387145996,3.3631675243377686,-9.059616088867188,-19.586578369140625,-10.069089889526367,-12.483119010925293,-12.753703117370605,0.5836820006370544,-8.541253089904785,-4.8130106925964355,-6.255775451660156,0.23433368389423076,0.009865149855613708,3368.7860373874705,2331.093329614908,2.0
-302.4922790527344,24.994117736816406,-54.24712371826172,-10.178314208984375,-16.10103416442871,-24.496788024902344,-10.25882339477539,-14.87154483795166,-12.942991256713867,4.397628307342529,-0.06190729886293411,15.1203031539917,15.239031791687012,0.24409555288461537,0.0901130810379982,3150.5581222721808,2336.633229020941,2.0
-316.1521301269531,20.3354434967041,-46.81230926513672,-2.6846656799316406,-14.96900463104248,-21.845500946044922,-12.660805702209473,-12.765336036682129,-11.808023452758789,2.4260036945343018,-1.3346891403198242,13.592329978942871,14.774704933166504,0.2043982872596154,0.07943183928728104,3098.9584845216195,2283.8095293980014,2.0
-339.54962158203125,18.14788055419922,-35.29915237426758,-6.87367582321167,-11.361234664916992,-22.889318466186523,-9.34175968170166,-17.066301345825195,-11.792724609375,1.878948450088501,-12.647292137145996,0.44669729471206665,2.2196531295776367,0.2539024939903846,0.06038856878876686,3403.893074210739,2517.7239938617363,2.0
-354.99169921875,15.587516784667969,-41.91682052612305,-1.9902527332305908,-8.82467269897461,-22.27622413635254,-5.062116622924805,-16.516578674316406,-13.650981903076172,0.4756595194339752,-14.010310173034668,0.31140491366386414,10.434947967529297,0.22428635817307693,0.0603635199368,3209.118929814768,2293.7810410038005,2.0
-635.7808837890625,51.85032272338867,-15.224136352539062,3.4838011264801025,3.37168288230896,-11.68559741973877,-10.755728721618652,-11.984893798828125,-4.286498546600342,1.1850006580352783,-9.05800724029541,-4.868699550628662,-6.62429141998291,0.2551532451923077,0.002826794283464551,3148.420225989531,2583.2496631733034,0.0
-627.4822387695312,51.22916030883789,-25.467782974243164,10.267149925231934,2.976898193359375,-14.398666381835938,-11.401074409484863,-17.196807861328125,-4.8142805099487305,3.7963614463806152,-10.898477554321289,-7.6596856117248535,-1.6129652261734009,0.26959510216346155,0.0027053123340010643,3133.9591322059573,2460.57647224897,0.0
-619.1431274414062,50.04166793823242,-20.984689712524414,-1.853507399559021,-2.560035467147827,-20.500120162963867,-16.054630279541016,-20.43058967590332,-8.91777515411377,-0.2636162340641022,-13.951559066772461,-6.034573078155518,-9.281659126281738,0.24798677884615383,0.003950650338083506,3015.579692164019,2504.5016041419594,0.0
-620.43896484375,47.6343994140625,-12.32707691192627,5.280646324157715,4.368867874145508,-14.678486824035645,-14.095040321350098,-13.067635536193848,-5.224320888519287,0.503745436668396,-10.206099510192871,-6.365727424621582,-7.542407989501953,0.27376802884615387,0.0036531281657516956,3312.254866881785,2579.4762525645856,0.0
-351.00518798828125,10.209578514099121,-64.30582427978516,-15.779484748840332,-18.547382354736328,-22.09795570373535,-25.577783584594727,-9.904052734375,-6.93108606338501,19.197311401367188,12.006942749023438,16.95550537109375,14.811161041259766,0.1926532451923077,0.07095041871070862,3144.8003017449605,2311.101897231254,0.0
-345.7453918457031,4.08323860168457,-59.5403938293457,-15.62485122680664,-20.56400489807129,-26.691173553466797,-20.233774185180664,-2.658207654953003,-4.789012908935547,23.95423698425293,14.664237976074219,9.086812973022461,0.9219213724136353,0.20804912860576924,0.0648326575756073,3190.408249265185,2321.93073079766,0.0
-347.9856262207031,9.476948738098145,-54.979251861572266,-16.510011672973633,-17.770166397094727,-30.570598602294922,-26.75360870361328,-12.737587928771973,-13.583661079406738,15.736077308654785,1.4429713487625122,9.529850006103516,15.077144622802734,0.23673753004807693,0.04861605539917946,3437.4071376669795,2410.953915396657,0.0
-300.32305908203125,12.616682052612305,-57.013301849365234,-26.7199649810791,-17.718761444091797,-26.284446716308594,-19.85706901550293,0.5232102870941162,0.024361712858080864,27.463409423828125,9.11611557006836,-1.2964329719543457,3.8123619556427,0.2291541466346154,0.09363418817520142,3387.377178215708,2397.6564736353243,0.0
-649.39892578125,60.00432586669922,-7.686052322387695,4.235457420349121,-6.155967712402344,-11.299552917480469,-17.576515197753906,-13.594677925109863,-8.22396183013916,-3.547761917114258,-6.314112186431885,-4.850417613983154,-10.513431549072266,0.18148662860576922,0.00132711511105299,2958.5142186462626,2429.5260060902847,2.0
-697.8524169921875,31.74371337890625,-0.17423436045646667,15.295248031616211,-5.6013569831848145,-4.810195446014404,-10.221490859985352,-7.953773021697998,-5.441415786743164,-1.2173281908035278,-6.201004505157471,-1.2732830047607422,-4.779537677764893,0.2095440204326923,0.0010204986901953816,3810.563471599778,2657.148246255471,2.0
-726.125732421875,44.77021789550781,6.28251314163208,-3.648494243621826,-4.9293718338012695,-4.162349700927734,-20.487987518310547,-9.457269668579102,-5.324551105499268,-1.983489990234375,-7.685512065887451,-1.7963156700134277,-7.041914463043213,0.22699444110576922,0.0015330016613006592,3506.0901398476194,2446.998666729779,2.0
-703.9030151367188,42.9454231262207,5.426458358764648,-2.6594836711883545,-2.3152801990509033,-8.607192993164062,-19.97599220275879,-10.84800910949707,-4.355754852294922,-5.590156555175781,-11.848196029663086,-0.4645038843154907,-7.245730876922607,0.15812800480769232,0.0015590335242450237,2920.521041476313,1988.5290720490407,2.0
-540.7308959960938,26.629472732543945,-15.466651916503906,8.248802185058594,-15.250883102416992,-19.95421028137207,-11.050796508789062,-5.332276344299316,-12.166447639465332,-5.482309341430664,-6.190988540649414,-9.540841102600098,-9.324872016906738,0.21074969951923078,0.006771028973162174,3103.4958483303153,2345.3707916909916,2.0
-604.7066040039062,51.075931549072266,-30.93798065185547,0.20482107996940613,-15.436436653137207,-20.73004722595215,-16.176088333129883,-12.283658027648926,-8.834673881530762,-2.4211318492889404,-9.74034595489502,-1.5203454494476318,-11.688423156738281,0.15416165865384615,0.004357004072517157,2653.4399714336287,1940.6162366150334,2.0
-570.4745483398438,52.79150390625,-15.41808032989502,-0.8664122223854065,-6.706366539001465,-16.76287269592285,-17.4420223236084,-6.529783248901367,-8.873831748962402,-4.487510681152344,-11.774659156799316,-0.022966649383306503,-9.039755821228027,0.25527719350961536,0.00666551198810339,3281.068614916939,2418.642915795959,2.0
-601.9937744140625,55.460933685302734,-3.101085901260376,0.9822840690612793,-5.19056510925293,-11.118646621704102,-12.33757495880127,-2.573868989944458,-3.2854654788970947,2.5920419692993164,-1.3039228916168213,4.599876880645752,-1.2481333017349243,0.19202974759615385,0.004801583476364613,2772.092888266269,2343.0744557735825,2.0
-720.3071899414062,57.05811309814453,-11.784354209899902,3.2530715465545654,-1.3881295919418335,-8.640856742858887,-10.100871086120605,-9.904438018798828,-4.080142021179199,-0.12220344692468643,-6.918257713317871,-3.0289902687072754,-6.429076194763184,0.2303973858173077,0.0019420572789385915,3243.7842537436964,2550.443047863439,0.0
-695.7271118164062,50.50889587402344,-15.617088317871094,0.47580766677856445,-3.7974960803985596,-12.761027336120605,-10.86784839630127,-15.269970893859863,-5.8637847900390625,-1.953697919845581,-10.761300086975098,-3.143827438354492,-7.384684085845947,0.24133864182692308,0.0024753152392804623,2989.5763340311637,2245.161428347218,0.0
-676.7139892578125,47.68760681152344,-10.905399322509766,-3.0876784324645996,-3.897695302963257,-13.445262908935547,-13.271361351013184,-13.51686954498291,-4.260368824005127,-0.8385947942733765,-9.958478927612305,-3.021613359451294,-7.86168098449707,0.3287823016826923,0.0027498321142047644,3401.9304970051503,2630.180763824421,0.0
-672.3514404296875,57.296897888183594,-5.808101177215576,4.996537685394287,1.7858227491378784,-14.164898872375488,-14.951295852661133,-12.462509155273438,-0.579136312007904,1.5749542713165283,-8.216874122619629,-3.3050613403320312,-2.5651211738586426,0.22438025841346154,0.0025635140482336283,3184.1006401483132,2616.6450269390407,0.0
-669.4671020507812,60.96826171875,-16.637136459350586,9.771072387695312,-1.0131391286849976,-17.279308319091797,-13.708857536315918,-12.77849292755127,0.7549123764038086,-1.7289061546325684,-9.825238227844238,-4.846272945404053,-6.7881951332092285,0.30611853966346153,0.002297501778230071,3133.3270217728937,2543.155678404675,0.0
-555.4636840820312,37.92760467529297,-33.269874572753906,-6.342993259429932,-11.841253280639648,-18.425411224365234,-12.438831329345703,-16.754940032958984,-9.082534790039062,0.054414015263319016,-9.458776473999023,-4.214688301086426,-4.143542766571045,0.27383563701923075,0.008128426969051361,3304.575481106848,2554.1630451814613,0.0
-571.6383056640625,35.57387161254883,-26.122350692749023,-1.5926005840301514,-4.622641563415527,-18.98256492614746,-14.920947074890137,-18.74044418334961,-5.7649030685424805,0.024395518004894257,-12.80423355102539,-2.4959664344787598,-4.277844429016113,0.2900428185096154,0.008129328489303589,3403.149121952212,2582.348609022995,0.0
-567.9208984375,36.27180480957031,-23.81230354309082,-9.443737983703613,-4.724404335021973,-18.459070205688477,-12.418730735778809,-19.47895050048828,-7.2298736572265625,2.004575729370117,-11.74948501586914,-8.210103034973145,-3.8990893363952637,0.3011906550480769,0.008326602168381214,3457.979668658518,2590.0747476017605,0.0
-608.5787353515625,70.804931640625,0.8864614367485046,19.925085067749023,9.102930068969727,-7.5174407958984375,-10.270840644836426,-11.444206237792969,1.8168609142303467,-6.067628860473633,-4.310222625732422,-1.8009889125823975,2.546414852142334,0.2829026442307692,0.003439868101850152,3026.163745034348,2415.413652604496,1.0
-609.8881225585938,73.57486724853516,2.4554359912872314,20.156944274902344,9.887178421020508,-6.063701152801514,-9.471537590026855,-11.367259979248047,3.920861005783081,-4.452176570892334,-3.4005653858184814,0.832430899143219,4.860718727111816,0.2177020733173077,0.0035633521620184183,2860.844009012891,2479.7884702869046,1.0
-594.8617553710938,66.42990112304688,0.857661783695221,13.085877418518066,10.500836372375488,-7.246555328369141,-14.024840354919434,-15.62346363067627,-1.30147123336792,-7.229250907897949,-7.143630504608154,-4.121633529663086,1.2136540412902832,0.29176307091346154,0.004276210907846689,2984.7959131261655,2440.8397930151873,1.0
-610.6069946289062,74.47787475585938,8.922196388244629,17.704694747924805,8.856006622314453,-3.5973262786865234,-10.257122993469238,-9.716285705566406,5.7047882080078125,-7.0775861740112305,-1.7287631034851074,1.5332156419754028,2.974716901779175,0.2567908653846154,0.0030981681775301695,2942.633853358797,2455.523370775479,1.0
-673.2942504882812,78.5088119506836,4.996554374694824,13.705636024475098,15.286927223205566,-4.499124050140381,-6.368639945983887,-8.257048606872559,3.790623903274536,-2.2823076248168945,-3.2221055030822754,2.599575996398926,3.26019287109375,0.17940955528846153,0.0020585493184626102,2524.8958652054257,2357.082981618553,1.0
-678.0401611328125,81.45205688476562,0.7868022918701172,11.865113258361816,11.400925636291504,-5.267504692077637,-6.616309642791748,-9.77978801727295,3.302750587463379,-2.6356825828552246,-3.3069119453430176,0.5279435515403748,3.547919750213623,0.22261493389423076,0.0019361216109246016,3000.0992735412683,2489.0953484547576,1.0
-667.9193725585938,82.85076141357422,11.857869148254395,18.7991886138916,17.82010841369629,6.735713481903076,-2.6353070735931396,-6.7774505615234375,3.883878231048584,1.449822187423706,0.14838361740112305,2.306225538253784,6.995791912078857,0.19808067908653845,0.002153021516278386,2599.4315841258594,2556.19776823263,1.0
-660.4365234375,79.86012268066406,-1.0458117723464966,13.936676979064941,13.065469741821289,-0.36166852712631226,-5.9797749519348145,-13.145124435424805,0.16906890273094177,-1.9017049074172974,-5.924705505371094,0.016602443531155586,4.5182294845581055,0.2622295673076923,0.002289209049195051,2903.7597344327387,2496.2357215782617,1.0
-628.611328125,61.33608627319336,8.300762176513672,26.995162963867188,13.40683364868164,-8.682740211486816,-12.966485977172852,-6.763789176940918,7.333185195922852,-8.92750358581543,-0.302449107170105,0.4787237346172333,0.251015305519104,0.26336012620192306,0.0020516852382570505,3150.2782317137926,2643.61162985384,1.0
-609.6608276367188,67.44503784179688,-0.5668662786483765,23.09580421447754,6.555674076080322,-4.438496112823486,-9.723030090332031,-19.106019973754883,-1.5186429023742676,-4.8038105964660645,-4.8850250244140625,-1.429348111152649,1.4688669443130493,0.21686072716346153,0.002401889767497778,2967.066564995192,2253.482290420638,1.0
-612.2378540039062,62.150909423828125,6.767622947692871,23.348915100097656,9.17385196685791,-4.387592792510986,-8.304277420043945,-9.186163902282715,-1.2569096088409424,-7.468040943145752,-3.2302005290985107,-2.370866060256958,1.7417428493499756,0.25169396033653846,0.0030654550064355135,3013.6930549095864,2481.486707194513,1.0
-643.5990600585938,80.2471694946289,1.149056315422058,20.76396369934082,10.85588264465332,-7.412026882171631,-11.047795295715332,-15.092089653015137,4.310658931732178,-3.827362060546875,0.6829313039779663,-0.9961681365966797,6.4828033447265625,0.2233360877403846,0.002143926452845335,2682.3384242386915,2502.3121573605636,1.0
-627.2225341796875,72.62776184082031,-8.325432777404785,23.359006881713867,13.303238868713379,1.0520273447036743,-4.413519859313965,-8.939228057861328,2.0365524291992188,4.259864807128906,-1.1563355922698975,3.82916259765625,6.45230770111084,0.18399939903846155,0.0023303728085011244,2799.219961085487,2469.342257961286,1.0
-618.7171020507812,76.02615356445312,-8.140430450439453,16.60889434814453,8.31347370147705,-7.695653438568115,-8.096428871154785,-9.870774269104004,1.2941323518753052,-1.8316514492034912,-6.122339725494385,1.3288207054138184,1.7343937158584595,0.285986328125,0.004022421780973673,2667.320137301951,2465.194127388242,1.0
-591.3158569335938,72.6112289428711,-13.389126777648926,14.812655448913574,7.487296104431152,-4.081218719482422,-12.88894271850586,-12.810853004455566,-0.17515046894550323,1.1121516227722168,-7.671377182006836,1.600788950920105,5.431791305541992,0.1954627403846154,0.004635385237634182,2751.4949183743265,2386.011854818366,1.0
-591.3158569335938,72.6112289428711,-13.389126777648926,14.812655448913574,7.487296104431152,-4.081218719482422,-12.88894271850586,-12.810853004455566,-0.17515046894550323,1.1121516227722168,-7.671377182006836,1.600788950920105,5.431791305541992,0.1954627403846154,0.004635385237634182,2751.4949183743265,2386.011854818366,1.0
-438.24658203125,56.998023986816406,-15.495609283447266,11.306198120117188,5.936776638031006,-21.963701248168945,-16.155344009399414,-8.263381004333496,-11.480575561523438,-2.0851261615753174,-4.19852352142334,-0.6172987818717957,3.7724123001098633,0.15411283052884617,0.020250890403985977,2583.479720480307,2411.9958741346054,1.0
-386.0802917480469,46.09508514404297,-20.862913131713867,16.117145538330078,-0.6900668740272522,-21.538089752197266,-18.742412567138672,-9.348685264587402,-11.957752227783203,-3.8092458248138428,-8.672808647155762,-3.209848642349243,-1.1386146545410156,0.184130859375,0.023497622460126877,3050.7825746314993,2387.932578775559,1.0
-460.6686706542969,58.64913558959961,-24.379112243652344,9.08326244354248,5.3600335121154785,-27.403507232666016,-14.501617431640625,-14.124887466430664,-13.56772232055664,-0.9242675304412842,-12.260162353515625,-3.0398895740509033,-1.7829749584197998,0.22544696514423077,0.01736690290272236,2755.449060793861,2312.1573362139343,1.0
-403.3301086425781,52.95638656616211,-18.224252700805664,3.1436285972595215,6.0958147048950195,-16.82345962524414,-23.559104919433594,-7.240839958190918,-13.033236503601074,-2.350409984588623,-7.012383937835693,-6.311327934265137,1.6175580024719238,0.15356820913461539,0.02813178300857544,2581.6053047452892,2279.5657236886927,1.0
-701.4293212890625,72.59053802490234,0.16141146421432495,12.093610763549805,8.744382858276367,-3.5157907009124756,-5.953923225402832,-12.873051643371582,-6.320087432861328,-1.910253643989563,-5.432007312774658,-6.471144676208496,-0.24961160123348236,0.253076171875,0.0018206164240837097,2912.4637046016455,2566.707380504311,2.0
-669.60205078125,83.8869857788086,4.991232395172119,19.57952117919922,16.192384719848633,-3.269808053970337,-0.546276867389679,-11.972562789916992,-3.6895432472229004,1.544657588005066,-3.7768478393554688,0.0668904259800911,5.603123188018799,0.22349384014423077,0.0020064786076545715,2527.019889236832,2540.5343017059377,2.0
-685.4140625,75.99748992919922,8.128996849060059,10.57548999786377,7.834367275238037,-2.376275062561035,-4.9358673095703125,-14.220428466796875,-6.077075004577637,-1.5685508251190186,-6.617730140686035,-5.061796188354492,1.8048657178878784,0.2434758112980769,0.0020252238027751446,2899.737723778108,2495.1157454738523,2.0
-575.296142578125,77.6097412109375,-8.458845138549805,16.563007354736328,7.439272403717041,-14.897285461425781,-8.0775728225708,-17.01896858215332,-10.645455360412598,-1.9908372163772583,-8.822094917297363,1.0934016704559326,1.790061593055725,0.2452373798076923,0.005120676942169666,2724.024755554867,2340.8587884500416,2.0
-540.1506958007812,81.54081726074219,-18.53998374938965,16.56521987915039,15.520709037780762,-17.91686248779297,-23.038806915283203,-10.298737525939941,-21.820627212524414,-10.391180038452148,-14.028671264648438,-7.85757303237915,-2.139693021774292,0.16248121995192308,0.004672151990234852,2496.269339840547,2213.593284676924,2.0
-569.5052490234375,61.274688720703125,-4.761770248413086,12.661811828613281,8.41463565826416,-18.060794830322266,-13.908370971679688,-7.043859004974365,-14.147100448608398,-3.771024465560913,-7.980525970458984,-8.22415828704834,-1.3628864288330078,0.30152118389423077,0.0050041768699884415,3053.159271751348,2437.877790217113,2.0
-588.9552612304688,63.68973159790039,7.141261577606201,10.083250999450684,9.609928131103516,-5.82329797744751,-16.507274627685547,-8.128972053527832,-13.33124828338623,-7.207120418548584,-8.874577522277832,-8.292552947998047,0.4763730466365814,0.2017277644230769,0.00511652696877718,2779.3839343873883,2566.472453759898,2.0
-553.6083984375,64.72564697265625,-2.7709453105926514,10.6699857711792,12.292481422424316,-13.661588668823242,-18.81637954711914,-8.924985885620117,-20.061511993408203,-5.572978973388672,-8.628951072692871,-9.224284172058105,-1.53205144405365,0.24236778846153847,0.006777425296604633,3064.1666986335426,2404.7187474459597,2.0
-454.35003662109375,53.005977630615234,-17.653770446777344,15.692863464355469,2.3969566822052,-16.249704360961914,-3.164529800415039,-15.57764720916748,-9.726366996765137,1.5033460855484009,-5.021511554718018,-6.059233665466309,7.4027533531188965,0.17662259615384615,0.017115235328674316,3105.0702903390484,2463.24091649214,2.0
-375.8294372558594,42.451717376708984,-17.815162658691406,12.06192684173584,2.716411828994751,-21.87493133544922,-4.863187313079834,-8.748512268066406,-7.397572040557861,-0.11850644648075104,-5.82937479019165,-4.884919166564941,2.5664730072021484,0.24009540264423077,0.03805543854832649,3058.7995908946104,2679.718277418248,2.0
-545.369873046875,59.938507080078125,0.585199236869812,18.778270721435547,4.955932140350342,-9.94282341003418,-4.219128131866455,-12.034501075744629,-7.721839427947998,-0.8301078081130981,-7.024408340454102,-2.7407097816467285,6.061168670654297,0.1469501201923077,0.005812682677060366,2772.6819787506793,2054.7663543161957,2.0
-462.2443542480469,53.99591827392578,-4.608128070831299,17.54853057861328,-1.563283920288086,-15.60923957824707,-6.371949672698975,-13.586244583129883,-6.58508825302124,-3.557344913482666,-7.890895366668701,-0.5103793144226074,-0.36624985933303833,0.17858323317307692,0.014117032289505005,2933.755595546677,2228.383747015509,2.0
-393.8947448730469,50.03525161743164,-7.563772201538086,15.052961349487305,9.48408031463623,-13.948683738708496,-7.7978196144104,-3.1687095165252686,-8.32136058807373,3.366124153137207,-2.312619924545288,0.399647057056427,5.202366352081299,0.10443960336538462,0.027766110375523567,2333.3602230767506,2441.3013302578706,2.0
-311.68853759765625,38.10427474975586,-18.36231231689453,14.619924545288086,5.747483730316162,-21.93108367919922,-7.8444905281066895,-0.8479442000389099,-9.87903881072998,1.8771584033966064,-5.10900354385376,-2.744307279586792,2.171692371368408,0.13392052283653846,0.059706926345825195,2792.502768360109,2583.407535639128,2.0
-299.8366394042969,26.362974166870117,-27.998050689697266,2.483929395675659,-1.1159634590148926,-22.57474136352539,-7.933283805847168,-13.374237060546875,-17.55001449584961,2.184722900390625,-7.815433502197266,-5.8488006591796875,-0.7229095697402954,0.1779259314903846,0.08664356917142868,2980.8042813084553,2498.565913379402,2.0
-323.2443542480469,24.76597785949707,-26.250795364379883,9.130617141723633,5.685843467712402,-16.642366409301758,-7.326523780822754,-10.006484985351562,-16.510269165039062,2.2031404972076416,-6.483088493347168,-9.300630569458008,-1.248356580734253,0.1702373798076923,0.07011362165212631,2793.224257576167,2392.3799197838016,2.0
-624.521728515625,60.06682205200195,-3.960710287094116,13.201103210449219,7.655158996582031,-7.196457386016846,-9.31910228729248,-15.519559860229492,-9.147200584411621,0.3308204710483551,-4.2962822914123535,-4.496915340423584,4.008934020996094,0.09581956129807692,0.004097261931747198,2370.789097656505,2628.047080541095,0.0
-608.6973266601562,56.145469665527344,-10.694480895996094,8.000789642333984,5.229638576507568,-12.685943603515625,-15.46512222290039,-14.792802810668945,-12.555846214294434,-1.716646432876587,-7.357875347137451,-7.416745185852051,-0.2462029606103897,0.22501502403846155,0.005064410623162985,2854.217011815802,2594.1086165322454,0.0
-626.9219970703125,55.29072570800781,-0.14195239543914795,11.749216079711914,7.043854713439941,-8.39968490600586,-13.633450508117676,-10.421696662902832,-9.169183731079102,-5.199050426483154,-3.3087706565856934,-2.587289333343506,0.3249845504760742,0.17033128004807693,0.004700092598795891,2799.151795969813,2509.6608143990225,0.0
-626.07666015625,45.212005615234375,0.8594717383384705,6.316661834716797,2.4929590225219727,-9.861551284790039,-13.570178985595703,-15.264960289001465,-9.049263954162598,-7.6905364990234375,-9.34380054473877,-3.6037213802337646,-4.007327556610107,0.32044396033653844,0.00421902583912015,3207.814795174472,2598.8185084472507,0.0
-437.47247314453125,37.00666809082031,-21.06315803527832,0.6433281302452087,-1.5812753438949585,-21.395950317382812,-15.771895408630371,-16.0019588470459,-14.236383438110352,-10.50914478302002,-10.160857200622559,-4.582938194274902,-3.1256651878356934,0.17584134615384617,0.022275321185588837,2891.288158176669,2435.9107274586718,0.0
-494.9128112792969,36.29920959472656,-13.551443099975586,2.825252056121826,-3.6158947944641113,-21.55657386779785,-11.967168807983398,-6.346873760223389,-12.112170219421387,-9.123985290527344,-5.108392238616943,-9.702316284179688,-4.709134578704834,0.15003004807692308,0.015013366006314754,2871.3881449065057,2611.1806063990484,0.0
-409.156982421875,25.171052932739258,-18.586341857910156,0.050262510776519775,-0.6997194290161133,-22.329730987548828,-17.176637649536133,-17.080976486206055,-13.098506927490234,-8.350275993347168,-10.628271102905273,-4.388647079467773,-6.35106086730957,0.19605994591346154,0.03185927867889404,3326.9480164083625,2643.282866491353,0.0
-425.6871643066406,27.215511322021484,-18.252107620239258,-3.2300074100494385,-5.84890604019165,-20.863178253173828,-13.665445327758789,-17.63960075378418,-11.722907066345215,-6.337064266204834,-8.697348594665527,-2.226825475692749,-4.691281318664551,0.26822415865384613,0.033688984811306,3115.680792042794,2614.8934368595437,0.0
-654.204833984375,55.59323501586914,6.601342678070068,13.889913558959961,3.623567581176758,-10.861729621887207,-8.328094482421875,-4.697115421295166,-2.004384756088257,-4.690230369567871,-1.9702622890472412,-2.43129825592041,-2.6213762760162354,0.17071063701923078,0.0024563793558627367,2338.7658901365025,2049.5874133689304,2.0
-631.71826171875,63.5426025390625,2.3064115047454834,15.553442001342773,4.528076648712158,-11.5878267288208,-8.784408569335938,-4.707170486450195,-1.5300774574279785,-5.271150588989258,-2.2302751541137695,-3.199594736099243,-0.009206155315041542,0.31659029447115383,0.0028954772278666496,3143.3485837096905,2612.2347917233683,2.0
-696.7329711914062,68.49849700927734,14.986916542053223,13.724306106567383,11.121862411499023,0.2023388147354126,-7.324015140533447,-3.815314769744873,2.5166561603546143,-0.5649203062057495,-0.3049963712692261,0.6066745519638062,2.57338809967041,0.24049353966346154,0.0019217603839933872,3210.813646332197,2683.508859774541,2.0
-638.3887939453125,55.517974853515625,9.287909507751465,14.47331714630127,5.986232757568359,-13.356117248535156,-6.888870716094971,-3.947463274002075,-4.733274459838867,-8.217696189880371,-1.9782778024673462,-4.816534042358398,-2.4574410915374756,0.13832256610576923,0.003326602280139923,2611.2833334317,2130.4042996616736,2.0
-482.6015625,49.55198669433594,0.12594722211360931,21.074777603149414,-2.2879741191864014,-23.37333106994629,-2.9012722969055176,-0.21439161896705627,-13.307171821594238,-7.1194281578063965,-2.4649643898010254,-6.087733268737793,-3.970038890838623,0.1944298377403846,0.011302153579890728,3168.3396374598433,2596.115587957454,2.0
-536.0271606445312,49.283668518066406,4.877506256103516,24.39452362060547,4.270788669586182,-12.722349166870117,-5.321614742279053,4.651853561401367,-6.462344169616699,-3.9988045692443848,3.2593791484832764,-3.529432773590088,-0.846043050289154,0.2271221454326923,0.006684874650090933,3201.5189105647733,2643.3834675317817,2.0
-531.4551391601562,57.23442840576172,10.111477851867676,23.33483123779297,5.165946006774902,-14.007295608520508,-8.5186767578125,-0.6631983518600464,-7.773120880126953,-9.532318115234375,-0.17288725078105927,-4.0156168937683105,-3.7759618759155273,0.19390775240384617,0.006991518661379814,2883.580380016388,2553.7375352897434,2.0
-551.2098388671875,42.298370361328125,14.489645004272461,15.00576400756836,1.0760219097137451,-13.880295753479004,-4.432749271392822,0.49188295006752014,-10.079376220703125,-8.620490074157715,-2.3739402294158936,-5.576915740966797,-2.739300012588501,0.21078350360576922,0.00785346794873476,3162.122517707702,2566.662024539772,2.0
-612.8394165039062,65.57717895507812,2.981689214706421,12.660401344299316,6.510160446166992,-10.877022743225098,-6.646392345428467,-11.3170747756958,-1.463157057762146,-3.2725040912628174,-7.38100528717041,-1.7765629291534424,-3.0045087337493896,0.1483661358173077,0.004605154972523451,2675.18154152945,2339.29918470434,0.0
-584.8114013671875,61.38216018676758,6.637383460998535,13.607555389404297,4.433967590332031,-12.7846040725708,-7.585915565490723,-6.486405372619629,-1.611018180847168,-4.9681501388549805,-5.017085075378418,-1.8358635902404785,-2.8972702026367188,0.22205528846153846,0.005564345046877861,3144.8121355834746,2628.17310971824,0.0
-610.7338256835938,67.6988296508789,10.727502822875977,13.2987060546875,6.6932053565979,-9.782267570495605,-5.69532585144043,-8.083490371704102,0.014459933154284954,-3.806781768798828,-5.163576126098633,1.4252525568008423,0.18212293088436127,0.23060772235576923,0.004769079852849245,2885.882665661634,2626.245503467759,0.0
-600.6109619140625,66.2120132446289,7.348608493804932,15.264703750610352,8.549337387084961,-11.68437671661377,-4.091382026672363,-10.574193000793457,-1.5587059259414673,-4.270484447479248,-6.695645809173584,0.5383484363555908,-0.3659029006958008,0.2498497596153846,0.0052643888629972935,3055.654009198676,2729.4419343179075,0.0
-441.7236633300781,55.08930969238281,-3.453261375427246,8.8947172164917,-3.0771937370300293,-14.133414268493652,-14.142127990722656,-10.709686279296875,-9.331724166870117,-4.356851577758789,-6.806844711303711,-4.154454708099365,-3.8812174797058105,0.16318359375,0.016087092459201813,2900.469443752465,2485.738703787254,0.0
-551.0987548828125,52.643951416015625,5.911665916442871,13.077863693237305,5.456474304199219,-13.609650611877441,-9.025849342346191,-8.526637077331543,-5.538256645202637,-5.632601261138916,-6.854447841644287,-3.167869806289673,-4.014775276184082,0.3082068810096154,0.006857214495539665,3103.7171366282255,2763.111189365379,0.0
-498.16558837890625,47.848915100097656,-0.9187719225883484,8.117775917053223,0.64397794008255,-13.071076393127441,-13.817069053649902,-13.542823791503906,-7.086847305297852,-5.860776901245117,-9.35842514038086,-2.051504373550415,-4.427034854888916,0.23934044471153845,0.013527661561965942,3050.0262173946962,2684.4407176361005,0.0
-549.4310913085938,54.5140380859375,7.7868332862854,12.64291763305664,3.4566287994384766,-11.397130012512207,-8.605896949768066,-8.42815113067627,-4.57524299621582,-4.656116008758545,-8.883942604064941,-1.1958874464035034,-3.187678813934326,0.1569561298076923,0.009265351109206676,2890.2320516796444,2420.5603885101627,0.0
-662.5189208984375,68.28450012207031,5.9369730949401855,21.754056930541992,5.5702223777771,0.16646727919578552,5.017115116119385,-12.0133638381958,1.826251745223999,-3.3946290016174316,1.3811091184616089,-5.812932968139648,-0.2662266790866852,0.16268404447115384,0.0029120654799044132,2514.2619047760572,2699.2369686154802,1.0
-648.400146484375,73.91026306152344,3.3258779048919678,22.12689781188965,5.046593189239502,-1.773787498474121,5.0030388832092285,-10.960352897644043,0.06644357740879059,-3.7770965099334717,-0.09338026493787766,-4.250385284423828,-1.4608830213546753,0.1401592548076923,0.0031074138823896646,2406.8082571968266,2526.477423369067,1.0
-654.9683227539062,67.99627685546875,8.557308197021484,19.82331657409668,5.157217025756836,0.5189828872680664,2.215914487838745,-11.650257110595703,-1.907220482826233,-4.377900123596191,-0.8924738764762878,-5.255652904510498,-0.46338653564453125,0.17382436899038461,0.0034573436714708805,2626.088180778075,2623.8114707919813,1.0
-648.4957885742188,70.7768783569336,6.399997711181641,20.31330680847168,3.8440794944763184,2.0762698650360107,2.3310182094573975,-10.050626754760742,-2.5949339866638184,-1.5462520122528076,1.309397578239441,-3.5771846771240234,1.159411907196045,0.16080603966346155,0.003258380340412259,2406.608593150844,2535.8463201503528,1.0
-675.2631225585938,77.53498840332031,9.839068412780762,21.632770538330078,7.138968467712402,0.5903381109237671,4.47857666015625,-10.130241394042969,-1.9699956178665161,-3.711944580078125,0.4265688359737396,-7.31662130355835,-0.3653334379196167,0.15233999399038461,0.0020536307711154222,2497.4552317131397,2622.915467699533,1.0
-700.3954467773438,70.27115631103516,11.762343406677246,22.01141357421875,5.880277156829834,5.28448486328125,2.2980308532714844,-6.863919734954834,-1.7255021333694458,-1.5768483877182007,-0.2838993966579437,-8.227445602416992,0.0642985999584198,0.2066143329326923,0.0018049911595880985,2590.0064402796183,2664.9834157750806,1.0
-683.0423583984375,69.25807189941406,20.373577117919922,21.442455291748047,8.199810981750488,6.310269355773926,4.785180568695068,-9.1421537399292,-0.5494492650032043,-1.109011173248291,-0.303413987159729,-5.824583530426025,1.9458385705947876,0.15870643028846154,0.002301071537658572,2485.7226476571977,2756.465559074162,1.0
-697.17333984375,71.76959228515625,11.435569763183594,23.14265251159668,9.784439086914062,3.503340005874634,4.767208099365234,-9.546936988830566,-1.0045788288116455,-2.4929957389831543,0.4709964394569397,-7.276480674743652,1.0379023551940918,0.15523587740384615,0.0020159855484962463,2484.596077362454,2695.3837313129243,1.0
-677.2279052734375,71.21226501464844,9.044747352600098,24.994829177856445,6.08303689956665,1.752105474472046,6.184582710266113,-6.443160057067871,-2.9662742614746094,-2.982142686843872,0.9298915863037109,-9.478073120117188,-0.22427038848400116,0.15611853966346154,0.0017136733513325453,2599.6657211017096,2569.2554829523856,1.0
-676.6346435546875,70.11730194091797,9.825469970703125,20.923973083496094,5.236435890197754,3.5094339847564697,7.19376802444458,-7.846503734588623,-1.580090880393982,-3.2957522869110107,-0.8706080317497253,-10.41033935546875,-2.1594977378845215,0.1349384014423077,0.001844166312366724,2537.109361792326,2651.9336505746137,1.0
-679.8654174804688,67.41950225830078,15.207942008972168,20.03523063659668,6.091833114624023,6.254700660705566,5.468133449554443,-7.068029880523682,-4.2008819580078125,-3.0929887294769287,-1.3954765796661377,-8.620162010192871,-1.9159611463546753,0.14800555889423078,0.0018981813918799162,2717.529775783772,2615.8667216824147,1.0
-672.6327514648438,67.1448974609375,9.553647994995117,22.13735008239746,4.54826021194458,4.5459699630737305,3.213718891143799,-9.062731742858887,0.4111924469470978,-3.517613410949707,-1.0254613161087036,-10.396836280822754,-2.079801321029663,0.16182016225961537,0.0021074963733553886,2590.615694908403,2605.0394856393596,1.0
-619.3656005859375,66.9638900756836,-10.56097412109375,19.216522216796875,5.219308853149414,-1.1880192756652832,1.3810198307037354,-8.710211753845215,1.6296905279159546,-3.094893455505371,-0.27889731526374817,-4.730341911315918,-1.7355036735534668,0.16483248197115385,0.00421651778742671,2586.8745808891326,2511.099939122894,1.0
-615.3280029296875,60.17799758911133,-11.203393936157227,22.57468032836914,4.829352378845215,-4.465885162353516,0.5829591155052185,-7.954970359802246,-0.2877768278121948,-1.647973656654358,-0.8847602009773254,-4.806087017059326,-1.3944319486618042,0.14554912860576924,0.004294185433536768,2556.884286453532,2568.6905504090128,1.0
-630.5615234375,64.58717346191406,-1.7581695318222046,19.263023376464844,8.718537330627441,-3.519047260284424,-0.1394801139831543,-10.316986083984375,-0.5892061591148376,-3.673201560974121,-3.0198135375976562,-4.186796188354492,-3.5797908306121826,0.16282301682692307,0.0043854741379618645,2609.715864370191,2633.3411868402904,1.0
-604.00927734375,57.239715576171875,-10.050620079040527,14.725563049316406,8.33608341217041,-6.207059383392334,-4.4928083419799805,-12.306967735290527,-1.9328526258468628,-4.770780086517334,-3.3178787231445312,-3.028954029083252,-2.7828190326690674,0.17582632211538463,0.005375659093260765,2759.877697449456,2646.4225919872765,1.0
-505.75830078125,55.41026306152344,-24.356109619140625,10.187370300292969,1.4969604015350342,-13.110916137695312,-0.3409336507320404,-12.492985725402832,-2.6403086185455322,-6.385043144226074,-7.807480335235596,-4.8909382820129395,-4.487513542175293,0.12957857572115383,0.013690713793039322,2677.781673774377,2484.5596975508915,1.0
-500.8955993652344,56.37586212158203,-28.115236282348633,17.796491622924805,1.3460693359375,-10.167433738708496,2.305265426635742,-8.366724967956543,-1.9274088144302368,-4.890904903411865,-6.593234539031982,-3.634725332260132,-4.494368076324463,0.12122896634615385,0.01338913943618536,2483.011416386411,2436.0472155802645,1.0
-484.24310302734375,46.8244514465332,-26.80401611328125,11.219812393188477,1.564424991607666,-15.044148445129395,-3.402947425842285,-15.592337608337402,-5.392864227294922,-8.244303703308105,-10.906750679016113,-3.672471284866333,-7.832758903503418,0.18629056490384616,0.01449785940349102,2791.339949232529,2468.1522645473174,1.0
-516.0951538085938,52.316734313964844,-23.57375717163086,10.904928207397461,2.1418299674987793,-16.16328239440918,-4.407687187194824,-15.034799575805664,-6.3012590408325195,-6.674994945526123,-10.865325927734375,-5.005378723144531,-8.863131523132324,0.17950345552884617,0.011792881414294243,2653.7636846761693,2442.72136697379,1.0
-680.55810546875,62.083744049072266,15.376714706420898,22.70464324951172,11.817323684692383,1.1686172485351562,1.106004238128662,-7.516153335571289,-3.4979875087738037,-4.989582538604736,-0.18284665048122406,-9.351638793945312,2.539243698120117,0.1472844050480769,0.002109592081978917,2668.5202270207783,2737.5724290292496,2.0
-693.7650146484375,75.11737823486328,8.744598388671875,25.17974853515625,7.337152004241943,2.2620205879211426,3.4594063758850098,-9.453978538513184,-0.5381981730461121,-5.7510528564453125,-1.407171368598938,-5.9717206954956055,0.7034754753112793,0.17576246995192307,0.0018018712289631367,2477.0366011422398,2604.434158683254,2.0
-700.8799438476562,65.47676849365234,14.506916999816895,18.230554580688477,10.305948257446289,4.725139141082764,2.5824191570281982,-11.425925254821777,-3.7316455841064453,-0.3235551118850708,-0.8706794381141663,-3.5015316009521484,-0.9496189951896667,0.20597581129807693,0.0017230703961104155,2675.381022485049,2769.348532510396,2.0
-701.379638671875,72.99382781982422,15.058846473693848,20.07950782775879,9.262685775756836,4.236382961273193,0.5525063872337341,-8.869146347045898,-3.966522693634033,-1.0839931964874268,1.7591345310211182,-8.414764404296875,2.1694283485412598,0.1448016826923077,0.0017266727518290281,2429.396711268088,2712.035765665161,2.0
-612.6637573242188,67.84622192382812,-7.942938804626465,16.78167724609375,10.050002098083496,-7.7809343338012695,-6.062379360198975,-19.33583641052246,-2.9864492416381836,1.1620196104049683,-9.648517608642578,-6.275028228759766,-2.341855764389038,0.12507887620192307,0.004076732788234949,2200.042939311382,2359.2453447214566,2.0
-613.9668579101562,64.49748229980469,-5.887217044830322,16.907365798950195,7.838142395019531,-7.254081726074219,-2.646265983581543,-19.191171646118164,-7.747508525848389,0.054757483303546906,-6.730465888977051,-4.096743583679199,-0.788564145565033,0.1448955829326923,0.003994820173829794,2425.5383693569006,2496.5060339416987,2.0
-649.3362426757812,63.63260269165039,1.8681126832962036,15.314375877380371,8.29428768157959,-3.570190668106079,0.6360816359519958,-12.134026527404785,-4.574680805206299,3.8251235485076904,-8.049755096435547,-2.250581979751587,-1.8412801027297974,0.14667217548076922,0.003888186067342758,2375.3712804458687,2598.3270594562796,2.0
-604.1381225585938,70.77255249023438,-7.529036045074463,13.917486190795898,6.143171310424805,-4.040799617767334,-5.258322715759277,-26.635730743408203,-9.555669784545898,6.0479044914245605,-11.735154151916504,-7.036731719970703,-1.9628046751022339,0.14542893629807693,0.004533402621746063,2345.9894285640753,2333.4156434213987,2.0
-526.859375,61.59721755981445,-8.647123336791992,12.25651741027832,-2.3375072479248047,-4.158398628234863,6.369992256164551,-10.528177261352539,-2.9934098720550537,-4.276475429534912,-3.698894500732422,-5.4926533699035645,-3.3168578147888184,0.13851036658653845,0.01123957708477974,2476.5580853352158,2551.0800730048304,2.0
-523.67822265625,52.561954498291016,-0.03513089567422867,13.898758888244629,-6.851842403411865,-4.02940559387207,7.6051483154296875,-6.121763229370117,-3.614363431930542,-6.049032688140869,-2.3724257946014404,-3.649404525756836,-2.3868868350982666,0.12016977163461538,0.010971530340611935,2536.576342486961,2585.1096213352453,2.0
-575.7617797851562,50.56560134887695,8.577549934387207,12.486357688903809,-1.5629631280899048,-1.6177241802215576,8.166877746582031,-7.817126274108887,-5.017258644104004,-5.016441822052002,-3.155395030975342,-3.2396297454833984,-1.695080041885376,0.14657451923076922,0.00844508782029152,2563.315415620295,2701.5184253254465,2.0
-558.7830810546875,51.33634948730469,8.226760864257812,11.714489936828613,-2.7686853408813477,-4.7924580574035645,6.605073928833008,-8.69141960144043,-7.065112113952637,-5.441806316375732,-4.912161350250244,-5.308557510375977,-3.8737404346466064,0.15148362379807692,0.010435027070343494,2597.2414034933386,2632.873117962956,2.0
-441.3957214355469,54.70892333984375,-15.362171173095703,5.857885837554932,-12.469649314880371,-9.533802032470703,8.899094581604004,-10.968358993530273,-6.765332221984863,-4.449085712432861,-3.54396653175354,-2.5063881874084473,-4.327998638153076,0.1464167668269231,0.028807060793042183,2473.742759374206,2461.7150848273795,2.0
-343.6545715332031,35.30360412597656,-25.010295867919922,6.274829864501953,-15.046307563781738,-12.565903663635254,6.444519519805908,-8.097014427185059,-6.371405601501465,-4.328019618988037,-5.048305034637451,-4.480700492858887,-6.768518924713135,0.15006385216346155,0.06170633062720299,2570.8480961842643,2424.5928193601303,2.0
-461.5697021484375,35.2624397277832,-6.2698564529418945,2.098147392272949,-10.94555377960205,-8.801102638244629,6.335751056671143,-14.823534965515137,-5.570062160491943,-6.779531478881836,-4.239955425262451,-3.653790235519409,-4.046685218811035,0.14859525240384616,0.026116909459233284,2821.1213567054797,2751.8081917309587,2.0
-443.0307922363281,41.014015197753906,-9.736333847045898,6.695110321044922,-10.842753410339355,-11.378156661987305,7.603654861450195,-15.146331787109375,-7.043110370635986,-7.845531463623047,-5.532288551330566,-4.350354194641113,-3.914552688598633,0.1566443810096154,0.028391335159540176,2675.217506297866,2560.250883722849,2.0
-491.7845458984375,48.432491302490234,-25.628211975097656,10.227306365966797,-0.03311876207590103,-11.51455020904541,1.3210350275039673,-18.10869789123535,-3.617582082748413,-6.046715259552002,-9.162298202514648,-7.300687313079834,-3.1900839805603027,0.15563025841346154,0.011432159692049026,2675.4875529164333,2550.6384770955697,0.0
-521.9535522460938,61.58930206298828,-13.770468711853027,11.853401184082031,3.1249172687530518,-5.323080539703369,6.835309028625488,-11.975390434265137,-2.7007198333740234,-0.6280389428138733,-5.1526198387146,-6.366669178009033,-1.0035141706466675,0.12507512019230768,0.011172780767083168,2273.653207632718,2350.6341486298006,0.0
-497.9451904296875,59.53465270996094,-14.931591987609863,-0.7503645420074463,2.531831979751587,-7.622252941131592,-1.2745567560195923,-21.909366607666016,-3.4285004138946533,-0.16092917323112488,-8.59117603302002,-5.61782693862915,-3.866353988647461,0.16425030048076922,0.01325000636279583,2681.4096628127886,2382.1690042881773,0.0
-537.2991943359375,49.704402923583984,-10.516836166381836,5.23274040222168,4.054004669189453,-7.219946384429932,3.402193546295166,-17.956310272216797,-5.3041815757751465,-1.8089958429336548,-11.04936408996582,-3.5534274578094482,-5.188708782196045,0.1747821514423077,0.010096869431436062,2844.6941795929156,2634.0180135901287,0.0
-397.9814758300781,26.207307815551758,-26.651615142822266,8.718109130859375,-7.578085899353027,-10.910518646240234,-0.22632868587970734,-14.42625617980957,-5.708507537841797,-1.866208791732788,-5.198606967926025,-3.2267868518829346,-3.384890079498291,0.17376802884615383,0.0301680788397789,2876.464178196149,2539.4405098487273,0.0
-407.6593017578125,28.563356399536133,-30.288494110107422,8.435858726501465,-8.194446563720703,-14.660228729248047,0.7439802885055542,-19.043743133544922,-3.392653703689575,1.8428916931152344,-6.152650833129883,-4.41379976272583,-3.4905357360839844,0.13733473557692308,0.0339304618537426,2916.625890962054,2616.930902540621,0.0
-426.0885314941406,31.007034301757812,-22.30816650390625,-3.1314713954925537,-10.045398712158203,-10.631959915161133,-1.4492747783660889,-17.665699005126953,-11.583685874938965,-3.2453505992889404,-6.8498663902282715,-2.6125504970550537,-1.073453664779663,0.15787635216346155,0.031053410843014717,2752.4236749892275,2535.3214958898784,0.0
-403.4298400878906,26.41436004638672,-22.709182739257812,2.376873731613159,-8.042057037353516,-12.147015571594238,3.870304584503174,-19.70687484741211,-6.623338222503662,0.1536034792661667,-6.7143731117248535,-1.7681708335876465,-3.687495708465576,0.1413837139423077,0.04089640825986862,2653.4504394862934,2502.70953017641,0.0
-635.977294921875,72.37067413330078,9.15268611907959,16.009504318237305,4.12852144241333,1.6469992399215698,2.3645997047424316,-9.255661964416504,-3.7542877197265625,0.7141059041023254,-0.9165937900543213,-5.142500877380371,-0.9390078186988831,0.14245042067307692,0.0031679689418524504,2448.450348089119,2466.65321321896,2.0
-670.17919921875,77.590576171875,10.388635635375977,18.38826560974121,5.049856185913086,3.459160327911377,-1.2179532051086426,-8.250107765197754,-4.106376647949219,-0.36519375443458557,-3.48307728767395,-3.364654541015625,-2.409409761428833,0.1484375,0.0025074665900319815,2341.0780718804963,2493.2536100149136,2.0
-633.8696899414062,64.74813079833984,17.90985870361328,14.299508094787598,6.536543369293213,-0.401458740234375,-2.6481473445892334,-12.040446281433105,-5.686378002166748,1.6045368909835815,-7.262575149536133,-1.1641345024108887,-3.9188718795776367,0.17008338341346155,0.004053367767482996,2638.524247021193,2469.9039290923274,2.0
-646.7084350585938,63.5118522644043,14.887749671936035,13.11540699005127,8.316786766052246,-1.5109919309616089,0.21135136485099792,-11.466357231140137,-6.775360584259033,0.4554584324359894,-3.2087721824645996,0.3911280632019043,-4.375804424285889,0.18684269831730768,0.003872490022331476,2657.713604690602,2608.2686097784226,2.0
-563.7670288085938,56.3125114440918,2.8971970081329346,13.938936233520508,1.4852442741394043,-3.850529193878174,-3.7583141326904297,-17.56578826904297,-3.3841779232025146,0.23117604851722717,-3.743253469467163,2.5584006309509277,-0.19356243312358856,0.17330228365384615,0.005866236053407192,2685.9609480783556,2615.326665476842,2.0
-626.0478515625,71.38426208496094,-1.307750940322876,15.368667602539062,2.818952798843384,-6.460990905761719,-6.373565196990967,-6.883961200714111,-2.5225977897644043,-1.3949124813079834,-1.674970269203186,0.9118437767028809,-3.1009154319763184,0.14201096754807693,0.003658493747934699,2382.5208547759757,2437.1492006880144,2.0
-618.3673095703125,64.20870208740234,13.121814727783203,14.524353981018066,5.269346237182617,-4.698337078094482,-5.607150077819824,-12.475085258483887,-5.332810878753662,-6.133005142211914,-8.680113792419434,2.8014044761657715,-6.497636795043945,0.1659893329326923,0.004497162532061338,2651.560816930155,2562.2290376325122,2.0
-587.835205078125,57.70425796508789,11.073463439941406,12.816180229187012,3.0142157077789307,-7.812399864196777,-8.13756275177002,-10.948100090026855,-3.9690158367156982,-2.7903079986572266,-7.434255599975586,3.955153703689575,-6.923660755157471,0.15386493389423078,0.006529383361339569,2530.620276989916,2481.5665805631274,2.0
-584.9712524414062,54.31454086303711,0.02388540469110012,11.942070960998535,3.923398733139038,1.372865080833435,1.4750548601150513,-14.671032905578613,0.8224238753318787,0.2188180834054947,-2.8337671756744385,-6.077567100524902,0.564977765083313,0.15104041466346155,0.004513034597039223,2628.9642520913694,2691.502763595272,0.0
-573.853759765625,59.42198944091797,-4.338901042938232,8.43506908416748,-0.8556532859802246,-0.9184170961380005,1.0879154205322266,-17.442485809326172,-0.8994214534759521,-3.3594322204589844,-4.523160457611084,-8.876708030700684,-2.0367016792297363,0.1759051983173077,0.005566572304815054,2625.549455307244,2611.9760354107693,0.0
-551.5994262695312,51.98600387573242,-0.049384456127882004,6.699976444244385,2.3491926193237305,-1.6285039186477661,-0.020844856277108192,-16.225502014160156,-1.617547869682312,-3.116975784301758,-5.854654312133789,-7.126041412353516,-5.039743423461914,0.1889911358173077,0.008313045836985111,2653.52747733359,2603.9975167388643,0.0
-597.5387573242188,58.774906158447266,7.8032636642456055,11.976241111755371,2.240325689315796,-2.295828104019165,3.027695894241333,-13.813570022583008,-3.6529295444488525,-3.400033950805664,-3.6317696571350098,-8.308403968811035,-4.4857401847839355,0.1494816706730769,0.006031602155417204,2428.696627410195,2679.2192860178434,0.0
-525.2376098632812,52.50491714477539,-9.512894630432129,8.420576095581055,-1.3765499591827393,-2.7347755432128906,0.03675631061196327,-17.743059158325195,-2.0501344203948975,0.6129664182662964,-6.08375358581543,-7.438467979431152,-1.5806626081466675,0.1295447716346154,0.008517329581081867,2468.2019507902514,2544.113566093932,0.0
-521.0103149414062,56.47303771972656,-6.019632816314697,6.653652667999268,-3.2040274143218994,-3.6686832904815674,1.7822239398956299,-18.693742752075195,-2.962674379348755,-1.818454623222351,-5.968775272369385,-7.918093681335449,-3.4629695415496826,0.13817608173076923,0.009563786908984184,2630.089840125274,2556.906915180743,0.0
-533.057861328125,52.85637664794922,-5.706298828125,0.18302494287490845,-6.651835918426514,-4.798395156860352,3.327993869781494,-17.02096939086914,-6.487579822540283,-5.50145149230957,-2.4719064235687256,-7.896028995513916,-5.13762903213501,0.17459059495192308,0.012473572045564651,2729.0959049319154,2582.9754869651083,0.0
-522.8504638671875,49.72917938232422,-1.3204143047332764,2.6819357872009277,-2.8769540786743164,-2.488602876663208,0.30234843492507935,-20.908721923828125,-7.4553985595703125,-6.346230983734131,-5.529468059539795,-10.681950569152832,-6.4837212562561035,0.19713416466346154,0.012279593385756016,2873.4846860871066,2553.2259004209604,0.0
-725.1006469726562,94.5753402709961,21.81450653076172,32.62691116333008,22.829315185546875,9.692814826965332,5.322299003601074,5.508560657501221,7.156362056732178,6.812148571014404,-0.2383035570383072,8.944679260253906,6.170526504516602,0.11742412860576923,0.0014674742706120014,1642.1570662927372,2318.0101343869696,1.0
-768.2207641601562,78.76923370361328,13.901731491088867,21.324857711791992,13.583573341369629,4.3199615478515625,0.9120826125144958,-2.106738805770874,4.990933418273926,2.316765785217285,-5.822563171386719,6.516561031341553,2.1948435306549072,0.3258563701923077,0.0009906841441988945,2846.1446063077947,2646.9251533114843,1.0
-754.0184936523438,67.6839370727539,15.377135276794434,20.42119026184082,12.990942001342773,5.7073750495910645,-1.0357344150543213,-5.488663196563721,-0.9646888375282288,1.6103196144104004,-5.947260856628418,1.810654878616333,-0.22297005355358124,0.2713454026442308,0.0010982167441397905,3260.416344277516,2632.0945799018837,1.0
-752.7478637695312,72.4540786743164,12.463441848754883,21.17389488220215,11.80209732055664,3.4010605812072754,0.8495057225227356,-4.285758972167969,-0.5363338589668274,1.4084620475769043,-5.237264156341553,3.2790284156799316,0.2757962942123413,0.24732196514423077,0.001167577225714922,2895.0832286609257,2515.0696617251665,1.0
-748.2948608398438,72.48849487304688,13.563827514648438,20.470319747924805,16.990921020507812,6.032094478607178,-4.003782272338867,-2.793093681335449,3.2041473388671875,2.1399452686309814,-4.211073875427246,4.436245441436768,-0.5693855881690979,0.3112229567307692,0.0010299297282472253,2937.2597637702897,2699.405694263662,1.0
-697.5811157226562,65.07588958740234,-0.6291598081588745,30.04562759399414,15.362537384033203,-0.4272477328777313,-8.158020973205566,-4.944341659545898,4.892099380493164,4.344461917877197,-7.656599998474121,5.0493011474609375,-0.10388189554214478,0.2685359074519231,0.001201512524858117,2928.260515796745,2546.142684364693,1.0
-669.116455078125,64.94198608398438,8.028363227844238,20.13263511657715,5.567303657531738,-4.889490604400635,-3.403355836868286,-1.75698721408844,-1.9944568872451782,1.8165217638015747,-5.762509822845459,3.7205982208251953,-2.2755448818206787,0.312890625,0.001950302510522306,3151.475330154981,2628.2338694249693,1.0
-724.787109375,73.72299194335938,16.247251510620117,23.668964385986328,16.673412322998047,9.684743881225586,-1.4199265241622925,-4.053645610809326,0.8040871024131775,6.851529598236084,-3.5074777603149414,5.576601982116699,1.2260552644729614,0.18175330528846154,0.0013019702164456248,2815.4140140818263,2592.32113873915,1.0
-799.4066162109375,61.2081298828125,19.973127365112305,21.503875732421875,14.953592300415039,8.79952335357666,-2.4185264110565186,-3.5073153972625732,6.750266075134277,5.798397541046143,-0.9729137420654297,7.862912178039551,1.7173032760620117,0.24491060697115385,0.0005271211266517639,3100.29210872882,2769.2446555952943,1.0
-757.638671875,82.99382781982422,25.74281883239746,35.9339599609375,22.716590881347656,13.438076972961426,-2.2476165294647217,-2.2768688201904297,6.160905361175537,2.8322372436523438,-2.5894742012023926,9.69072437286377,-1.2024139165878296,0.20569786658653846,0.000808383512776345,2393.0742179793233,2591.7659406401735,1.0
-677.8650512695312,84.96532440185547,14.513250350952148,28.81453514099121,16.358924865722656,2.1368229389190674,-3.9230313301086426,-5.077980995178223,0.716927170753479,4.386449337005615,-3.849146842956543,4.8132805824279785,-2.3647754192352295,0.239990234375,0.0016665366711094975,2440.436221375956,2511.5991036732075,1.0
-732.21533203125,76.69296264648438,13.008763313293457,19.882932662963867,11.873583793640137,7.243955612182617,-4.096055030822754,-5.671804428100586,-1.890117883682251,1.9169034957885742,-9.065779685974121,3.7883760929107666,-0.1831512451171875,0.10958909254807692,0.001531169400550425,1989.9705736575668,1818.3256414736816,1.0
-688.22900390625,96.67471313476562,9.407510757446289,18.38823127746582,21.331655502319336,4.154269218444824,-4.810194492340088,-6.0377068519592285,-11.756834983825684,-1.1881917715072632,-1.909438133239746,-0.17317575216293335,1.6180614233016968,0.2411884014423077,0.0019097472541034222,2456.2188300446683,2409.9295270482685,1.0
-641.6690063476562,80.34891510009766,-1.8361961841583252,16.219257354736328,18.68000602722168,-2.1694819927215576,-5.257753372192383,-4.726987838745117,-3.996943950653076,2.1047286987304688,-3.0290462970733643,-1.914444923400879,-1.7947256565093994,0.25259540264423075,0.0033163961488753557,2750.1340810906077,2536.0074115710217,1.0
-692.4693603515625,70.15313720703125,4.3985748291015625,15.08619499206543,16.964324951171875,3.9521968364715576,-5.221317768096924,-4.97836446762085,-4.23506498336792,3.0065603256225586,-7.069878578186035,0.6514543890953064,-0.698501706123352,0.19657451923076924,0.0022104354575276375,2958.141615519983,2468.408432042145,1.0
-626.7025146484375,72.6126480102539,-7.8037109375,14.82984447479248,13.340275764465332,-0.4891413748264313,-6.064075469970703,-13.05840015411377,-9.802675247192383,3.360898733139038,-5.647705078125,-5.659207820892334,1.4025287628173828,0.29229642427884617,0.0038443913217633963,2743.259368684738,2371.7695507717544,1.0
-445.7132263183594,65.87068939208984,-21.1911563873291,3.3577234745025635,8.620070457458496,-16.661151885986328,-18.263612747192383,-7.812256813049316,-17.677980422973633,-3.467970371246338,-1.8444727659225464,-4.713871955871582,-6.826816082000732,0.10478515625,0.02436746098101139,2128.5785950216837,2113.8690596374163,1.0
-439.65582275390625,84.30181884765625,-23.20193099975586,6.5607452392578125,7.081094741821289,-25.492176055908203,-21.64301109313965,-5.137336730957031,-21.09257698059082,-8.860566139221191,-4.919900894165039,-7.3114705085754395,-6.88294792175293,0.11705979567307692,0.0196609515696764,1996.2004939734088,2011.3047558782932,1.0
-432.991455078125,45.4615478515625,-17.415203094482422,5.995347023010254,8.950629234313965,-8.55945873260498,-13.260102272033691,-7.1583662033081055,-17.73105239868164,-0.5520115494728088,-7.868531227111816,-4.0086283683776855,-2.9884109497070312,0.21971529447115384,0.026132337749004364,2779.638083752253,2490.3110122365515,1.0
-485.30535888671875,65.45423126220703,-9.709356307983398,6.767672061920166,9.459199905395508,-6.046875953674316,-10.175199508666992,-11.40961742401123,-18.964824676513672,-2.7399959564208984,-5.232936382293701,-4.280263423919678,-1.26699960231781,0.17112379807692307,0.01771528832614422,2365.419384182268,2269.181524354448,1.0
-792.4686279296875,76.36060333251953,12.452909469604492,25.458158493041992,20.65632438659668,11.861262321472168,1.1294761896133423,-8.262199401855469,-1.2852245569229126,4.217681407928467,0.5566799640655518,1.5918145179748535,3.668274402618408,0.32498497596153847,0.00038782734191045165,2827.923223581611,2729.89696028691,2.0
-806.3318481445312,58.83871841430664,8.597517013549805,18.90338134765625,12.470126152038574,8.600810050964355,-4.729752063751221,-7.818515300750732,-0.3821036219596863,0.4375968873500824,-0.11340801417827606,1.029215931892395,1.8041212558746338,0.3139385516826923,0.0004004122456535697,3373.731122193977,2828.9273741781767,2.0
-778.0985107421875,56.12724685668945,12.494450569152832,18.65903663635254,11.747091293334961,11.61873722076416,-0.010502859018743038,-8.328373908996582,-3.5202715396881104,1.571510910987854,-1.4714584350585938,-1.7920689582824707,3.1545019149780273,0.2634840745192308,0.0006614861777052283,3191.1623235894576,2583.2370567787743,2.0
-805.1318359375,67.99613952636719,22.46952247619629,25.840482711791992,17.62774658203125,15.050273895263672,3.2448980808258057,-6.2433857917785645,0.2933789789676666,7.0804619789123535,-0.20182086527347565,2.5383169651031494,4.675643444061279,0.2989933894230769,0.0004698019474744797,3039.3730283017712,2805.5286125596504,2.0
-660.4594116210938,90.84705352783203,3.013524055480957,26.65816879272461,19.778095245361328,3.3814330101013184,-12.086068153381348,-11.94677448272705,-12.079465866088867,-2.9873435497283936,-1.200681447982788,-10.791293144226074,-0.2272038459777832,0.16386343149038463,0.0013507645344361663,2394.6311916668346,2367.0119120385802,2.0
-643.173828125,78.96517944335938,-2.884887933731079,26.164522171020508,20.45539093017578,0.9640212059020996,-15.652067184448242,-8.30531120300293,-8.073298454284668,-3.524704694747925,-4.292102813720703,-9.972707748413086,-3.40493106842041,0.20555889423076923,0.0012811708729714155,2711.7053607811035,2524.9062111990042,2.0
-676.3151245117188,76.58149719238281,1.279830813407898,22.968502044677734,17.53331184387207,4.725075721740723,-12.417491912841797,-11.25679874420166,-10.920610427856445,-0.29962268471717834,-4.722008228302002,-12.989319801330566,-4.491257190704346,0.24125225360576924,0.0016783099854364991,2687.990714646241,2401.5704951288467,2.0
-652.0114135742188,92.13484191894531,5.999482154846191,31.9625186920166,20.829254150390625,6.190438270568848,-8.765596389770508,-12.877423286437988,-12.177290916442871,0.7153321504592896,-4.355650424957275,-14.825852394104004,-2.2876548767089844,0.18577599158653846,0.001783599960617721,2236.32055285753,2315.2297085107384,2.0
-688.1524047851562,75.00254821777344,-0.6179103851318359,20.535419464111328,21.413143157958984,0.9899449348449707,-4.537972450256348,-4.37939453125,-6.914079189300537,0.8956623077392578,0.2484637051820755,-3.4114227294921875,2.7087697982788086,0.28941932091346156,0.0015913816168904305,2920.081042092476,2555.730241858991,2.0
-649.6428833007812,70.74240112304688,-3.1875722408294678,18.44562530517578,20.403783798217773,3.4583325386047363,-3.6128337383270264,-5.487607002258301,-4.679989814758301,1.8727314472198486,-1.1461951732635498,-2.031780958175659,3.2665517330169678,0.12791090745192307,0.0024011514615267515,2948.609348966934,2392.903379097273,2.0
-545.0302734375,68.23577117919922,-14.482396125793457,12.808741569519043,19.41680908203125,-4.332173824310303,-3.6685798168182373,-9.56092643737793,-15.85593032836914,-0.3888408839702606,0.010768127627670765,-6.661534786224365,1.3313100337982178,0.19427959735576922,0.007291560061275959,2650.371644381748,2394.514467806807,2.0
-609.0875244140625,67.59244537353516,-6.5849833488464355,16.53717041015625,20.66143035888672,-1.7712438106536865,-3.018404960632324,-7.577889442443848,-10.345126152038574,0.991005539894104,-2.3842201232910156,-7.0118913650512695,2.2864975929260254,0.25885291466346155,0.0046328105963766575,2927.633115593721,2550.503209180174,2.0
-305.85504150390625,59.06694793701172,-24.27202033996582,3.213963031768799,2.388282537460327,-14.18040657043457,-11.207916259765625,-5.877238750457764,-8.708706855773926,-1.8592060804367065,-0.5181337594985962,-1.9469735622406006,-1.0813534259796143,0.13404447115384616,0.07387347519397736,2466.8503244202,2324.6543726431823,2.0
-318.84515380859375,62.015838623046875,-26.107126235961914,2.355217695236206,1.2691683769226074,-14.34841537475586,-9.52535343170166,-9.174250602722168,-9.694050788879395,-3.4683642387390137,-0.7698724865913391,-1.2598905563354492,-3.598936080932617,0.1767352764423077,0.05766741558909416,2657.231268531055,2283.0067157992185,2.0
-308.4176940917969,44.8017463684082,-20.592111587524414,1.3049663305282593,0.04486706107854843,-11.167470932006836,-14.969515800476074,-8.70550537109375,-9.194327354431152,-6.84705924987793,-1.0135029554367065,-2.026689052581787,-0.5118317008018494,0.17525540865384615,0.07049878686666489,2665.102824759082,2377.8061402482795,2.0
-286.3404846191406,52.4114875793457,-25.63753318786621,-3.560584545135498,-5.091734886169434,-13.801694869995117,-8.898555755615234,-10.886045455932617,-3.47111439704895,-6.034956455230713,0.9269500970840454,-1.2322653532028198,-3.4975192546844482,0.16194035456730768,0.07661031931638718,2687.0563369034967,2328.1046127544582,2.0
-799.5413208007812,57.53019332885742,9.167990684509277,19.490192413330078,14.919073104858398,6.0568718910217285,0.11177133768796921,-1.8138389587402344,3.713514566421509,2.1197428703308105,-1.626711130142212,3.958760976791382,1.2509554624557495,0.27713341346153847,0.0005378148634918034,3332.618453973638,2789.2638560363557,0.0
-761.7465209960938,56.92121124267578,10.036842346191406,22.300640106201172,14.872783660888672,5.615414142608643,-1.0487556457519531,-4.929622173309326,2.867967367172241,3.3744149208068848,-0.1408812254667282,2.4767727851867676,0.29806047677993774,0.3255746694711538,0.0007432562415488064,3183.212741463886,2790.5246428791265,0.0
-762.5822143554688,61.41455078125,18.11025047302246,23.23560333251953,16.884666442871094,11.357193946838379,3.0378339290618896,-2.4586052894592285,4.644258499145508,6.285441875457764,0.4254387617111206,6.727231979370117,3.3510611057281494,0.19823467548076923,0.0008172779344022274,2753.42187266089,2874.495759262875,0.0
-793.802978515625,53.53797912597656,15.553018569946289,23.238645553588867,11.369556427001953,6.275547504425049,1.0253931283950806,-5.957155227661133,-0.594406008720398,2.6048195362091064,0.15145443379878998,3.25052809715271,-0.27895206212997437,0.31607572115384613,0.0007279914570972323,3482.6546892113165,2874.912421389669,0.0
-575.3587646484375,78.15469360351562,-5.223023891448975,23.158369064331055,19.921424865722656,-6.496577739715576,-11.458122253417969,1.1837098598480225,-7.090545654296875,-5.627573013305664,-1.937741756439209,-5.466887474060059,-6.270425796508789,0.11319110576923076,0.0038689852226525545,2426.0179785949003,2409.337102351705,0.0
-683.891357421875,55.47186279296875,3.168490409851074,24.252689361572266,17.826440811157227,1.5885568857192993,-4.190494537353516,1.3660047054290771,-0.6511969566345215,-1.8764348030090332,-1.514678955078125,-2.4899141788482666,-7.174403190612793,0.31451697716346155,0.001639553694985807,3158.1914766309797,2802.471560825992,0.0
-550.9765625,50.50596618652344,-0.2698768079280853,13.271187782287598,9.520652770996094,-5.721946716308594,-8.341019630432129,0.9665202498435974,-9.97116470336914,-5.93501091003418,-3.7719316482543945,-8.378641128540039,-4.728918552398682,0.24349459134615384,0.008354411460459232,2821.5523784498855,2542.4292257599263,0.0
-520.897216796875,58.250953674316406,-0.6568407416343689,12.991321563720703,12.19855785369873,-5.227298736572266,-8.302486419677734,-1.5398279428482056,-11.319771766662598,-4.064518451690674,-2.0387184619903564,-11.70268726348877,-5.13371467590332,0.1283916766826923,0.010855425149202347,2391.091416486583,2421.522218189193,0.0
-705.993408203125,86.47972106933594,-7.473278045654297,19.030099868774414,12.416272163391113,-1.4201747179031372,-8.0474271774292,-8.223075866699219,0.6884397268295288,-2.4805071353912354,-3.699230909347534,-1.4518721103668213,-0.9815489649772644,0.26449068509615387,0.0009624345693737268,2685.7493429656356,2367.2906402932435,2.0
-708.3972778320312,79.93498992919922,-9.409734725952148,20.749914169311523,13.759907722473145,-5.580897331237793,-8.81528377532959,-8.329568862915039,-0.5868242979049683,-0.3325479328632355,-3.4462454319000244,-2.3057923316955566,-1.3586689233779907,0.30352689302884617,0.000986932311207056,2773.0758954289486,2440.2481223531836,2.0
-743.923583984375,71.97250366210938,4.714687347412109,24.06884765625,12.571048736572266,1.1089439392089844,-1.4998542070388794,-3.945930004119873,-3.717491626739502,-3.346597194671631,0.07518357783555984,-3.6614627838134766,1.8061418533325195,0.3645582932692308,0.001061780727468431,3145.8885451185834,2517.6540166020663,2.0
-659.6712646484375,75.51548767089844,-2.980194091796875,29.095550537109375,12.237648010253906,0.40111106634140015,-8.702247619628906,-14.271456718444824,3.2812118530273438,-1.6955980062484741,-3.04171085357666,-0.29678604006767273,0.6315710544586182,0.21901292067307693,0.001553678186610341,2768.4784528239343,2412.1601710904015,2.0
-674.7496337890625,79.05878448486328,-2.368222951889038,17.02630615234375,10.242058753967285,-7.067343235015869,-1.8603297472000122,-3.086331605911255,-2.7376065254211426,-6.86247444152832,-5.879059314727783,-4.404208660125732,2.021493673324585,0.32214918870192305,0.0018137505976483226,2875.690991062694,2494.763323178966,2.0
-629.205322265625,81.22221374511719,-4.352673530578613,22.09577178955078,11.265336036682129,-6.96953010559082,-3.2670164108276367,0.029545241966843605,-5.031508445739746,-4.791824817657471,-4.226069450378418,-4.8793792724609375,1.1313458681106567,0.22277268629807692,0.002057567471638322,2830.77097271729,2433.9117893630855,2.0
-619.9496459960938,83.49054718017578,-7.572092533111572,23.076753616333008,11.42531967163086,-3.770003080368042,-0.38463088870048523,-6.013447284698486,-5.438143253326416,-4.589865684509277,-3.4472413063049316,-5.768623352050781,-1.4678614139556885,0.24799053485576922,0.0031647246796637774,2715.8731135665125,2343.6437709291467,2.0
-606.3740234375,98.53602600097656,-12.998530387878418,16.542158126831055,13.5206298828125,-8.619694709777832,-3.024099588394165,-4.654717922210693,-8.224873542785645,-1.9818977117538452,-1.5200989246368408,-8.33848762512207,-2.1531903743743896,0.22063927283653847,0.0033841757103800774,2283.109691103536,2128.4734437878487,2.0
-760.1270141601562,78.7752456665039,16.497594833374023,22.192747116088867,18.427345275878906,8.708810806274414,2.717952013015747,1.8022191524505615,4.454400539398193,3.780001640319824,-0.9108595848083496,5.753077507019043,2.4288523197174072,0.21810772235576922,0.0009190461714752018,2517.9244277490507,2777.1671893064236,0.0
-751.3363037109375,73.04310607910156,6.553486347198486,19.33268165588379,15.051844596862793,-1.7408229112625122,-2.004033088684082,-3.8672006130218506,2.8102548122406006,-1.2339198589324951,-4.194046974182129,1.0674277544021606,-1.3389854431152344,0.19598482572115383,0.0010429959511384368,2905.381942211351,2458.8229451467914,0.0
-706.3565063476562,84.02302551269531,13.408347129821777,26.63675308227539,18.877614974975586,5.591463088989258,3.0051608085632324,-0.962872326374054,4.253688335418701,2.314063549041748,-3.5020604133605957,4.577706336975098,1.5302844047546387,0.195947265625,0.001641343696974218,2501.606866374537,2544.6349876672557,0.0
-728.7168579101562,76.0240249633789,5.182237148284912,18.448230743408203,12.745112419128418,-0.9645776748657227,-3.3048012256622314,-6.383238792419434,-4.515964984893799,-1.4610011577606201,-5.726345062255859,-0.9423140287399292,-1.3110018968582153,0.23235802283653847,0.0015388213796541095,3055.033241911964,2447.299829627363,0.0
-622.5433959960938,57.34077453613281,3.4035401344299316,14.75587272644043,8.423909187316895,-5.0309367179870605,-3.4615275859832764,-3.4928345680236816,-2.198270559310913,-3.825157880783081,-5.374685287475586,-1.7845616340637207,-3.3173415660858154,0.3395958533653846,0.0029627566691488028,2935.0155872122564,2702.4187364819372,0.0
-689.3648681640625,80.1845932006836,13.901145935058594,25.459545135498047,18.696502685546875,0.7678077220916748,-0.9798412322998047,-1.204392671585083,4.921425819396973,-0.11784762144088745,-0.5428901314735413,3.681826591491699,0.4758329391479492,0.16917067307692307,0.002018204191699624,2481.5439902599887,2690.4794356695556,0.0
-709.280029296875,68.73754119873047,12.238513946533203,19.376501083374023,11.041085243225098,3.111800193786621,-2.5707476139068604,-2.8293673992156982,-1.8996092081069946,-5.1137285232543945,-4.498275279998779,-1.5182833671569824,-3.8321304321289062,0.18232797475961537,0.0019691975321620703,2631.854008835648,2337.7245969176206,0.0
-693.3831787109375,69.38996124267578,6.084343910217285,22.179424285888672,12.126678466796875,-1.6496555805206299,-2.0041730403900146,-3.2602689266204834,-2.622868061065674,-2.783691883087158,-5.8546295166015625,-0.8936514854431152,-3.772913694381714,0.26788987379807694,0.002283893758431077,3141.373318257293,2510.626903170577,0.0
-542.3292236328125,58.730281829833984,-1.1169309616088867,3.876929998397827,4.40382194519043,-5.553925037384033,-9.20625114440918,-10.272528648376465,-5.758607864379883,-2.6699092388153076,-8.255215644836426,-4.9057111740112305,-1.0159817934036255,0.11742788461538461,0.011327510699629784,2557.178361975729,2638.956067918411,1.0
-500.9391784667969,59.9955940246582,-2.9235081672668457,9.379593849182129,-1.2745552062988281,-10.077848434448242,-12.500958442687988,-15.377084732055664,-5.761962413787842,-1.7102519273757935,-7.800403118133545,-6.1220808029174805,-0.4643566310405731,0.18106219951923078,0.00994452740997076,2888.092819952028,2399.5004878422446,1.0
-502.1098327636719,60.86941909790039,-4.845531940460205,2.9491653442382812,3.6855435371398926,-10.625753402709961,-15.067927360534668,-21.496923446655273,-7.386373996734619,0.4583036005496979,-9.130207061767578,-6.7562103271484375,-1.5929481983184814,0.12657001201923077,0.014565903693437576,2529.468487230707,2374.1809709789936,1.0
-560.2034912109375,59.098472595214844,9.448141098022461,13.058265686035156,3.677384614944458,-2.643502950668335,-7.848450660705566,-12.561690330505371,-5.8116302490234375,-1.2586342096328735,-7.062853813171387,-5.825976848602295,-0.963192880153656,0.1447490985576923,0.009715674445033073,2765.8486160785765,2595.9745804573286,1.0
-500.93109130859375,62.04252624511719,-13.777793884277344,16.05276870727539,-2.3223068714141846,-10.084403991699219,-9.285683631896973,-20.10338020324707,-9.245301246643066,-6.090130805969238,3.709879159927368,-9.381763458251953,-4.717741012573242,0.17713341346153846,0.009613667614758015,2837.0774814117717,2373.614229118132,1.0
-534.371337890625,64.74917602539062,-6.577383995056152,10.91252326965332,2.512920618057251,-6.39876651763916,-7.624263286590576,-14.288216590881348,-1.6367989778518677,-3.020850658416748,-6.389052391052246,-5.293925762176514,-0.5202377438545227,0.152783203125,0.008955874480307102,2709.0909345666832,2450.7576689213834,1.0
-516.5997314453125,48.84461975097656,-5.977332592010498,10.845976829528809,-0.028080398216843605,-9.616519927978516,-6.070897579193115,-21.224531173706055,-6.323247909545898,-3.5810937881469727,-5.310334205627441,-7.602639198303223,-1.388211727142334,0.18603140024038461,0.012402603402733803,3016.768959201663,2508.7086251470764,1.0
-508.23455810546875,54.52013397216797,-4.871962547302246,8.932089805603027,1.8826000690460205,-12.976136207580566,-7.894463539123535,-18.077438354492188,-5.215388298034668,-2.959421396255493,-9.034579277038574,-6.2092742919921875,-2.210188388824463,0.16971905048076924,0.013530782423913479,2908.0549230746997,2385.9180876719006,1.0
-513.734619140625,64.86842346191406,-12.45361328125,5.210574150085449,6.410252094268799,-10.640202522277832,-16.493335723876953,-24.30221939086914,-5.765379428863525,-0.5933865904808044,-3.793515682220459,-5.5456085205078125,0.5770066380500793,0.12892127403846154,0.010146680288016796,2444.4310606660756,2346.663904623943,1.0
-517.7848510742188,68.23908996582031,-7.041661739349365,-1.2896966934204102,2.013580799102783,-7.648005485534668,-14.72994327545166,-23.486892700195312,-9.21650505065918,-0.09215721487998962,-0.6266899704933167,-4.590789794921875,-4.993383884429932,0.10662560096153846,0.01300415676087141,2266.895551617131,2355.513257580595,1.0
-525.1792602539062,64.18264770507812,-5.900100231170654,10.62316608428955,1.7921088933944702,-10.896105766296387,-6.6771345138549805,-20.28925132751465,-6.012535572052002,-3.5136361122131348,-6.9901838302612305,-8.703831672668457,-3.454281806945801,0.13834134615384616,0.012039833702147007,2514.9366768388327,2365.904522358164,1.0
-561.04833984375,70.22338104248047,2.6249070167541504,9.438485145568848,4.679129600524902,-2.765566825866699,-6.2900614738464355,-13.3997163772583,-4.681094169616699,-3.668962240219116,-5.964710235595703,-8.56989574432373,-5.96495246887207,0.13307542067307693,0.007901969365775585,2603.8887165438186,2557.228619712637,1.0
-481.2756652832031,53.76515579223633,-15.798018455505371,3.9861228466033936,3.5123355388641357,-10.002923965454102,-5.91616678237915,-16.949466705322266,-8.188590049743652,-2.549663543701172,-7.025907516479492,-5.752549171447754,-3.7741286754608154,0.119921875,0.018295031040906906,2783.3318875736986,2607.942604869974,1.0
-475.915771484375,52.55921936035156,-12.634610176086426,4.101596355438232,1.9282113313674927,-11.669098854064941,-9.970958709716797,-18.270736694335938,-9.949363708496094,-0.5142287015914917,-10.360274314880371,-8.349703788757324,-2.1827919483184814,0.11815279447115384,0.020195379853248596,2529.6511224224764,2464.9446424171438,1.0
-498.6221008300781,44.137237548828125,-21.594253540039062,4.862988471984863,-0.05287334695458412,-11.596193313598633,-14.915284156799316,-19.555891036987305,-4.7669758796691895,-1.520331859588623,-12.83944034576416,-5.727487564086914,-1.085908055305481,0.15096905048076922,0.017465755343437195,2850.644699565287,2387.8805834268856,1.0
-498.5767517089844,54.12907409667969,-12.410199165344238,5.2737298011779785,-2.1221113204956055,-13.63888931274414,-9.952326774597168,-20.198917388916016,-8.092756271362305,0.5008094310760498,-12.374053955078125,-5.454092025756836,-2.3885891437530518,0.15674579326923077,0.019433999434113503,2777.298433829414,2499.066002880964,1.0
-333.8875732421875,40.83338928222656,-32.591129302978516,-3.0919082164764404,-7.785773754119873,-27.02884292602539,-11.14393424987793,-22.676498413085938,-19.73715591430664,-0.5130175352096558,-17.646217346191406,-11.812602043151855,-3.7125513553619385,0.18394305889423077,0.07707509398460388,2919.19407404754,2303.6969667986564,1.0
-362.1256103515625,37.49489212036133,-30.774154663085938,-1.3892170190811157,0.04429192095994949,-20.166828155517578,-14.490945816040039,-22.056806564331055,-16.997774124145508,0.33479297161102295,-14.105225563049316,-12.91024398803711,0.3086557686328888,0.14654447115384617,0.06454546004533768,2862.3337423322255,2517.5805499658363,1.0
-310.7992858886719,27.122865676879883,-29.701858520507812,-1.772360920906067,-7.65717887878418,-20.092153549194336,-13.875314712524414,-20.176206588745117,-19.92155647277832,-3.0246503353118896,-15.388031005859375,-14.655635833740234,1.1463857889175415,0.20768103966346155,0.08824557065963745,3129.8155927159623,2448.810498250257,1.0
-316.53857421875,34.44258117675781,-37.40165710449219,-1.6765636205673218,-4.00688362121582,-22.981782913208008,-12.33337116241455,-21.167499542236328,-21.7900390625,-0.6495060920715332,-17.365413665771484,-10.781986236572266,-2.3213398456573486,0.15089768629807693,0.0809185579419136,2990.1989900036483,2531.2380449942652,1.0
-611.6112060546875,61.13710403442383,3.0096726417541504,13.390141487121582,6.741705894470215,-4.300299167633057,-0.8752723336219788,-14.40109920501709,-2.5471653938293457,-1.7038315534591675,-5.0228352546691895,-5.685156345367432,1.3203984498977661,0.1304424579326923,0.005575279239565134,2699.4915431807194,2669.8558779247946,2.0
-572.0913696289062,69.34452819824219,-0.014049588702619076,6.680939674377441,4.37697696685791,-4.671942710876465,-6.86517858505249,-20.340070724487305,-4.047128677368164,3.200441837310791,-3.2044003009796143,-6.100430488586426,0.5322014689445496,0.1277531550480769,0.004918048158288002,2612.2119354511256,2634.0677153240463,2.0
-587.8807983398438,71.47477722167969,9.307913780212402,14.01491928100586,7.057831287384033,-4.756916046142578,-5.548923492431641,-19.15818214416504,-4.860031604766846,-2.404489278793335,-10.300039291381836,-4.6338653564453125,1.2492973804473877,0.13038611778846154,0.0065247793681919575,2508.930127599965,2461.888514046285,2.0
-578.0617065429688,77.0362548828125,10.689847946166992,5.659112453460693,2.3256940841674805,-2.272254467010498,-7.9630961418151855,-17.324384689331055,-0.5584026575088501,-0.6316487789154053,-9.645030975341797,-4.7962775230407715,0.24819758534431458,0.13638822115384616,0.00568521860986948,2711.7113900098298,2572.1861351884936,2.0
-485.26678466796875,63.83372116088867,-10.7947416305542,14.815011024475098,9.209040641784668,-14.360591888427734,-7.111274242401123,-22.23828887939453,-6.8579325675964355,-2.534367799758911,-10.446290969848633,-4.567146301269531,1.092393159866333,0.13076923076923078,0.014910168014466763,2600.731387729119,2498.970404539419,2.0
-511.0224609375,71.0152587890625,-16.161163330078125,15.100142478942871,10.351566314697266,-13.745233535766602,-15.55283260345459,-31.564014434814453,-6.639806270599365,2.1129040718078613,-7.839856147766113,-4.18089485168457,2.3059394359588623,0.13386418269230768,0.008495686575770378,2515.8723383321194,2405.020484638552,2.0
-563.0846557617188,62.994686126708984,13.838324546813965,15.525970458984375,4.848972797393799,-4.659478187561035,-10.107048034667969,-19.58038330078125,-2.4686741828918457,-2.4665815830230713,-9.470794677734375,-2.826321601867676,1.3109123706817627,0.14808443509615385,0.006266353186219931,2783.354755956626,2540.526273920746,2.0
-553.8720092773438,59.32469940185547,5.611870765686035,17.269453048706055,4.850275993347168,-2.8485286235809326,-6.111611843109131,-21.54836654663086,-4.678675651550293,-5.9938201904296875,-11.8763427734375,-3.8437044620513916,-3.1338441371917725,0.15537109375,0.008335382677614689,2687.602138285176,2493.597015051644,2.0
-483.35235595703125,71.62385559082031,-11.654254913330078,11.57160758972168,-0.7862343192100525,-9.580172538757324,-11.205316543579102,-23.137203216552734,-5.870728969573975,-3.4134066104888916,-6.353628635406494,-5.651020526885986,2.3015036582946777,0.16241361177884617,0.011886566877365112,2599.2682113132787,2205.8511607268215,2.0
-425.8268127441406,64.43727111816406,-20.47011375427246,9.29076099395752,-7.7782816886901855,-11.288899421691895,-8.855968475341797,-19.93238067626953,-7.147627353668213,-5.324843406677246,-6.944419860839844,-8.312912940979004,-3.542170286178589,0.160009765625,0.023796003311872482,2797.4416252275755,2234.8732758269193,2.0
-449.54107666015625,66.94111633300781,-14.452860832214355,4.8595428466796875,-4.698493003845215,-8.392937660217285,-13.871753692626953,-18.437570571899414,-7.5686750411987305,-3.0484602451324463,-9.958333015441895,-0.32194966077804565,-0.9985786080360413,0.13947941706730768,0.019418757408857346,2640.5668748503354,2269.225423737731,2.0
-451.1519775390625,68.6647720336914,-18.261680603027344,11.97756576538086,-9.253286361694336,-10.118404388427734,-11.845568656921387,-21.581253051757812,-1.3366849422454834,-7.487297058105469,-9.08698558807373,-1.3000236749649048,-4.059974193572998,0.1802020733173077,0.02041800692677498,2784.314587295156,2106.0705492495763,2.0
-312.4366455078125,45.748870849609375,-25.932140350341797,9.826860427856445,-11.707612991333008,-18.225778579711914,-9.241796493530273,-17.19639778137207,-9.810615539550781,-6.556429386138916,-10.7742338180542,-7.009798526763916,-4.755056858062744,0.13687274639423078,0.06711509078741074,2564.6252088090478,2206.2553030732993,2.0
-336.2872009277344,44.879295349121094,-32.1726188659668,-0.8477980494499207,-14.892529487609863,-17.51868438720703,-8.058659553527832,-11.82626724243164,-14.989930152893066,-7.659048080444336,-11.119782447814941,-9.939105987548828,-8.884688377380371,0.12275390625,0.07164987921714783,2429.1759182471524,2240.2499676905536,2.0
-346.5279235839844,45.033233642578125,-20.159591674804688,-4.260429382324219,-13.189398765563965,-14.099749565124512,-10.07820987701416,-13.82912826538086,-15.097708702087402,-5.643261909484863,-9.00324821472168,-8.805350303649902,-8.297801971435547,0.18485952524038463,0.07195591926574707,2770.979422525859,2240.8252977565144,2.0
-332.8231506347656,35.30596923828125,-27.63289451599121,0.6254962682723999,-18.63319969177246,-17.22301483154297,-12.71226692199707,-14.98861026763916,-16.28724479675293,-6.963171482086182,-11.0849609375,-7.4053730964660645,-8.366525650024414,0.1571063701923077,0.0787942036986351,2876.3417518206124,2447.2710889205405,2.0
-512.3660888671875,59.63622283935547,-12.133673667907715,5.185675144195557,5.374507904052734,-7.680583477020264,-16.250293731689453,-25.40230369567871,-6.520208835601807,5.909341812133789,-6.420337200164795,-4.5266876220703125,3.2649502754211426,0.1278771033653846,0.01181225385516882,2376.0442046893404,2286.7320191453487,0.0
-592.7782592773438,58.39711380004883,2.587205648422241,8.455551147460938,2.3586108684539795,0.7056961059570312,-5.994012832641602,-12.97232437133789,1.3507575988769531,3.8943428993225098,-5.282202243804932,-0.755852222442627,0.4052410423755646,0.13411583533653845,0.005728161893785,2737.340521602601,2709.0049977573863,0.0
-564.4569702148438,54.964752197265625,3.2637836933135986,5.628950595855713,3.3031842708587646,-5.496553421020508,-9.848455429077148,-19.102949142456055,-5.7715606689453125,2.31697416305542,-7.699697017669678,-6.5100579261779785,-1.1457782983779907,0.13015700120192308,0.009273985400795937,2707.314947670513,2633.36438166219,0.0
-565.7646484375,55.9797248840332,5.409866809844971,8.356945037841797,4.303877830505371,-1.620302677154541,-5.83491325378418,-14.962937355041504,0.20530900359153748,2.3872599601745605,-7.391922473907471,-5.625268459320068,0.0178529005497694,0.121337890625,0.008507278747856617,2701.578263817952,2721.818742873805,0.0
-403.433837890625,43.98927688598633,-22.898134231567383,1.977935552597046,-4.680813312530518,-17.853254318237305,-14.623862266540527,-19.599849700927734,-11.659478187561035,-0.28627678751945496,-12.215848922729492,-9.79429817199707,0.12266223877668381,0.1746319110576923,0.02841562032699585,3062.4877848242304,2537.994535630516,0.0
-426.5164489746094,46.49473571777344,-28.158737182617188,2.6726088523864746,-2.679485559463501,-19.14169692993164,-12.199044227600098,-22.81114959716797,-12.111788749694824,1.0145083665847778,-9.898717880249023,-12.047117233276367,1.0044612884521484,0.15856370192307692,0.026594851166009903,2880.7199417188667,2538.347666235539,0.0
-412.78936767578125,44.72509002685547,-18.693906784057617,3.151611089706421,-5.378414630889893,-17.31604766845703,-12.26462173461914,-20.95275115966797,-14.475275039672852,-2.0036044120788574,-11.775162696838379,-13.190752983093262,-0.09501706808805466,0.1448016826923077,0.033521246165037155,2810.701363952585,2443.0106806857234,0.0
-490.9865417480469,55.57225799560547,-14.188758850097656,6.407359600067139,-5.936691761016846,-14.751479148864746,-8.490363121032715,-20.528730392456055,-7.950311660766602,-4.564039707183838,-12.348552703857422,-6.9851460456848145,-0.37749481201171875,0.12392202524038462,0.017171062529087067,2695.1576352963225,2507.8025754850282,0.0
-567.3758544921875,76.70606994628906,-4.564689636230469,11.761882781982422,1.1039271354675293,-5.385300636291504,-5.278556823730469,-17.288116455078125,-2.730227470397949,-1.684592843055725,-8.443473815917969,-3.1420674324035645,0.6968238353729248,0.12246469350961539,0.00744221406057477,2538.617129975663,2456.9575147899127,2.0
-554.6828002929688,73.09983825683594,-7.955522060394287,15.033310890197754,1.6832771301269531,-5.279482841491699,-9.073515892028809,-15.679814338684082,1.7498430013656616,-1.3806113004684448,-12.173468589782715,-0.452516108751297,-1.2630276679992676,0.11175255408653846,0.008449511602520943,2513.2930814269057,2390.9145401381056,2.0
-546.6264038085938,69.87793731689453,5.6097025871276855,7.7729644775390625,2.902804374694824,-6.289740562438965,-3.9683480262756348,-12.0606107711792,0.3546709418296814,0.7368379235267639,-10.1200532913208,-1.9095412492752075,-2.1263182163238525,0.13743614783653846,0.007538558915257454,2818.0374655618966,2479.8321985432904,2.0
-503.1153259277344,40.02587890625,-2.695794105529785,7.2530951499938965,-0.7844159603118896,-7.703724384307861,-5.628351211547852,-11.004201889038086,4.052107334136963,-3.525700569152832,-11.36646556854248,2.520299196243286,-7.973462104797363,0.1893855168269231,0.011522175744175911,3507.3139213879267,2688.563844920163,2.0
-440.0966796875,45.18281173706055,-20.6082820892334,10.885766983032227,-3.833547830581665,-11.27780532836914,-11.80380630493164,-11.167993545532227,-0.9226843118667603,-7.156271457672119,-12.533122062683105,-2.477918863296509,-8.952593803405762,0.15113431490384616,0.019229333847761154,2951.978368507879,2490.3770316505515,2.0
-410.273681640625,47.00613021850586,-27.075712203979492,7.764458179473877,-7.555126190185547,-18.05075454711914,-15.485404014587402,-17.91987419128418,-5.976105690002441,-6.1911163330078125,-16.286008834838867,-4.50292444229126,-4.504642963409424,0.13683518629807692,0.03018615022301674,2640.793804227984,2276.763350942326,2.0
-448.76654052734375,52.40757751464844,-18.282394409179688,6.034574031829834,-6.390069484710693,-14.78242015838623,-12.853464126586914,-20.052207946777344,-3.7468721866607666,-6.169201850891113,-16.968252182006836,-2.1919326782226562,-10.18822956085205,0.15714017427884616,0.025902245193719864,2835.907334043068,2421.157538372787,2.0
-427.35125732421875,41.86022186279297,-16.950376510620117,-4.056169509887695,-10.104767799377441,-15.044687271118164,-10.874846458435059,-14.01764965057373,-9.87368392944336,-1.5387028455734253,-12.414074897766113,-5.910698890686035,-6.342682838439941,0.16259014423076923,0.032102879136800766,2987.563820621748,2426.0293283942533,2.0
-533.135009765625,45.585411071777344,-0.9424121379852295,8.225909233093262,1.9669198989868164,-7.064777851104736,-7.547307968139648,-9.82162857055664,-0.552520215511322,-1.50627863407135,-8.850168228149414,-2.9570701122283936,-3.993927478790283,0.1461688701923077,0.010606767609715462,2880.4709627875886,2761.9000483796553,0.0
-541.8251342773438,60.106964111328125,3.1235549449920654,9.520355224609375,1.279613971710205,-3.570699453353882,-6.60129451751709,-9.400174140930176,-4.522740840911865,1.026556134223938,-6.695197105407715,-4.503212928771973,0.38354068994522095,0.14556790865384617,0.010113382712006569,2761.1377931742327,2525.989157602086,0.0
-465.92633056640625,51.831321716308594,-5.268101215362549,2.013153553009033,-4.374242305755615,-7.130177021026611,-9.694480895996094,-11.148662567138672,-7.388223171234131,-0.9114986658096313,-13.108121871948242,-7.898870468139648,-3.2507760524749756,0.13478440504807693,0.023159213364124298,2728.8278551688154,2588.5167211086678,0.0
-542.7373657226562,64.5904541015625,6.126114845275879,7.087473392486572,0.8940035104751587,-7.7866315841674805,-8.953665733337402,-8.694979667663574,-2.8727660179138184,-1.4160616397857666,-10.813929557800293,-5.004380226135254,-1.265946388244629,0.13932917668269232,0.01195693388581276,2793.639882273156,2522.9838847356245,0.0
-447.9688720703125,51.530250549316406,-12.643616676330566,1.1484910249710083,-1.7710121870040894,-9.234768867492676,-7.405581951141357,-14.657698631286621,-11.884459495544434,-2.0734779834747314,-7.93080472946167,-8.414719581604004,-1.516676902770996,0.136669921875,0.02568904496729374,2630.361667172928,2505.252056361505,0.0
-456.06304931640625,44.17060089111328,-17.32237434387207,3.8741114139556885,-8.191757202148438,-11.240313529968262,-12.685588836669922,-12.545368194580078,-7.784212589263916,-4.560917854309082,-11.493287086486816,-7.801451206207275,-2.3496150970458984,0.13961463341346153,0.02898704819381237,2677.5100181059806,2468.2255717860235,0.0
-412.0909729003906,41.41785430908203,-7.861217498779297,-7.38594388961792,-2.248853921890259,-11.815324783325195,-8.491875648498535,-10.972168922424316,-12.333006858825684,-2.6078453063964844,-12.850320816040039,-11.337313652038574,-6.419134140014648,0.14420072115384616,0.04155026748776436,2965.7372549656297,2742.430968294813,0.0
-402.2659912109375,46.981815338134766,-8.373031616210938,-2.7722933292388916,-4.454463481903076,-10.310297012329102,-10.211883544921875,-13.439933776855469,-10.754154205322266,-0.3439764082431793,-10.161261558532715,-9.87861442565918,-4.143710136413574,0.1343036358173077,0.03296854346990585,2728.6673199564516,2571.2513356088634,0.0
-723.916259765625,64.256591796875,24.880773544311523,20.29034423828125,12.468755722045898,5.764773368835449,7.012581825256348,1.6886274814605713,0.06716425716876984,0.6696703433990479,4.0034098625183105,3.0183939933776855,-0.2669992744922638,0.1835712139423077,0.0018768657464534044,2664.1100497627604,2884.7485837130566,1.0
-691.6226196289062,63.839542388916016,21.956113815307617,16.838308334350586,11.296404838562012,6.301836967468262,7.153565406799316,1.0419024229049683,-2.0614349842071533,0.5998325347900391,3.675398349761963,1.0416903495788574,-1.342221975326538,0.18438626802884617,0.002590138465166092,2705.0694403064876,2899.027465043536,1.0
-689.6506958007812,60.244590759277344,23.595117568969727,21.4620361328125,11.222158432006836,5.6711931228637695,5.076105117797852,0.4972192049026489,-2.2550363540649414,1.173822283744812,2.6743040084838867,-0.99404376745224,-0.9187218546867371,0.18016451322115384,0.0023361630737781525,2634.257672093149,2822.2100378458576,1.0
-691.6888427734375,67.4798355102539,27.760190963745117,24.286062240600586,14.505558967590332,7.554865837097168,5.320173740386963,1.3462560176849365,-1.4118140935897827,3.029280662536621,5.870713233947754,0.2596680819988251,-0.9138655662536621,0.16546349158653847,0.0023945514112710953,2551.3825724610833,2792.5384919135004,1.0
-722.6744995117188,66.28172302246094,24.678993225097656,23.33812141418457,16.507883071899414,12.499136924743652,8.958507537841797,4.132096290588379,-0.4615398645401001,4.8947649002075195,6.2811279296875,1.723105549812317,-2.3852999210357666,0.13934044471153847,0.0012009692145511508,2678.8004372877454,2925.035497008418,1.0
-698.9764404296875,78.8404541015625,24.445425033569336,26.071943283081055,18.228538513183594,12.603282928466797,5.947656631469727,1.6679271459579468,-1.5936534404754639,2.922027587890625,4.695282936096191,0.480400025844574,-2.4296555519104004,0.12736253004807693,0.0014990667114034295,2331.0911983332185,2781.2604288528514,1.0
-690.7360229492188,69.05597686767578,26.005754470825195,22.946517944335938,10.291010856628418,10.050951957702637,3.1965324878692627,-2.5024421215057373,-1.032662272453308,2.4539108276367188,5.572813987731934,0.4326571524143219,-1.7885463237762451,0.18623422475961537,0.0021525132469832897,2728.832801473634,2748.598811633618,1.0
-680.4287109375,68.72432708740234,26.071699142456055,23.22430992126465,14.647480010986328,13.789681434631348,1.962607741355896,3.885071277618408,-4.522134780883789,2.0416038036346436,7.532110214233398,2.05814528465271,-4.0766777992248535,0.1298602764423077,0.0016429568640887737,2675.5736659646223,2717.551484659976,1.0
-684.7454223632812,74.67637634277344,23.36988067626953,22.389991760253906,18.412113189697266,7.79377555847168,3.3790829181671143,3.8740622997283936,-1.9924290180206299,2.944033622741699,7.2913031578063965,2.4041993618011475,-3.066117286682129,0.16851337139423078,0.001307350117713213,2663.014339973457,2681.983322585274,1.0
-701.3403930664062,60.40705871582031,18.294572830200195,25.0528507232666,15.107065200805664,10.828222274780273,4.425390720367432,4.8299102783203125,-1.3805420398712158,-0.24260300397872925,6.259022235870361,-0.7687617540359497,-3.46032452583313,0.1755596454326923,0.0011575572425499558,2868.3243310874022,2853.724978124769,1.0
-677.6162109375,67.61509704589844,24.948808670043945,22.507314682006836,16.258047103881836,9.056509971618652,4.506174087524414,3.4664993286132812,-2.1730992794036865,3.2729010581970215,7.656545639038086,1.5573657751083374,-2.4093589782714844,0.10999098557692308,0.0015872729709371924,2593.191736981774,2895.3740326965685,1.0
-675.1381225585938,71.0882339477539,23.043825149536133,23.76377296447754,14.744297981262207,9.062901496887207,4.199526309967041,1.9704068899154663,-2.082756519317627,0.6692066788673401,9.047164916992188,1.8381938934326172,-1.2269015312194824,0.12147310697115385,0.001865152851678431,2391.1354815034974,2660.6677121370108,1.0
-667.118896484375,59.85540008544922,12.787921905517578,13.26006031036377,9.747284889221191,5.036980152130127,0.6231330633163452,-3.6338675022125244,-2.315340280532837,-3.2098500728607178,3.6579394340515137,1.12562096118927,-2.199209451675415,0.1389685997596154,0.0035289227962493896,2546.3606786839814,2834.61889755776,1.0
-655.986328125,64.55511474609375,16.709888458251953,12.159683227539062,10.86078929901123,6.8625006675720215,0.7080331444740295,0.5660552978515625,-3.0259182453155518,-0.0063902633264660835,4.407738208770752,-0.11143171042203903,-0.7062602639198303,0.17003455528846154,0.0037925681099295616,2592.5805882735303,2824.8936666313584,1.0
-653.1032104492188,55.22261047363281,17.102256774902344,11.966533660888672,10.14324951171875,7.005612373352051,-1.430286169052124,-0.728667140007019,-4.527173042297363,-0.658430814743042,3.4131879806518555,0.1544458270072937,1.3963489532470703,0.1611853966346154,0.003852926194667816,2787.2576838743853,2807.286632883707,1.0
-639.9360961914062,55.890602111816406,18.359983444213867,13.772841453552246,9.292901039123535,3.2555222511291504,1.7859748601913452,-1.2222490310668945,-2.379805326461792,-3.9472501277923584,3.0514371395111084,-0.8572295904159546,-2.473019599914551,0.20516075721153845,0.004530382342636585,2899.8707613797783,2862.4826469155987,1.0
-440.4522705078125,57.36525344848633,3.0009264945983887,6.3545823097229,-1.5284465551376343,-2.348874092102051,-3.059494733810425,-0.765802800655365,-9.111815452575684,-7.273910045623779,2.053436517715454,-3.4986484050750732,-1.7952098846435547,0.14403545673076923,0.02113388478755951,2715.465591476633,2639.0899336908383,1.0
-451.9186706542969,51.587677001953125,1.640283465385437,8.239721298217773,2.419215679168701,-2.333902597427368,-1.010197401046753,-0.8257724642753601,-6.673535346984863,-3.7220849990844727,1.5290876626968384,-1.2639811038970947,-1.9508192539215088,0.14135366586538461,0.020249806344509125,2499.1506068229696,2657.0712340563796,1.0
-454.15911865234375,55.291866302490234,-4.588407039642334,1.8213474750518799,-5.085831165313721,-4.7868499755859375,-4.816483020782471,-6.544338703155518,-13.883380889892578,-9.80105209350586,-2.703253746032715,-5.396510124206543,-3.356214761734009,0.1473670372596154,0.02207285910844803,2700.372030290044,2406.238216000771,1.0
-491.36968994140625,49.71339416503906,6.2516937255859375,4.480061054229736,-1.3289071321487427,-1.0677882432937622,-5.0970587730407715,-4.204984188079834,-7.103537082672119,-9.192155838012695,-1.001043677330017,-2.645674467086792,-3.821643114089966,0.17852313701923078,0.016229478642344475,2554.6841505987186,2692.8603895189203,1.0
-677.5628051757812,59.67381286621094,17.546157836914062,20.996732711791992,14.278162956237793,7.444431781768799,4.196745872497559,4.2500505447387695,-3.0504310131073,1.6583075523376465,5.344322681427002,-0.3988439738750458,-0.846854031085968,0.15128831129807693,0.002046281471848488,2598.2404922270866,2941.728895266629,2.0
-672.4812622070312,72.07474517822266,26.40566062927246,27.11520767211914,15.211660385131836,7.892820358276367,6.013146877288818,3.033655881881714,-3.93753719329834,-2.1933796405792236,6.2038655281066895,1.6361750364303589,-0.5652729868888855,0.16307842548076923,0.002001198474317789,2423.72087369835,2698.4655327473,2.0
-666.5839233398438,63.23123550415039,24.916500091552734,21.201745986938477,6.556197166442871,6.724846839904785,2.9641010761260986,1.390126347541809,-2.831108808517456,-3.4971587657928467,3.897113084793091,-2.3120827674865723,-3.7011687755584717,0.18716947115384616,0.0024302341043949127,2827.6902852683193,2675.973047262879,2.0
-675.7965087890625,64.1865463256836,25.178159713745117,20.519027709960938,9.74644660949707,8.06196117401123,5.363229274749756,1.8723785877227783,-3.6181533336639404,-0.4859980642795563,3.77128529548645,-1.7595939636230469,-1.7675527334213257,0.1995868389423077,0.002769265789538622,2736.111847333396,2798.313827442472,2.0
-585.5780029296875,53.90919876098633,8.551340103149414,8.615104675292969,2.0218489170074463,3.314629554748535,-2.266669988632202,-2.3903141021728516,-5.591075897216797,-6.103104591369629,-0.4375869631767273,-1.459747552871704,-2.2498130798339844,0.19242788461538463,0.006537935696542263,2792.257417278563,2782.366072614912,2.0
-508.3771667480469,70.08415222167969,5.910526275634766,13.17220687866211,5.644055366516113,0.7088602185249329,-5.981033802032471,-4.925703525543213,-10.366462707519531,-7.4522504806518555,-1.925726056098938,-3.7555270195007324,-3.503394842147827,0.09699519230769231,0.011023538187146187,2314.1937621112675,2542.995606804616,2.0
-554.0531005859375,50.62478256225586,8.551655769348145,9.134804725646973,-0.3037273585796356,-2.384974956512451,-0.6633623838424683,-8.487736701965332,-9.985979080200195,-8.541693687438965,-3.61997652053833,-1.024641513824463,-5.452303886413574,0.21498647836538462,0.010098665952682495,2785.5110844278374,2669.869374410942,2.0
-515.1205444335938,45.73480987548828,9.516359329223633,11.276342391967773,-0.5407992005348206,1.1074399948120117,-2.4576237201690674,-7.758353233337402,-9.343863487243652,-9.999996185302734,-1.7932859659194946,-3.0235061645507812,-6.08815336227417,0.17288912259615385,0.00955151952803135,2850.3295567787823,2670.692373583968,2.0
-508.2825622558594,55.78331756591797,6.691261291503906,9.46265983581543,1.1438840627670288,-1.0271681547164917,0.9793825149536133,-1.5649346113204956,-6.38675594329834,-3.517328977584839,1.8816806077957153,-2.826338529586792,-2.723076343536377,0.14515474759615385,0.010532060638070107,2616.2254548225774,2752.280836742412,2.0
-553.6842041015625,56.84185791015625,14.84395694732666,13.200570106506348,2.3184890747070312,4.312298774719238,0.22810639441013336,0.6167746186256409,-6.657341957092285,-2.58721923828125,3.074314832687378,-3.237368583679199,0.3718746602535248,0.15184795673076923,0.006505152676254511,2682.758701221918,2751.361485386021,2.0
-508.31695556640625,51.29184341430664,4.571730136871338,7.05133056640625,-3.0283241271972656,1.2409120798110962,-0.9131974577903748,-3.617971658706665,-7.644289970397949,-7.085564613342285,2.0280776023864746,-4.797643661499023,-1.7916795015335083,0.1727276141826923,0.013528015464544296,2631.790088992493,2735.8284608576287,2.0
-488.0407409667969,58.72539138793945,8.626506805419922,8.836392402648926,-3.02608585357666,2.53287410736084,-3.31500244140625,-5.028340816497803,-7.891862392425537,-8.868075370788574,2.683213233947754,-6.780081272125244,-2.1079189777374268,0.15928485576923077,0.013445612043142319,2625.799615490622,2566.9872928365917,2.0
-416.5651550292969,40.9664192199707,0.6584437489509583,7.305865287780762,-4.824941158294678,-4.642171382904053,-2.2614352703094482,-0.023175518959760666,-6.57716178894043,-7.664329528808594,0.24624879658222198,-2.1137962341308594,-3.378699779510498,0.1756573016826923,0.02707592211663723,2894.2093933454535,2849.6728766630754,2.0
-317.24737548828125,37.06565856933594,-11.06458568572998,3.94441819190979,-15.951615333557129,-7.465526103973389,-7.735175132751465,-2.3925671577453613,-10.927281379699707,-10.691728591918945,-0.6235047578811646,-4.377594470977783,-4.3195366859436035,0.17520658052884616,0.06785235553979874,2887.0161699191917,2707.50805197806,2.0
-308.4840393066406,47.14421081542969,-3.6591379642486572,8.185230255126953,-11.060708045959473,-12.237215995788574,-1.5334486961364746,-1.5044312477111816,-9.194940567016602,-10.25808334350586,0.40713876485824585,-4.730880260467529,-3.2540695667266846,0.1449481670673077,0.06300400197505951,2750.86824839244,2585.0822466679065,2.0
-300.0690612792969,28.53843879699707,-10.633857727050781,0.8635830283164978,-16.668148040771484,-6.980052947998047,-3.1312637329101562,-3.7661542892456055,-9.62026309967041,-12.182845115661621,0.38323745131492615,-5.207869052886963,-6.306188106536865,0.1615948016826923,0.0761464461684227,3044.6197512439508,2726.9811502286716,2.0
-617.2586669921875,62.4036750793457,17.133153915405273,15.06015396118164,6.159057140350342,6.0027923583984375,3.4515163898468018,1.642519235610962,-4.316301345825195,-1.182392954826355,5.471088886260986,-0.6406672596931458,-0.19500873982906342,0.16734525240384615,0.003751961048692465,2727.77579764776,2859.1132423851377,0.0
-586.1129760742188,61.87738800048828,17.47480010986328,11.803183555603027,3.993098258972168,3.7311530113220215,4.05187463760376,1.6495884656906128,-5.322875022888184,-4.080895900726318,2.164760112762451,-0.4012191891670227,-1.4937312602996826,0.17589768629807692,0.0054988255724310875,2689.6137900182935,2845.2614720488586,0.0
-599.483642578125,56.986793518066406,11.368000030517578,12.078186988830566,6.1191630363464355,5.109667778015137,0.6548300385475159,-8.5031099319458,-7.412027835845947,-3.0520856380462646,0.48540931940078735,-1.9452677965164185,-2.088324546813965,0.1991473858173077,0.006533085834234953,2717.0723235705004,2767.27186888723,0.0
-594.8726196289062,57.10478973388672,11.772701263427734,10.388433456420898,5.533490180969238,4.09956693649292,1.3459314107894897,-5.321382522583008,-4.78816032409668,-2.697939872741699,0.8557446002960205,-1.4167135953903198,-3.173414707183838,0.21275916466346154,0.00650180596858263,2643.7749225510515,2770.1861676371063,0.0
-469.4397888183594,43.33003234863281,-5.429515838623047,5.849815845489502,-0.19393838942050934,-3.5359103679656982,-1.9406543970108032,-4.214230060577393,-11.016826629638672,-5.412505626678467,0.26333630084991455,-0.8337993025779724,-3.5534610748291016,0.1748722956730769,0.02137194573879242,2644.3369122140657,2690.5198835464785,0.0
-438.2310485839844,37.3303337097168,-4.041380882263184,5.4015936851501465,1.1049165725708008,-2.0994644165039062,-1.542330026626587,-2.479205846786499,-8.260302543640137,-2.578178882598877,-0.046115580946207047,-3.0038585662841797,-5.870681285858154,0.1500525841346154,0.025719041004776955,2751.3088245114973,2696.888710188727,0.0
-436.2186279296875,32.413116455078125,-7.586588382720947,2.498067617416382,-2.187507390975952,-4.9910430908203125,-2.5004043579101562,-7.8875908851623535,-11.460224151611328,-5.445916652679443,-0.847517192363739,-1.8981513977050781,-5.6724348068237305,0.18368389423076922,0.02757842279970646,2789.2899985267086,2667.252491940524,0.0
-424.0549621582031,31.558759689331055,-5.232783794403076,-0.5890530347824097,-4.461408615112305,-0.5998786091804504,-2.3554913997650146,-5.5597076416015625,-9.297788619995117,-5.709380626678467,0.31356704235076904,-1.8554470539093018,-4.206515789031982,0.15492788461538462,0.031171534210443497,2979.812809286648,2705.708263657578,0.0
-587.6812744140625,60.7833251953125,14.142776489257812,17.426475524902344,2.20957350730896,2.983833074569702,2.639671564102173,-2.570143461227417,-7.192221641540527,-4.735663414001465,5.27632474899292,-3.2307512760162354,-3.730214834213257,0.17518780048076923,0.004971140064299107,2733.51675887147,2719.870332789908,2.0
-571.2866821289062,59.66824722290039,11.175765037536621,17.305341720581055,4.645061492919922,0.49113112688064575,4.7850728034973145,-3.5163495540618896,-5.653573036193848,-3.4205963611602783,3.418393611907959,-3.3452842235565186,-1.6457289457321167,0.1720966045673077,0.006408466026186943,2746.3222681538655,2752.428148971147,2.0
-602.5248413085938,62.78064727783203,17.029924392700195,10.639595985412598,0.3203125,5.001331329345703,0.6212889552116394,-1.338051676750183,-2.6952059268951416,-4.479964256286621,4.843609809875488,-4.506744861602783,-2.289196729660034,0.19299879807692308,0.005124593619257212,2768.7803953854527,2687.834512313015,2.0
-561.638671875,72.81643676757812,21.30518913269043,11.876941680908203,-3.531355619430542,0.3738507926464081,0.3659747838973999,-2.321347951889038,-7.453794002532959,-7.249845027923584,3.1175124645233154,-6.33536958694458,-3.944671154022217,0.17065054086538461,0.006945242173969746,2604.5531773951757,2476.43872597757,2.0
-513.3525390625,57.52678680419922,8.880239486694336,16.831012725830078,0.8742713332176208,1.4247325658798218,1.0672721862792969,-3.586244583129883,-9.498209953308105,-3.5717215538024902,6.294765949249268,-3.075655937194824,-2.3540868759155273,0.17520658052884616,0.008252264931797981,2825.174688595014,2679.8814376572095,2.0
-537.8001098632812,60.029964447021484,9.979375839233398,13.11678695678711,2.875943183898926,-1.9812372922897339,0.3037165701389313,-0.9060725569725037,-10.308553695678711,-2.399228096008301,3.761422872543335,-5.958579063415527,-3.2741787433624268,0.1719012920673077,0.006426993757486343,2801.036669889917,2766.2397884807265,2.0
-543.5223388671875,72.45720672607422,17.83646011352539,8.512554168701172,-3.5985910892486572,1.064538598060608,1.1019951105117798,-5.731916904449463,-11.007100105285645,-8.445074081420898,3.7532172203063965,-4.504387855529785,-4.656361103057861,0.1577411358173077,0.008147555403411388,2566.646768110815,2613.502801497346,2.0
-500.03857421875,61.74325942993164,12.810820579528809,8.922289848327637,-4.378432273864746,-0.633217990398407,-1.0477099418640137,-4.9086432456970215,-7.216883182525635,-3.5067288875579834,2.0790016651153564,-4.992450714111328,-6.404634952545166,0.15628756009615385,0.00968641135841608,2667.535010253352,2619.0424597616047,2.0
-664.890869140625,43.917423248291016,12.75070571899414,9.01625919342041,5.07354211807251,5.07609748840332,1.810610055923462,-0.7871254682540894,-2.9555232524871826,-0.937082052230835,4.608219623565674,0.5362772941589355,-1.2403826713562012,0.2073692908653846,0.003467608941718936,2872.217648076583,3020.203908403246,0.0
-623.0729370117188,44.48045349121094,9.578789710998535,2.9231209754943848,1.253353476524353,1.4336920976638794,-2.114346981048584,-2.410705089569092,-4.129565238952637,-4.3939714431762695,0.6283234357833862,-2.167078971862793,-4.096060752868652,0.19746469350961537,0.005037524271756411,2905.4095053046362,2990.4528771656437,0.0
-570.8905029296875,45.8126220703125,10.020082473754883,8.902938842773438,2.5628888607025146,2.210264205932617,2.3875679969787598,-0.44613295793533325,-7.483933448791504,-3.2333757877349854,2.4564476013183594,-1.9687308073043823,-2.3493399620056152,0.14334810697115385,0.00909156259149313,2551.6318055708334,2810.1300044882023,0.0
-574.702392578125,46.38270568847656,1.8393464088439941,3.81008243560791,1.7404093742370605,3.4103598594665527,-1.6092474460601807,-8.255814552307129,-12.144375801086426,-2.985584020614624,2.3333687782287598,-2.5028395652770996,-2.1914854049682617,0.165802001953125,0.007159313187003136,2859.3697174258623,2877.81919117715,0.0
-586.5722045898438,37.90932083129883,4.393865585327148,7.105644226074219,2.0503995418548584,1.3224363327026367,-0.9705603718757629,-2.9377427101135254,-4.879717826843262,-2.9095256328582764,1.6034976243972778,-0.984484076499939,-3.5281593799591064,0.1404484675480769,0.0068685696460306644,2759.3413223545203,2912.1411875159106,0.0
-500.3979187011719,34.756591796875,3.0684165954589844,4.479947090148926,-2.476651668548584,0.17900073528289795,-2.2659847736358643,-0.40818914771080017,-7.560970783233643,-3.2473092079162598,1.9560821056365967,-3.2874388694763184,-5.153928756713867,0.18099083533653845,0.012121488340198994,2936.418729928246,2949.0427117158524,0.0
-539.9144287109375,35.61704635620117,4.0091986656188965,4.2967376708984375,-0.33230119943618774,1.6683517694473267,-3.136878490447998,-1.936042070388794,-8.33173942565918,-3.919442892074585,1.4672777652740479,-2.448899745941162,-4.078430652618408,0.1896259014423077,0.011654794216156006,2917.560348289819,2905.110443264189,0.0
-523.5797729492188,27.700946807861328,5.720545768737793,5.264212131500244,-1.5847392082214355,-0.149219810962677,-3.470700740814209,-0.9929677844047546,-8.842206001281738,-2.378791570663452,0.18492156267166138,-4.324112892150879,-4.97208833694458,0.21098257211538463,0.011205614544451237,3129.6121094434548,2951.832047460166,0.0
-653.9208374023438,64.15535736083984,-5.131977558135986,11.081987380981445,1.00340735912323,-6.629922866821289,-3.0462355613708496,-11.983945846557617,-12.526740074157715,-4.30042028427124,-7.785467147827148,-3.4519481658935547,-10.072043418884277,0.21002103365384617,0.003170770825818181,2957.018772973452,2481.8331446379975,1.0
-661.7440185546875,61.63194274902344,-4.324173450469971,12.30016040802002,2.740090847015381,-4.781303405761719,-2.3276290893554688,-9.773884773254395,-10.124083518981934,0.33388039469718933,-6.761075973510742,-4.262416362762451,-7.284213542938232,0.2903282752403846,0.00293169217184186,2915.8665514268964,2541.025400792324,1.0
-630.8154907226562,61.24066162109375,-3.2694039344787598,8.121583938598633,6.782060146331787,-5.986426830291748,-8.354632377624512,-15.860163688659668,-11.370628356933594,0.7603713870048523,-8.105853080749512,-2.8798491954803467,-9.940241813659668,0.21678560697115384,0.0040543777868151665,2912.6612984629924,2555.5048776926965,1.0
-643.2713012695312,54.079124450683594,2.091529369354248,5.473948955535889,3.6265182495117188,-4.902403354644775,-4.1914591789245605,-14.350685119628906,-5.445108890533447,-0.34284475445747375,-8.799970626831055,-3.4235613346099854,-8.569300651550293,0.27669771634615387,0.003667268203571439,3181.5907977589086,2732.0387599980254,1.0
-617.278076171875,60.22379684448242,-5.570501327514648,7.374860763549805,1.2193238735198975,-7.042856216430664,-1.9571105241775513,-10.496781349182129,-9.567105293273926,-4.982421875,-7.875528335571289,-1.0489003658294678,-10.093565940856934,0.2613093449519231,0.0037945546209812164,3024.3263012034195,2549.021864599295,1.0
-621.3583374023438,73.65656280517578,-4.967861652374268,11.674217224121094,3.776167154312134,-2.215388298034668,-2.1885321140289307,-12.882519721984863,-7.121072292327881,-6.122808933258057,-4.732841968536377,-0.1324496567249298,-12.68008041381836,0.20444711538461538,0.002997733885422349,2583.8309256865996,2536.4724122233856,1.0
-631.7239379882812,52.309059143066406,-7.202555179595947,5.500366687774658,2.9676294326782227,-7.816843032836914,-8.34870719909668,-14.427419662475586,-11.595549583435059,-5.464250087738037,-9.510723114013672,-4.291769027709961,-12.733553886413574,0.27901141826923076,0.0040961019694805145,3219.567911652497,2456.2733674171072,1.0
-637.1903686523438,53.99287414550781,-3.990940570831299,9.533740997314453,4.180246829986572,-5.931649208068848,-7.386427879333496,-15.112576484680176,-9.637786865234375,-4.465488433837891,-8.362808227539062,-3.1839046478271484,-12.895709037780762,0.31094125600961536,0.0036477523390203714,3079.8698179132207,2515.418916708162,1.0
-634.2205810546875,55.59416198730469,-6.877880573272705,10.970635414123535,-0.02758871205151081,-7.016417980194092,-4.242227077484131,-9.165404319763184,-12.146751403808594,-8.540726661682129,-7.5986809730529785,-1.8302465677261353,-11.921414375305176,0.2435847355769231,0.0032906229607760906,2985.0811299895195,2465.019868521393,1.0
-637.566162109375,69.54694366455078,0.5067299604415894,14.253352165222168,6.447574138641357,-4.227315425872803,-0.6409749984741211,-8.788476943969727,-10.009154319763184,-3.3756325244903564,-6.186223030090332,-1.8864367008209229,-10.297093391418457,0.2714017427884615,0.003280317410826683,2564.7231948473463,2476.7490255393805,1.0
-637.2710571289062,52.1611328125,1.064483404159546,4.253162384033203,1.631611943244934,-7.121679782867432,-6.492212295532227,-14.751376152038574,-7.177915096282959,-9.119626998901367,-6.57602071762085,-1.090165615081787,-14.401811599731445,0.3070838341346154,0.0038208081386983395,3237.935938079314,2608.355660531069,1.0
-635.53955078125,52.862159729003906,0.20452015101909637,5.375063896179199,-1.7834242582321167,-7.010200023651123,-7.410274982452393,-14.141966819763184,-8.9569673538208,-7.791060447692871,-10.459507942199707,-1.8265596628189087,-14.240531921386719,0.3047663762019231,0.003741881111636758,3105.414632126635,2532.872915519417,1.0
-558.0142822265625,62.14214324951172,-28.12619400024414,9.071972846984863,-1.775010108947754,-12.010936737060547,-4.984099388122559,-16.686365127563477,-8.499624252319336,0.1947302669286728,-7.105416774749756,-0.5546459555625916,-11.515167236328125,0.19912860576923078,0.007658606395125389,2882.5043753058894,2362.4862094868845,1.0
-555.666259765625,65.58113861083984,-21.442394256591797,8.092978477478027,1.952609896659851,-11.837275505065918,-3.412036895751953,-13.4864501953125,-9.311447143554688,1.7367167472839355,-5.753765106201172,1.7254948616027832,-9.318975448608398,0.23455528846153847,0.008032627403736115,2730.09243497481,2444.549119936135,1.0
-560.771484375,48.660884857177734,-16.460887908935547,5.805758476257324,-2.1476542949676514,-13.053297996520996,-9.285378456115723,-21.151235580444336,-11.646063804626465,-5.985652923583984,-10.188501358032227,-1.2609165906906128,-16.047948837280273,0.20336538461538461,0.006753583438694477,3202.7313931964322,2456.958952128511,1.0
-547.0657348632812,56.33391571044922,-22.51885223388672,6.193138122558594,0.677022397518158,-16.309696197509766,-8.74618148803711,-21.1906795501709,-11.00903606414795,-1.4367344379425049,-10.416952133178711,0.2709805965423584,-12.759505271911621,0.2382286658653846,0.009046216495335102,2963.0260556867192,2346.693450351731,1.0
-433.28106689453125,36.3726692199707,-27.83485984802246,4.9872283935546875,-4.653388500213623,-17.73944091796875,-2.68170428276062,-7.852560043334961,-11.734764099121094,0.32600638270378113,-5.923074245452881,0.8767949342727661,-7.220388412475586,0.22568359375,0.02833946980535984,3247.309384378857,2588.230769380674,1.0
-437.2242126464844,37.472084045410156,-24.538728713989258,7.51641321182251,-1.3335261344909668,-16.254106521606445,-1.8369808197021484,-5.572715759277344,-11.416833877563477,2.0522348880767822,-5.247351169586182,2.856508255004883,-5.74916934967041,0.22952974759615385,0.027491791173815727,3316.2437062024846,2558.5119826327455,1.0
-492.7391357421875,48.703521728515625,-27.21245574951172,2.57430362701416,-3.2406563758850098,-15.834970474243164,-8.883015632629395,-17.18858528137207,-13.600421905517578,0.7093145251274109,-13.17339038848877,-2.7027511596679688,-10.794480323791504,0.2238093449519231,0.015352876856923103,3242.1549667568997,2368.0675266847925,1.0
-410.6155700683594,38.614559173583984,-40.27763366699219,-9.35509204864502,-6.940338134765625,-25.039398193359375,-10.700092315673828,-15.928823471069336,-16.807388305664062,0.6301907896995544,-13.65964126586914,-1.6320834159851074,-7.346161365509033,0.21698467548076922,0.034536801278591156,2990.74778778728,2409.821644443878,1.0
-584.9042358398438,65.2718734741211,-15.178893089294434,4.986465930938721,0.4831714332103729,-9.110374450683594,-7.160947799682617,-14.566473007202148,-12.559906005859375,-2.5573508739471436,-7.133368492126465,-1.6621606349945068,-7.992923736572266,0.23968975360576922,0.006144902668893337,2711.2292077177417,2425.182031136668,2.0
-588.1781005859375,63.47743225097656,-13.721123695373535,8.381195068359375,3.075714349746704,-9.271183967590332,-7.813360214233398,-20.723735809326172,-12.64581298828125,0.7924063801765442,-9.882987022399902,-2.163007974624634,-10.395761489868164,0.22138671875,0.005481622647494078,2622.500120653095,2494.580484280985,2.0
-622.402587890625,43.71824645996094,-1.3222028017044067,5.010570049285889,2.08010196685791,-2.0083138942718506,-2.7004165649414062,-16.325132369995117,-6.613724708557129,-3.345095634460449,-5.48627233505249,1.697510004043579,-9.873177528381348,0.2940016526442308,0.003964177332818508,3321.7393463533317,2721.4066238824844,2.0
-598.9119262695312,53.40690994262695,-10.071964263916016,5.10533332824707,0.6329110860824585,-7.4765472412109375,-6.742239952087402,-21.14188003540039,-11.101592063903809,-4.459907054901123,-10.137229919433594,-0.4189006984233856,-10.88680648803711,0.2739971454326923,0.005169081036001444,3069.621196955893,2543.911837623938,2.0
-480.1240234375,54.17061233520508,-24.56452751159668,0.923727810382843,-7.491497039794922,-18.414772033691406,-9.4470796585083,-14.553948402404785,-17.638690948486328,2.565225601196289,-8.968338966369629,-0.845200777053833,-3.99711537361145,0.137841796875,0.017542937770485878,2445.2324625086403,2359.0120301851844,2.0
-447.1287841796875,47.610862731933594,-33.908775329589844,-8.038325309753418,-10.503095626831055,-22.08197593688965,-12.643167495727539,-20.683490753173828,-15.825654983520508,4.3613996505737305,-12.932902336120605,-1.692164659500122,-7.662527561187744,0.21059194711538462,0.02394840307533741,2933.460735158593,2370.930795758989,2.0
-491.7990417480469,38.429569244384766,-31.49005889892578,-9.536726951599121,-11.277076721191406,-19.712465286254883,-16.1770076751709,-18.945091247558594,-20.73234748840332,0.23344485461711884,-13.239542961120605,-6.650986671447754,-7.658514976501465,0.3119591346153846,0.017256740480661392,2998.7031528751545,2391.899672694663,2.0
-426.6569519042969,36.90073776245117,-28.074071884155273,-11.504552841186523,-9.160287857055664,-23.124372482299805,-13.86298942565918,-15.231047630310059,-19.220319747924805,2.9182090759277344,-11.450525283813477,-2.927932024002075,-5.915367126464844,0.22658128004807693,0.029839038848876953,3198.1041266583597,2442.329908250081,2.0
-542.07373046875,49.84395217895508,-6.4369916915893555,13.998169898986816,-3.295722246170044,-6.4226765632629395,-0.18834921717643738,-8.412118911743164,-9.352715492248535,-2.9958460330963135,-4.1812663078308105,-2.2401504516601562,-4.532920837402344,0.25297100360576924,0.007452167570590973,3269.496653722421,2471.817050204287,2.0
-529.5597534179688,62.712791442871094,-10.690816879272461,15.170021057128906,-2.3541767597198486,-8.689216613769531,-1.1737263202667236,-9.804498672485352,-11.35278034210205,-2.3937015533447266,-3.5742950439453125,-1.366668939590454,-5.044193744659424,0.20279822716346155,0.00887228362262249,2768.520468452942,2293.8518023159245,2.0
-584.2929077148438,53.65959548950195,0.5380809903144836,4.0876784324646,2.7284417152404785,-7.389568328857422,-6.847414970397949,-16.591110229492188,-8.938506126403809,-2.975970983505249,-10.608101844787598,-1.461081862449646,-11.082027435302734,0.3005821814903846,0.005577473435550928,3222.3118911599777,2645.566630699351,2.0
-553.4483642578125,50.44100570678711,-8.932639122009277,3.9715797901153564,-1.7387150526046753,-11.446802139282227,-6.944169521331787,-19.772438049316406,-10.434142112731934,-3.29193115234375,-10.930192947387695,-1.4736037254333496,-10.582327842712402,0.2441631610576923,0.006753605790436268,3316.345927703927,2463.6469900087345,2.0
-415.1654968261719,49.04509735107422,-12.201810836791992,-0.4674743711948395,-4.189786911010742,-10.070700645446777,1.204428791999817,-5.178454399108887,-8.255087852478027,0.7053938508033752,-5.807575225830078,-0.31917911767959595,-4.219786167144775,0.19055739182692308,0.02772154100239277,3008.2072509789423,2622.716805570269,2.0
-337.9079284667969,39.085548400878906,-25.29696273803711,-10.923584938049316,-8.481529235839844,-12.960516929626465,-1.5927485227584839,-7.408050537109375,-10.562519073486328,-1.9981098175048828,-8.977567672729492,-3.5811550617218018,-6.855602741241455,0.21260516826923076,0.060340460389852524,2867.8704701542083,2439.763906979017,2.0
-420.8668212890625,52.32847595214844,-11.503168106079102,-1.584999442100525,-2.589594602584839,-11.520197868347168,-0.47184500098228455,-11.989684104919434,-12.28632640838623,-1.151265025138855,-10.5295991897583,-0.2145051211118698,-6.477173805236816,0.32113882211538464,0.02753772772848606,3147.051157502703,2492.6696226693657,2.0
-364.9146423339844,48.5289306640625,-19.107580184936523,-14.295022964477539,-6.008707523345947,-12.374618530273438,-3.5487265586853027,-9.482970237731934,-13.16012191772461,2.196201801300049,-5.947754859924316,-5.564613342285156,-7.42423677444458,0.22933443509615384,0.04947367310523987,3001.7778450089313,2289.27407887543,2.0
-502.38580322265625,50.0328369140625,-11.710823059082031,6.789242267608643,-1.4944324493408203,-7.382440567016602,-8.928277015686035,-14.04836654663086,-3.0964767932891846,0.025240618735551834,-6.76370906829834,-0.3683907091617584,-4.566307544708252,0.1850360576923077,0.010878780856728554,2868.267189572327,2662.716864656052,0.0
-506.3689270019531,48.739654541015625,-14.993755340576172,7.956293106079102,-0.4584383964538574,-8.034215927124023,-7.80213737487793,-15.06273365020752,-6.035065174102783,2.787438154220581,-7.99333381652832,-3.1112112998962402,-4.6676344871521,0.21859600360576922,0.01036568358540535,3015.421052599298,2534.3482848037706,0.0
-556.9130859375,44.30781936645508,-14.225227355957031,5.631506443023682,-3.7505171298980713,-10.419273376464844,-10.174177169799805,-21.54893684387207,-5.213571548461914,-1.5349724292755127,-10.366111755371094,-2.887991428375244,-9.963574409484863,0.2569749098557692,0.006729231681674719,3303.1389750636845,2675.6222555984887,0.0
-557.1397705078125,41.50383377075195,-11.188603401184082,3.710158348083496,-2.3004567623138428,-10.758925437927246,-11.5694580078125,-17.996252059936523,-5.555849552154541,-0.6293708682060242,-10.75322437286377,-3.6563668251037598,-7.789682388305664,0.2240234375,0.0077184950932860374,3344.7174095420087,2764.4867548244065,0.0
-396.5078125,38.37952423095703,-26.488361358642578,-4.758666038513184,-5.4334821701049805,-15.215373039245605,-7.3643903732299805,-12.700334548950195,-10.978970527648926,7.131078243255615,-9.266201972961426,-4.426562309265137,-4.929825305938721,0.20616361177884615,0.0400623120367527,2939.901781142229,2636.1243480398584,0.0
-359.1012878417969,31.32552719116211,-33.129390716552734,-12.301249504089355,-9.300419807434082,-15.361495018005371,-8.976862907409668,-15.96888542175293,-15.67937183380127,0.4035109281539917,-8.44591999053955,-0.07597597688436508,4.726564884185791,0.158447265625,0.05194290354847908,2859.0901980570743,2369.377504768751,0.0
-399.5326843261719,33.80040740966797,-22.83493423461914,-11.486591339111328,-8.796234130859375,-14.316051483154297,-12.871103286743164,-21.163829803466797,-13.334405899047852,-1.9164156913757324,-11.034557342529297,-1.8154219388961792,0.6774489283561707,0.21189528245192307,0.037547726184129715,3171.996924634497,2653.608518537952,0.0
-387.4348449707031,30.76576042175293,-33.292118072509766,-12.171141624450684,-11.191405296325684,-14.767197608947754,-10.021285057067871,-17.45721435546875,-19.164287567138672,-1.6175483465194702,-12.058805465698242,-1.6794546842575073,4.185338497161865,0.18025090144230768,0.043630365282297134,3070.703907717058,2527.3215326962677,0.0
-576.876220703125,57.32269287109375,-13.671103477478027,13.224136352539062,-0.043845660984516144,-5.658828258514404,-8.5895357131958,-16.75450897216797,-1.543698787689209,1.9850064516067505,-10.5811767578125,1.4412132501602173,-6.15880823135376,0.19305889423076922,0.004935172386467457,3270.4732199069326,2501.4196455611063,2.0
-563.2245483398438,75.63084411621094,-18.60589599609375,18.15042495727539,-1.1984463930130005,-5.943725109100342,-6.513148784637451,-20.98838233947754,-10.217574119567871,1.2632161378860474,-10.640005111694336,0.8059667348861694,-8.9886474609375,0.12874474158653845,0.0057232994586229324,2415.9826946725234,2282.4613747699004,2.0
-608.548583984375,56.916812896728516,-9.530817031860352,2.8953280448913574,-0.6980772614479065,-5.836156368255615,-10.604327201843262,-19.3051700592041,-5.519421100616455,-0.7960644960403442,-8.902921676635742,-3.162914514541626,-9.817313194274902,0.2641038161057692,0.004599627573043108,3332.519154367528,2508.653074078827,2.0
-587.5455322265625,61.414512634277344,-4.70859432220459,2.8580615520477295,-1.702290654182434,-5.804180145263672,-8.698820114135742,-17.93170166015625,-2.8877038955688477,-0.06062357872724533,-7.923890113830566,-0.4163491725921631,-12.439068794250488,0.28137394831730766,0.004732610657811165,3293.8375025122855,2528.8167859582722,2.0
-499.21832275390625,55.53401184082031,-20.391145706176758,8.474812507629395,-3.7070462703704834,-12.1774320602417,-14.174209594726562,-15.636774063110352,-6.139138698577881,2.559084177017212,-12.268742561340332,-4.152162551879883,-5.892249584197998,0.20188927283653846,0.009048025123775005,3065.747073840564,2372.984646703396,2.0
-494.2200012207031,41.6473388671875,-15.215852737426758,5.49739408493042,-5.3755784034729,-12.951172828674316,-9.912081718444824,-17.656681060791016,-15.482921600341797,-4.37576961517334,-11.497103691101074,-5.498958110809326,-12.026290893554688,0.234375,0.011784076690673828,2837.475215452244,2399.5986183646905,2.0
-476.0074157714844,31.877246856689453,-14.245597839355469,5.075587749481201,-2.7673146724700928,-18.455339431762695,-16.29913330078125,-20.1103458404541,-4.046372413635254,-0.009775909595191479,-15.753776550292969,-2.2587780952453613,-8.927079200744629,0.29187575120192305,0.015227355994284153,3546.8928583070233,2422.747709963826,2.0
-480.6587829589844,39.548805236816406,-14.676420211791992,-4.085282802581787,-4.122912406921387,-14.59511947631836,-11.878596305847168,-19.02876853942871,-15.241523742675781,-0.49453336000442505,-16.893503189086914,-1.5954866409301758,-12.863603591918945,0.2584021935096154,0.016438579186797142,3165.6881619913047,2396.0805880779535,2.0
-592.593994140625,56.89327621459961,-14.375937461853027,4.3153862953186035,-1.2876591682434082,-11.782894134521484,-7.7274322509765625,-15.52835750579834,-7.201371669769287,-1.4616878032684326,-11.872590065002441,-3.009734630584717,-8.978753089904785,0.27020357572115383,0.005822925828397274,3170.5016293842546,2530.7109100880843,0.0
-563.47509765625,56.606651306152344,-9.087024688720703,5.069194316864014,1.3641722202301025,-6.25192403793335,-5.591050148010254,-9.584136962890625,-8.546234130859375,2.5165913105010986,-7.639978885650635,-1.359010934829712,-6.544350624084473,0.19685246394230768,0.006857104133814573,3098.616999604037,2561.8547843311635,0.0
-588.6402587890625,47.907737731933594,-9.603515625,5.676230430603027,-0.5258969664573669,-7.745022296905518,-6.92000150680542,-16.064678192138672,-7.352443695068359,-4.145834922790527,-8.576432228088379,-1.9683328866958618,-9.764355659484863,0.3126089242788462,0.006919061299413443,3259.3034150950757,2652.8080854442837,0.0
-572.3584594726562,49.93095016479492,-7.15955114364624,2.559688091278076,-1.5831865072250366,-10.654582977294922,-9.607421875,-21.30786895751953,-10.105669975280762,-5.399603843688965,-10.4607515335083,-0.9976828694343567,-13.710432052612305,0.28543419471153847,0.007958495058119297,3042.7789883508435,2617.7687333158074,0.0
-509.00433349609375,54.23697280883789,-15.687959671020508,0.6985605359077454,-2.5677523612976074,-11.523499488830566,-11.295267105102539,-17.351154327392578,-5.107384204864502,-0.6764505505561829,-7.051675796508789,-0.953765869140625,-11.443836212158203,0.16192157451923078,0.010354647412896156,2717.9401979145136,2339.8974826576723,0.0
-483.51116943359375,47.712188720703125,-22.431629180908203,2.8939096927642822,-5.984924793243408,-15.231701850891113,-11.951648712158203,-17.936891555786133,-5.622660160064697,-0.5963179469108582,-8.060041427612305,-3.851591110229492,-12.827877044677734,0.20021033653846154,0.013247587718069553,2986.726217404332,2565.2372429131487,0.0
-504.1071472167969,55.025299072265625,-9.578078269958496,0.4303162693977356,-3.3581392765045166,-13.024601936340332,-11.54000473022461,-16.5456485748291,-7.915655136108398,1.1248542070388794,-13.55705738067627,-1.7322077751159668,-7.387400150299072,0.24894080528846155,0.012188232503831387,3054.1282090261793,2468.872662580103,0.0
-524.9511108398438,47.272891998291016,-12.231423377990723,-8.452651023864746,-5.6107258796691895,-14.679489135742188,-14.97500228881836,-18.87105941772461,-10.57974624633789,-1.5800700187683105,-14.534692764282227,-4.339714050292969,-14.188064575195312,0.23475811298076923,0.01046981941908598,3171.2733594578904,2463.4463057419202,0.0
-726.696044921875,68.31655883789062,2.9968550205230713,11.322084426879883,10.438183784484863,1.5116974115371704,-1.3564643859863281,-2.3165409564971924,-4.846571445465088,0.817467212677002,1.9464691877365112,-1.5176994800567627,4.5193023681640625,0.3184119591346154,0.0019994566682726145,2987.9830443334827,2697.022770620707,1.0
-716.711669921875,69.61723327636719,4.795114994049072,10.606110572814941,8.922231674194336,3.0998778343200684,-2.2333648204803467,-3.609363555908203,-4.250159740447998,1.845330834388733,1.7916338443756104,-1.690014362335205,5.411228179931641,0.31394981971153846,0.0020907691214233637,2938.8563357772555,2664.3443995894945,1.0
-716.1092529296875,60.51341247558594,2.531428337097168,9.042753219604492,10.046215057373047,3.936245918273926,-2.611835479736328,-5.712728977203369,-5.191685199737549,1.4648382663726807,2.9854326248168945,-2.4371910095214844,5.424336910247803,0.3231708233173077,0.002031399169936776,3051.75100610574,2785.20743351283,1.0
-698.646484375,58.04292678833008,-1.7835376262664795,11.374320030212402,6.977651596069336,2.8738062381744385,-3.346332311630249,-5.163817405700684,-8.608257293701172,1.9346026182174683,2.063572883605957,-4.273131370544434,5.234587669372559,0.3244816706730769,0.0025494685396552086,3137.3172092240957,2741.72026461684,1.0
-711.6336059570312,87.427734375,6.897157669067383,17.129758834838867,13.732718467712402,4.768049716949463,-1.606432318687439,-5.424277305603027,-5.034769535064697,0.929860532283783,-1.3183928728103638,-3.593907356262207,8.580049514770508,0.23645582932692308,0.0017712862463667989,2579.2848103510246,2612.6888236577674,1.0
-724.994140625,78.14173889160156,3.6192753314971924,13.35201358795166,10.945289611816406,4.023662090301514,-1.1862983703613281,-2.694486618041992,-4.227611064910889,-0.5546534657478333,-1.3582853078842163,-3.863328695297241,8.315116882324219,0.30052584134615384,0.0018798108212649822,2928.0659247281724,2641.1855117008586,1.0
-716.5031127929688,70.01183319091797,13.734525680541992,13.280118942260742,12.256173133850098,5.434414863586426,1.5735124349594116,-4.752412796020508,-4.553857803344727,2.744279384613037,0.46184080839157104,-3.503901481628418,6.686008930206299,0.25729041466346153,0.0016974220052361488,2817.5536798086177,2772.073145439356,1.0
-729.8632202148438,64.62952423095703,8.52791690826416,13.229140281677246,9.263225555419922,3.53357195854187,0.5517962574958801,-6.478725910186768,-4.69291353225708,2.585742712020874,0.6076931953430176,-1.236327886581421,6.2950897216796875,0.30647145669291337,0.0015906542539596558,3110.5962355953784,2809.37802152251,1.0
-733.5736694335938,73.43521881103516,7.484130859375,13.700353622436523,14.035491943359375,5.441399574279785,-0.7924374938011169,-4.713828086853027,-5.354246139526367,3.5857276916503906,3.4333136081695557,-1.282631516456604,4.4217047691345215,0.2976825420673077,0.0016396231949329376,2965.5659208195816,2730.4207396633788,1.0
-702.3323364257812,72.95729064941406,0.7580735087394714,8.305909156799316,12.189003944396973,4.041882038116455,-0.9091861248016357,-4.616185188293457,-7.541203498840332,0.08977116644382477,3.106454610824585,-2.522017002105713,4.232518196105957,0.31600811298076925,0.0022257640957832336,2779.119536494924,2649.287886680032,1.0
-711.4437866210938,59.387508392333984,2.3157410621643066,12.316400527954102,10.619176864624023,2.965657949447632,0.9142642617225647,-6.6026387214660645,-6.543787002563477,3.1891443729400635,3.096315860748291,-1.2436373233795166,5.909614562988281,0.3190617487980769,0.00197088741697371,3095.264695408301,2766.6610146968737,1.0
-716.1215209960938,64.03385162353516,0.2463446408510208,11.138422012329102,8.625997543334961,1.0922777652740479,1.1044504642486572,-5.334356307983398,-7.5262932777404785,1.920279860496521,0.7573570609092712,-0.5495884418487549,5.427297592163086,0.3030048076923077,0.002077172975987196,3047.095048984682,2710.428104439851,1.0
-656.9874877929688,64.34705352783203,-6.920005798339844,10.555179595947266,8.624676704406738,0.262968510389328,-4.4137187004089355,-4.990110397338867,-9.125661849975586,1.8527376651763916,1.4344050884246826,-4.098120212554932,5.544687271118164,0.28148662860576923,0.003792308736592531,2843.116045915687,2671.545030088422,1.0
-661.826171875,63.826263427734375,-5.531877040863037,9.234113693237305,9.664777755737305,1.2052993774414062,-5.132645130157471,-3.9721462726593018,-10.03336238861084,0.630362868309021,2.1527998447418213,-4.917340278625488,4.7906813621521,0.28245943509615384,0.003588646650314331,2891.05689527783,2666.5639165560005,1.0
-654.8007202148438,56.37613296508789,-1.5602092742919922,9.754836082458496,4.933060169219971,3.814113140106201,-6.47628927230835,-5.429190635681152,-9.632384300231934,0.1692081242799759,0.8354414105415344,-3.7216720581054688,5.27684211730957,0.27852689302884615,0.00345399952493608,3007.6296640672836,2757.270117974976,1.0
-631.1065673828125,57.313018798828125,-3.1792821884155273,10.245742797851562,2.5974016189575195,5.085771083831787,-10.882442474365234,-7.784573078155518,-8.878292083740234,-3.2040212154388428,2.248940944671631,-7.018092155456543,4.052199840545654,0.27111253004807695,0.004741653334349394,3039.4990417933054,2729.8817464474796,1.0
-561.3455810546875,64.27916717529297,-11.239614486694336,11.628173828125,10.0079927444458,0.6500236988067627,-11.39098834991455,-4.495546340942383,-9.151248931884766,0.03358295187354088,1.1846266984939575,-9.388264656066895,4.677801609039307,0.23099834735576924,0.00613155122846365,2772.756078412868,2534.6648645773917,1.0
-494.4609375,60.06966018676758,-10.501312255859375,3.3531222343444824,-1.6147812604904175,-1.315072774887085,-19.9766788482666,-6.78759765625,-12.116911888122559,-6.678874492645264,-0.6326332092285156,-10.42530345916748,-1.9598982334136963,0.2043682391826923,0.014180988073348999,2816.8666257732243,2597.4339655389354,1.0
-506.4840087890625,39.00299835205078,-7.695281028747559,-0.8324728012084961,-8.259243965148926,0.8606932759284973,-18.217844009399414,-8.810513496398926,-10.40227222442627,-6.614770412445068,-1.6557258367538452,-8.84175968170166,-2.5303430557250977,0.24938025841346154,0.013792318291962147,3240.3440523179975,2738.123462815015,1.0
-528.3338623046875,44.704383850097656,-8.212939262390137,0.4575982391834259,-7.536202907562256,0.8586738109588623,-15.638925552368164,-7.679672718048096,-9.387388229370117,-5.485872268676758,-0.9052694439888,-7.492027282714844,-2.596374988555908,0.26943359375,0.01366614829748869,3049.1593249211555,2735.968739763057,1.0
-684.3631591796875,84.0623550415039,17.776811599731445,15.737616539001465,11.70570182800293,4.460249423980713,-1.190751314163208,-4.460714817047119,-2.4357736110687256,0.6508311033248901,2.6500353813171387,-2.5267889499664307,2.687610626220703,0.22016977163461537,0.002410563873127103,2444.601029902316,2576.3975681688617,2.0
-692.32958984375,83.47200775146484,12.361913681030273,15.470988273620605,12.496755599975586,4.51633358001709,-8.176429748535156,-7.296059608459473,-2.8489346504211426,0.01688414439558983,1.027937412261963,-5.664530277252197,3.438688039779663,0.2395545372596154,0.0020809343550354242,2613.0178215859933,2508.343926572103,2.0
-703.4266967773438,77.65485382080078,10.84841537475586,12.321756362915039,11.419598579406738,3.580993890762329,-4.667985439300537,-5.414392948150635,-1.9755229949951172,-1.001377820968628,0.8126780390739441,-2.710080862045288,2.9290802478790283,0.26324744591346155,0.002139078453183174,2767.193519257062,2615.114094958601,2.0
-691.6390991210938,72.87861633300781,10.68282699584961,10.59011459350586,7.954706192016602,1.7925546169281006,-6.496312618255615,-6.733467102050781,-4.299157619476318,-0.1446869820356369,0.08117981255054474,-4.289958477020264,5.282843112945557,0.2861628605769231,0.002217615023255348,2772.135424779537,2588.0671777480875,2.0
-651.51611328125,75.4702377319336,0.5390167832374573,14.647199630737305,8.290511131286621,-0.005809842608869076,-8.247304916381836,-6.888047695159912,-5.21939754486084,-2.6859219074249268,-0.21469013392925262,-4.9777936935424805,4.7123188972473145,0.22471078725961538,0.003727403935045004,2610.0399759267843,2519.115324537637,2.0
-663.3569946289062,65.95668029785156,8.372211456298828,16.71646499633789,8.544022560119629,2.171624183654785,-7.9332990646362305,-4.883998394012451,-1.2386823892593384,-2.100193977355957,0.590047299861908,-3.1547634601593018,2.3154733180999756,0.2548302283653846,0.002660089172422886,2739.0564706564146,2599.7404927501825,2.0
-668.966064453125,75.45365142822266,14.131449699401855,8.463180541992188,8.927227020263672,2.2775416374206543,-3.051097869873047,-4.809695720672607,-4.793561935424805,-3.1706721782684326,2.302128314971924,-3.8055074214935303,5.058894634246826,0.22353515625,0.0029927880968898535,2734.9148121208596,2657.4487360562002,2.0
-710.7819213867188,65.39124298095703,19.622821807861328,17.148752212524414,13.69055461883545,5.215619087219238,0.2705390453338623,-1.6078118085861206,-0.8133553266525269,-1.5533264875411987,2.167841911315918,-1.7833963632583618,3.1511588096618652,0.25250901442307694,0.0020938620436936617,2810.852496433016,2765.328216827736,2.0
-592.9697265625,63.76487350463867,-4.861358642578125,13.164859771728516,4.217467784881592,-3.04892897605896,-2.926504611968994,-4.763983726501465,-11.080878257751465,-2.6697754859924316,-2.390294313430786,-5.20546817779541,6.542824745178223,0.24556790865384615,0.006125773303210735,2865.243490104904,2616.972651269799,2.0
-542.8329467773438,57.75550079345703,-6.768430709838867,9.444798469543457,0.6293637752532959,-3.3321986198425293,-4.745855808258057,-5.642429828643799,-11.29096508026123,-2.098104953765869,-2.1567020416259766,-6.101017475128174,4.488633155822754,0.2397723858173077,0.008520152419805527,2870.8094939933803,2636.323551620721,2.0
-541.0803833007812,59.28462219238281,-6.021522045135498,12.111518859863281,4.579749584197998,-2.308577537536621,-6.094860553741455,-5.371457099914551,-18.102441787719727,-2.1170456409454346,-2.9969005584716797,-7.804683208465576,5.022972583770752,0.254638671875,0.00843319296836853,2841.6066282446154,2540.694370509139,2.0
-541.3402099609375,51.84423065185547,-7.773250579833984,9.20854663848877,0.9591036438941956,-3.539409637451172,-7.0790114402771,-7.994987487792969,-15.698726654052734,-3.590562105178833,-3.4559247493743896,-8.268946647644043,2.7509994506835938,0.26455078125,0.010021590627729893,2905.204732181001,2619.06786601944,2.0
-328.6210632324219,22.831417083740234,-15.60572338104248,-1.8932725191116333,-11.906189918518066,-6.331637859344482,-12.743874549865723,-6.0931396484375,-10.909268379211426,-4.9528961181640625,-0.8501894474029541,-6.8427019119262695,-3.7568368911743164,0.2198993389423077,0.06313129514455795,3137.5285573859646,2775.467993276615,2.0
-390.77398681640625,42.451969146728516,-6.655849456787109,11.765151977539062,2.4417943954467773,-7.700091361999512,-8.925406455993652,0.11028268933296204,-9.683063507080078,-0.9429460763931274,-0.586879312992096,-7.3197503089904785,-0.41982561349868774,0.18949819711538463,0.030370017513632774,2891.656425416903,2736.840494783231,2.0
-363.58984375,28.446807861328125,-16.468591690063477,-4.453588008880615,-12.354448318481445,-5.0805511474609375,-14.46323013305664,-7.393332004547119,-13.771812438964844,-6.146596431732178,-0.20958152413368225,-5.444110870361328,-1.7292835712432861,0.27190880408653845,0.049242377281188965,3326.7265015468715,2795.1776368712754,2.0
-276.6834716796875,7.265584468841553,-19.60076332092285,-6.479949951171875,-22.22422981262207,-6.415866374969482,-17.329389572143555,-7.192142486572266,-11.7352876663208,-8.214799880981445,-0.8648056983947754,-7.04284143447876,-8.19629192352295,0.2278771033653846,0.1157204881310463,3547.365585802695,2824.8368711546555,2.0
-671.2766723632812,57.736610412597656,5.4653425216674805,10.759181022644043,8.139323234558105,1.4598385095596313,-6.470774173736572,-0.8630143404006958,-3.725146532058716,0.10910163074731827,0.7274728417396545,-4.874034404754639,2.336103677749634,0.3173527644230769,0.0031508528627455235,2998.478149698144,2784.299241774395,0.0
-692.2777709960938,55.81884765625,11.859682083129883,14.489640235900879,9.127278327941895,4.869659900665283,-2.5408642292022705,1.7506308555603027,0.41638699173927307,1.6424702405929565,2.3166136741638184,-1.8834214210510254,2.0852737426757812,0.25481520432692306,0.0022350733634084463,2953.0869738868478,2910.868040816376,0.0
-618.6837768554688,51.633480072021484,5.055177688598633,9.78494930267334,7.034683704376221,1.2370285987854004,-5.294225215911865,-1.4375274181365967,-6.293622016906738,-0.8699710965156555,0.28274160623550415,-4.9504852294921875,4.005270481109619,0.29327298677884617,0.004518058616667986,3045.6335553004956,2792.444449989431,0.0
-621.759033203125,62.088294982910156,6.472707748413086,12.460711479187012,6.9865875244140625,3.497545003890991,-4.6267476081848145,-0.3309266269207001,-6.113211631774902,3.2846384048461914,3.6791915893554688,-1.6379854679107666,6.222176551818848,0.21352163461538462,0.0048615592531859875,2581.04012056536,2656.5738671205304,0.0
-650.1375122070312,57.8458251953125,8.7364501953125,11.146920204162598,5.5112528800964355,1.9110623598098755,-5.078580379486084,-0.7104291915893555,-3.6529266834259033,-0.9004639983177185,1.1073399782180786,-4.7583184242248535,1.2305032014846802,0.31280799278846155,0.0036959629505872726,2994.5684652299574,2780.631877235731,0.0
-482.55010986328125,34.36337661743164,-5.655808448791504,2.794442653656006,-3.0917396545410156,-5.277602195739746,-12.282071113586426,-3.6094741821289062,-5.3042449951171875,-6.440779209136963,-1.9662259817123413,-5.947979927062988,-3.2002272605895996,0.2228327824519231,0.018099145963788033,2972.2676032170784,2849.1546798996183,0.0
-469.364501953125,42.57184982299805,-3.158362865447998,0.7327077984809875,-4.401551723480225,-6.319657802581787,-12.02353286743164,-4.31049919128418,-11.359078407287598,-5.361042499542236,-2.4846107959747314,-8.249397277832031,-2.1468751430511475,0.23150540865384617,0.016216300427913666,3055.117854578788,2797.403574381353,0.0
-638.301513671875,55.28236770629883,5.499447822570801,11.804614067077637,8.018410682678223,2.8218655586242676,-4.289247512817383,-0.5734720826148987,-6.527993679046631,-0.20068582892417908,-1.0145812034606934,-4.742457389831543,2.5020804405212402,0.2615572415865385,0.004076572600752115,2945.740018115158,2764.1157908290893,0.0
-728.6279907226562,72.54010772705078,4.3910956382751465,16.019685745239258,10.439850807189941,3.176187753677368,0.7027409672737122,-2.8854660987854004,-3.186065673828125,2.8177881240844727,0.6754636168479919,0.1289091855287552,6.734103202819824,0.26473858173076925,0.0017894842894747853,2928.108108026982,2727.2845954528084,2.0
-727.4544677734375,72.70557403564453,4.80661153793335,17.45904541015625,6.878026008605957,2.360480546951294,0.44204238057136536,-3.2044014930725098,-2.0264763832092285,2.978895425796509,2.217491626739502,-0.1553804874420166,6.37389612197876,0.32559344951923075,0.0017960150726139545,2981.0121153361333,2675.8175459124127,2.0
-707.2071533203125,73.46659088134766,10.45698070526123,13.578429222106934,11.329076766967773,3.907881498336792,-1.9702177047729492,-2.9861888885498047,-1.5990583896636963,1.9085606336593628,2.289515972137451,-1.072422981262207,5.225119590759277,0.3147986778846154,0.002126647625118494,3006.2630432353194,2693.496248178901,2.0
-697.3948974609375,67.0283203125,9.32895278930664,11.504989624023438,4.931492805480957,1.4314887523651123,-4.965573310852051,-2.4945170879364014,-2.674778938293457,-0.6152225732803345,2.231123924255371,-1.7013846635818481,4.033695220947266,0.3264986478365385,0.0023072075564414263,3115.707059680666,2669.1380377703763,2.0
-617.99951171875,61.6790657043457,7.618217468261719,12.032222747802734,5.868437767028809,-1.801865577697754,-6.093677043914795,-1.947837471961975,-2.7793476581573486,-0.10068148374557495,0.5225766897201538,-3.5813701152801514,1.5635625123977661,0.25763221153846155,0.003993787337094545,2955.977347101223,2697.522616084427,2.0
-580.5227661132812,79.9244613647461,3.7508087158203125,14.236531257629395,3.9105303287506104,-1.2742595672607422,-6.7157721519470215,-8.315763473510742,-5.508711338043213,-1.0625675916671753,-0.5048341155052185,-3.5900912284851074,4.963730812072754,0.17109375,0.005670649465173483,2356.5181769920177,2418.3017786373343,2.0
-688.86572265625,76.47721099853516,14.856698989868164,10.980544090270996,6.479032516479492,3.2749154567718506,-0.1095714271068573,-3.663196563720703,-3.419750928878784,-0.5000185370445251,0.7360950112342834,-0.8038442730903625,5.932499408721924,0.28741736778846155,0.0023742015473544598,2889.171827147005,2621.7208598944308,2.0
-635.6552734375,75.58143615722656,4.725364685058594,10.072528839111328,3.53071665763855,0.17456911504268646,-4.4274516105651855,-4.442236423492432,-6.016633987426758,-2.211838960647583,2.764207124710083,-4.011872291564941,4.478614807128906,0.252294921875,0.0034437188878655434,2715.228350040351,2531.8372919323174,2.0
-588.1677856445312,61.71100616455078,-3.109833002090454,3.21482515335083,-2.2765347957611084,0.08719564229249954,-12.446296691894531,-8.682144165039062,-6.921040058135986,-3.8613662719726562,-1.8058079481124878,-5.356173992156982,-0.06721772253513336,0.24065880408653847,0.007639314513653517,2847.995913349778,2629.1007506982,0.0
-668.1364135742188,53.60166549682617,-0.025392914190888405,2.62522292137146,0.5754227042198181,2.427258253097534,-6.785674095153809,-3.829434394836426,-7.984390735626221,-2.8881826400756836,2.6458327770233154,-5.155990123748779,-0.26128047704696655,0.31246619591346153,0.003210175083950162,3099.615504744505,2809.0753759181284,0.0
-687.3449096679688,59.53587341308594,3.380012035369873,7.883175849914551,0.7992297410964966,1.9860527515411377,-6.586715221405029,-6.340333938598633,-7.330500602722168,-1.662109613418579,0.29277899861335754,-4.947278022766113,1.576670527458191,0.3336050180288462,0.0032381995115429163,3048.2306554690003,2744.4563946719354,0.0
-675.7990112304688,46.82211685180664,0.16755558550357819,6.527644157409668,-1.121748447418213,1.5208419561386108,-6.341974258422852,-5.598384857177734,-4.908549785614014,-3.2167632579803467,0.5003602504730225,-3.566195011138916,0.7234312891960144,0.32299053485576923,0.003361351788043976,3047.544269159961,2833.5553768794225,0.0
-597.6766967773438,52.131675720214844,-1.0960279703140259,7.282931804656982,1.405031442642212,-0.5485012531280518,-9.22805404663086,-3.737879753112793,-6.139667510986328,-2.5949206352233887,0.1284976303577423,-7.119796276092529,-1.6237168312072754,0.28832256610576923,0.006019475404173136,3095.4134711565935,2783.240697515453,0.0
-629.7329711914062,60.27393341064453,6.458993434906006,10.585477828979492,8.614753723144531,4.525821208953857,-6.028998374938965,-2.8415071964263916,-2.46315598487854,-1.1577497720718384,0.7090252041816711,-1.6523510217666626,2.3015236854553223,0.2656512920673077,0.0040167635306715965,2887.970854116249,2760.504801278762,0.0
-551.4443359375,53.48003005981445,0.8865972757339478,3.8889071941375732,2.838070869445801,2.0249152183532715,-9.780807495117188,-6.6803879737854,-7.800721645355225,-2.32492995262146,-2.356062650680542,-6.452162742614746,1.0269029140472412,0.2771446814903846,0.008307707495987415,2882.1206027330118,2758.724211815673,0.0
-561.8219604492188,53.21803665161133,1.1262929439544678,4.086785316467285,1.7936204671859741,1.2535754442214966,-8.011978149414062,-5.8642168045043945,-8.017728805541992,-3.2617526054382324,-3.8145992755889893,-6.158234596252441,-1.4362623691558838,0.29129356971153847,0.008646407164633274,2984.5895413504204,2751.8298832868504,0.0
-738.0848999023438,45.644561767578125,5.399040222167969,10.561444282531738,-7.5365214347839355,-7.492918968200684,-4.983736515045166,-9.81267261505127,-4.8325958251953125,-3.8010361194610596,-1.7810450792312622,-5.828380107879639,-3.09346342086792,0.21228590745192308,0.0013032500864937901,2790.575861923857,2174.390965372206,1.0
-739.4700927734375,44.7659797668457,4.099470138549805,10.940993309020996,-6.812881946563721,-4.596734523773193,-6.643030166625977,-8.342013359069824,-1.9853171110153198,-3.020890474319458,-2.7658822536468506,-6.476923942565918,-2.600130319595337,0.320849609375,0.0011631363304331899,2877.224785586999,2262.8194916209504,1.0
-708.55810546875,44.39347839355469,2.02921986579895,8.411951065063477,-7.526725769042969,-3.4563512802124023,-9.294142723083496,-10.970412254333496,-3.851356029510498,-3.349088668823242,-4.107621669769287,-6.521819591522217,-3.292285919189453,0.2961162860576923,0.0017905134009197354,2970.2620555319204,2277.6039864034146,1.0
-700.165283203125,50.22773742675781,2.3851547241210938,6.666357040405273,-11.718693733215332,-3.7149906158447266,-9.272980690002441,-11.850899696350098,-2.9192442893981934,-5.377330780029297,-3.610764980316162,-6.16218376159668,-3.4153921604156494,0.2390625,0.0019409372471272945,3136.28639566125,2302.3881624970622,1.0
-682.4404907226562,47.36538314819336,0.6999518871307373,7.739467144012451,-8.556501388549805,-11.595208168029785,-10.771256446838379,-10.825553894042969,-6.104804515838623,-7.858014106750488,-5.087550640106201,-8.699919700622559,-6.781721591949463,0.1412372295673077,0.0019947357941418886,2130.9698016768984,1939.5924469037152,1.0
-750.1431274414062,44.58667755126953,4.417076110839844,12.241392135620117,-5.877095699310303,-4.77583122253418,-7.629415035247803,-8.04759407043457,-5.986730575561523,-7.048276901245117,-3.386600971221924,-7.91404390335083,-5.061403274536133,0.24332557091346155,0.0011392019223421812,2887.1997295097717,2329.125191387884,1.0
-697.1605834960938,28.119117736816406,5.920653343200684,7.8059539794921875,-8.252791404724121,-4.496614933013916,-9.933289527893066,-9.857807159423828,-5.609682083129883,-7.709686279296875,-6.214719772338867,-8.691017150878906,-5.546412944793701,0.2283428485576923,0.0020005526021122932,2622.5144585930807,1985.0269369313467,1.0
-701.3479614257812,36.642372131347656,4.268096923828125,9.469884872436523,-7.60023307800293,-6.417496681213379,-8.198243141174316,-12.735493659973145,-5.0764617919921875,-8.354999542236328,-5.758042335510254,-10.736419677734375,-5.6905412673950195,0.27534930889423076,0.0022192189935594797,2789.343770905193,2248.483152689572,1.0
-737.4491577148438,50.23640441894531,7.980480194091797,7.5793352127075195,-7.150959014892578,-6.578918933868408,-6.419436454772949,-9.696441650390625,-3.992586135864258,-2.713602066040039,-2.4375481605529785,-8.26430606842041,-3.526764392852783,0.15116060697115385,0.0007198556559160352,2520.4827242225865,2052.157028316961,1.0
-726.076416015625,38.49727249145508,3.415836811065674,9.917388916015625,-5.423000335693359,-7.814479351043701,-8.16083812713623,-9.09654426574707,-6.474462032318115,-7.189052104949951,-4.25579309463501,-10.215700149536133,-5.452729225158691,0.14045973557692307,0.0010294613894075155,2394.895677398366,1968.4725636432086,1.0
-743.3073120117188,47.15964126586914,6.534406661987305,3.5769121646881104,-7.254780292510986,-1.9071509838104248,-9.239120483398438,-9.912657737731934,-4.42216157913208,-2.584022283554077,-2.5937631130218506,-4.794061183929443,-4.233468055725098,0.18063401442307692,0.0011591510847210884,2926.257507906977,2292.32735426386,1.0
-700.9363403320312,43.792701721191406,6.8221821784973145,7.132116317749023,-9.155234336853027,-5.9574174880981445,-10.612791061401367,-12.517601013183594,-1.7132439613342285,-8.552151679992676,-3.4345622062683105,-6.867820739746094,-5.101589679718018,0.14039212740384616,0.0018687440315261483,2090.6116572221295,1745.7283331338278,1.0
-488.715576171875,34.306854248046875,-20.772972106933594,12.659222602844238,-11.49374771118164,-19.572940826416016,-6.251986026763916,-17.37809944152832,-2.500145196914673,-8.051654815673828,-8.990947723388672,1.7911943197250366,-9.325850486755371,0.25147986778846154,0.012582154013216496,3179.7721625446566,2608.4069930238284,1.0
-510.6182556152344,36.02008056640625,-14.542426109313965,0.4103626012802124,-8.449779510498047,-15.371371269226074,-6.924720287322998,-12.92387580871582,-2.2577908039093018,-6.906420707702637,-8.088879585266113,-4.415583610534668,-12.289921760559082,0.18167442908653847,0.012102791108191013,2338.481563726852,1953.331550841215,1.0
-573.1187744140625,31.251266479492188,-11.624170303344727,4.910501956939697,-8.853279113769531,-14.25228214263916,-15.748510360717773,-14.854695320129395,-2.1727077960968018,-10.555593490600586,-6.988503456115723,-4.429906368255615,-5.907563209533691,0.25738431490384617,0.006920951418578625,3106.329803486114,2222.517338689384,1.0
-574.3902587890625,30.277950286865234,-10.444074630737305,2.0186495780944824,-7.683316707611084,-14.140865325927734,-10.458094596862793,-15.204384803771973,-6.058133125305176,-9.655511856079102,-9.569234848022461,-4.678029537200928,-9.602458000183105,0.18612530048076922,0.00797299761325121,2378.9244278422157,1838.832539276476,1.0
-407.98236083984375,24.00374412536621,-39.850032806396484,-2.1755545139312744,-17.24466323852539,-26.459232330322266,-5.0406084060668945,-18.094215393066406,-7.337191581726074,-3.2323145866394043,-14.036520957946777,9.575103759765625,-1.4706968069076538,0.19149263822115384,0.030100379139184952,2637.499775847285,1946.4248458575767,1.0
-417.813232421875,23.29914093017578,-38.212791442871094,1.0946401357650757,-17.556900024414062,-21.17943572998047,-6.908833026885986,-20.509761810302734,-2.854527473449707,-9.157901763916016,-10.479345321655273,1.7765529155731201,-11.144201278686523,0.1683894230769231,0.02452809549868107,2621.3353151509486,1981.2698489543016,1.0
-397.6608581542969,14.567959785461426,-50.00188064575195,-1.9926471710205078,-15.893287658691406,-30.072866439819336,-9.80660629272461,-24.79017448425293,-4.031413555145264,-6.573266506195068,-11.934237480163574,6.515682697296143,-2.1927011013031006,0.21131310096153846,0.03562989830970764,3327.777838672624,2268.750188982273,1.0
-428.5763854980469,15.413981437683105,-35.82948303222656,-1.2833796739578247,-12.108241081237793,-26.901844024658203,-6.959019184112549,-22.797697067260742,-7.791198253631592,-8.887044906616211,-10.062774658203125,7.747781753540039,6.825685977935791,0.19209735576923076,0.0309620201587677,2808.533753829344,2038.1075178805115,1.0
-664.033935546875,53.60483169555664,7.036628246307373,17.08831024169922,-8.089343070983887,-7.452021598815918,-11.368579864501953,-10.275484085083008,-5.643143177032471,-6.818831443786621,-2.5998051166534424,-3.596554756164551,-3.4135494232177734,0.2694486177884615,0.0020159578416496515,3244.53392402008,2553.299729493336,2.0
-666.17236328125,52.839420318603516,4.138330936431885,7.832268714904785,-8.518799781799316,-6.549756050109863,-10.03221607208252,-10.090287208557129,-4.009859561920166,-8.738593101501465,-5.704433917999268,-6.60405969619751,-6.73508358001709,0.2017540564903846,0.0027245008386671543,2895.5765154713467,2357.027701878536,2.0
-650.16552734375,40.23181915283203,2.68222713470459,12.178945541381836,-10.209358215332031,-7.0327467918396,-11.44131088256836,-13.995146751403809,-1.8083456754684448,-6.9478912353515625,-3.7555465698242188,-5.506728172302246,-3.637019157409668,0.31354417067307694,0.002095684641972184,3624.477404517544,2615.4762468354716,2.0
-646.6312255859375,46.423805236816406,7.6339874267578125,10.890580177307129,-7.392550945281982,-4.516048908233643,-12.387370109558105,-12.443648338317871,-3.204712390899658,-7.421934604644775,-3.928248643875122,-4.223543167114258,-3.2854576110839844,0.3126389723557692,0.0028280296828597784,3503.3453949278073,2644.833439637597,2.0
-574.482421875,41.42970275878906,-7.968847751617432,7.277026176452637,-14.595293045043945,-7.607588291168213,-14.386343002319336,-16.696067810058594,-4.506782054901123,-6.010465145111084,-3.8545515537261963,-3.4042890071868896,-7.469879627227783,0.34325420673076923,0.0041988990269601345,3605.9767331370995,2528.3829481086927,2.0
-637.4229125976562,50.40517807006836,-8.933730125427246,11.207088470458984,-9.800121307373047,-8.335081100463867,-12.320025444030762,-14.267080307006836,-5.349723815917969,-1.8290354013442993,-5.7866034507751465,-1.196764588356018,-5.665491580963135,0.21053185096153845,0.0025331161450594664,2463.9198040241204,1916.6099485782186,2.0
-580.0910034179688,44.50575637817383,-9.565299987792969,5.582586288452148,-15.283635139465332,-11.017173767089844,-15.137494087219238,-18.345172882080078,-6.395992279052734,-7.9001145362854,-8.043660163879395,-2.4570529460906982,-7.988701820373535,0.2737342247596154,0.005291389301419258,3179.402943595405,2336.106747112782,2.0
-526.982177734375,41.850181579589844,-21.05646514892578,9.325414657592773,-17.464040756225586,-21.06459617614746,-13.165811538696289,-26.95697593688965,-6.107151508331299,-7.6625261306762695,-15.42701244354248,2.6261348724365234,-12.69501781463623,0.22684795673076924,0.008185058832168579,3041.9786282641353,2135.8718119789623,2.0
-564.7221069335938,36.022823333740234,-8.33078384399414,5.067919731140137,-14.416549682617188,-8.025110244750977,-7.3817644119262695,-11.164825439453125,-4.016901016235352,-8.633035659790039,-7.73453950881958,-7.090759754180908,-5.101670742034912,0.2582444411057692,0.0064665828831493855,3674.3278616365196,2670.165002862204,2.0
-540.8053588867188,39.55183792114258,-10.112752914428711,4.501612663269043,-14.602407455444336,-11.160327911376953,-4.784477233886719,-12.255444526672363,-5.822274208068848,-5.134192943572998,-3.0148861408233643,-5.227676868438721,-3.7934489250183105,0.20472881610576923,0.008382439613342285,2693.2923183691355,2118.029907301644,2.0
-515.75927734375,33.7418327331543,-13.33770751953125,7.406660556793213,-18.36849021911621,-14.318955421447754,-7.776651859283447,-18.53558349609375,-7.5088210105896,-8.885302543640137,-4.933533668518066,-6.439510345458984,-7.751605033874512,0.2106708233173077,0.010569073259830475,3135.6344037056606,2163.3910991505104,2.0
-497.28082275390625,37.50037384033203,-17.222814559936523,-0.8742888569831848,-19.960847854614258,-15.530351638793945,-9.826395988464355,-19.913101196289062,-9.84892463684082,-8.13060188293457,-7.805797576904297,-9.894291877746582,-6.02095365524292,0.2182091346153846,0.011470000259578228,2916.588969266562,1989.0778301804066,2.0
-324.6544494628906,32.56765365600586,-39.527503967285156,1.092934012413025,-25.532615661621094,-21.691360473632812,-4.5926513671875,-17.21490478515625,-8.46923828125,-6.098989486694336,-7.6345391273498535,3.419463634490967,-2.7370662689208984,0.17747521033653846,0.060007065534591675,2635.9182771079695,1828.0148072303214,2.0
-357.46917724609375,21.41619873046875,-37.21592712402344,-1.2362004518508911,-23.640043258666992,-23.359193801879883,-5.756415367126465,-17.96686363220215,-6.816649913787842,-2.7721645832061768,-4.98248815536499,6.626026153564453,-1.2509711980819702,0.1918682391826923,0.04186146706342697,2810.979354063485,1931.6055521335045,2.0
-333.88580322265625,20.320079803466797,-41.57807159423828,-11.059523582458496,-26.689319610595703,-22.286781311035156,-4.491108417510986,-22.899404525756836,-4.604761600494385,-4.057707786560059,-1.3083832263946533,7.224959850311279,-1.40907883644104,0.217578125,0.06442850828170776,2909.407363331675,2122.955973307462,2.0
-378.10107421875,22.652517318725586,-26.15621566772461,1.0609369277954102,-23.651731491088867,-16.05596923828125,-6.66840124130249,-22.608867645263672,-7.74006462097168,-9.81993293762207,-9.391111373901367,-3.085728645324707,-5.303483009338379,0.28682391826923076,0.03973722085356712,3884.4437693182845,2481.283992682985,2.0
-693.107666015625,42.74934387207031,4.735584259033203,18.2374267578125,-4.323493957519531,-4.669804096221924,-10.32370376586914,-10.948881149291992,-4.260177135467529,-6.205242156982422,-6.11253547668457,-6.037345886230469,-0.4970298707485199,0.23311673677884615,0.0016580604715272784,2821.5567122652483,2224.1327331836233,0.0
-628.6213989257812,40.326236724853516,-4.779269695281982,10.260897636413574,-8.972066879272461,-3.213761329650879,-9.440775871276855,-11.375414848327637,-1.2068508863449097,-4.743026256561279,-5.41789436340332,-4.627081871032715,-1.9077690839767456,0.24663837139423078,0.0021818026434630156,3627.0850582659787,2668.025210444484,0.0
-669.0860595703125,38.48723602294922,4.773940086364746,8.195528984069824,-5.519983768463135,-4.685082912445068,-12.289661407470703,-11.011518478393555,-2.224522829055786,-10.054920196533203,-5.686376094818115,-4.455806732177734,-3.3719100952148438,0.41870868389423077,0.0024902168661355972,3727.886652313034,2744.0176820984407,0.0
-631.9228515625,37.3153190612793,-6.047698020935059,10.360366821289062,-4.975975513458252,-8.884212493896484,-16.3414249420166,-14.863754272460938,0.02762768045067787,-8.359158515930176,-7.1916890144348145,-4.955510139465332,-1.189333438873291,0.3105431189903846,0.0034566246904432774,3246.963537373994,2412.9287518033284,0.0
-413.6651916503906,9.759527206420898,-37.64674758911133,-5.049357891082764,-17.421581268310547,-17.695362091064453,-6.71956205368042,-20.731605529785156,-5.671378135681152,-3.1061973571777344,-3.7686898708343506,13.982872009277344,8.389663696289062,0.21989182692307693,0.037162311375141144,2946.04604641583,2015.4229745382968,0.0
-403.8086242675781,10.552720069885254,-35.059635162353516,-1.7388601303100586,-11.759904861450195,-20.576383590698242,-4.797089099884033,-18.436948776245117,-5.1765875816345215,-2.3694095611572266,-7.335550308227539,12.41185474395752,7.619084358215332,0.2374549278846154,0.03654513135552406,3302.1771770479304,2354.107287122785,0.0
-470.1343994140625,14.933955192565918,-30.032337188720703,-4.924248695373535,-17.34221839904785,-19.001779556274414,-8.83155632019043,-23.584964752197266,-5.460835933685303,-9.292532920837402,-16.883071899414062,-1.254350185394287,-2.1713101863861084,0.2249737079326923,0.01898922584950924,3565.6511938315784,2398.2516676037803,0.0
-450.0729064941406,12.716784477233887,-34.55972671508789,-6.589832305908203,-17.52099609375,-22.189212799072266,-10.382862091064453,-22.832143783569336,-4.716925621032715,-3.3343498706817627,-13.301331520080566,1.978781819343567,1.491705060005188,0.21188401442307692,0.022701222449541092,2930.840739391588,2027.193879633018,0.0
-544.5348510742188,35.359657287597656,-5.409552574157715,4.008305549621582,-9.39922046661377,-7.576448917388916,-15.05887508392334,-14.32669734954834,-8.086597442626953,-6.995003700256348,-4.349689960479736,-7.1053996086120605,-3.503544807434082,0.27063551682692305,0.005572154652327299,3373.289776787877,2432.3039002299124,2.0
-617.4453125,49.65620803833008,-5.041385650634766,-0.9053431749343872,-10.741145133972168,-12.01062297821045,-12.52607250213623,-14.731597900390625,-5.562249183654785,-9.039864540100098,-2.5203053951263428,-3.3056156635284424,-7.838266372680664,0.219140625,0.004072563722729683,2422.107750719563,2043.8453422986267,2.0
-610.5443725585938,36.33723449707031,4.892405033111572,0.2843457758426666,-7.044851303100586,-5.323616981506348,-9.668076515197754,-9.950562477111816,-6.41641092300415,-9.153987884521484,-4.094767093658447,-3.8125171661376953,-6.614616394042969,0.24082406850961538,0.004140110220760107,3220.7085536971526,2200.516146983835,2.0
-524.146484375,48.562774658203125,-2.1950905323028564,2.1945371627807617,-17.80548095703125,-11.829700469970703,-14.360651969909668,-19.26601791381836,-9.101317405700684,-11.33541202545166,-9.09618091583252,-3.824117422103882,-7.139388561248779,0.20060096153846155,0.008869428187608719,2646.827949021965,2017.667913565979,2.0
-484.92156982421875,40.37974548339844,-22.3146915435791,8.97908878326416,-22.62921142578125,-15.499221801757812,-13.336406707763672,-23.40833282470703,-6.871599197387695,-3.0506751537323,-6.105357646942139,1.4884523153305054,-8.973258972167969,0.16197791466346154,0.011467413045465946,2631.4706680053982,1973.4283561709517,2.0
-566.8750610351562,36.90168380737305,-8.892348289489746,4.376833438873291,-16.510473251342773,-7.270033836364746,-15.912270545959473,-21.161338806152344,-3.9253997802734375,-10.127202987670898,-1.1309751272201538,-4.958400249481201,-6.9281463623046875,0.23836388221153845,0.005049780011177063,2830.2168895023547,2160.542653929576,2.0
-567.9447021484375,42.379337310791016,1.8922532796859741,4.753078937530518,-11.745429992675781,-10.414484024047852,-14.959761619567871,-12.586324691772461,-5.6795854568481445,-9.371438980102539,-7.457608699798584,-5.044292449951172,-6.588944435119629,0.2235614483173077,0.004746239632368088,2828.491331870498,2014.905578548964,2.0
-540.9644165039062,43.264495849609375,-10.353738784790039,-1.2915561199188232,-17.577659606933594,-13.908080101013184,-16.879661560058594,-24.88838768005371,-5.739510536193848,-11.08733081817627,-8.042902946472168,-3.3365890979766846,-11.38426685333252,0.17044020432692308,0.0105194803327322,2587.7791260338163,1850.2612852882303,2.0
-655.8150024414062,46.32529830932617,-7.876913547515869,7.677638530731201,-13.279268264770508,-7.531757831573486,-8.468501091003418,-9.991988182067871,-4.539361953735352,-6.814763069152832,-5.7219414710998535,-8.182024955749512,-4.166313648223877,0.19273963341346154,0.0023338531609624624,2586.206249831033,1979.8993874815128,0.0
-640.5799560546875,44.40830612182617,-9.289717674255371,3.949702262878418,-10.540426254272461,-8.836766242980957,-7.11203145980835,-8.72649097442627,-4.4457550048828125,-5.083020210266113,-5.474022388458252,-7.004148483276367,-3.6153221130371094,0.21351787860576923,0.0026177484542131424,2550.164455025366,1976.4971542722035,0.0
-657.9114379882812,34.101261138916016,-3.3511428833007812,4.311501979827881,-9.075540542602539,-8.345574378967285,-11.17180347442627,-11.104228973388672,-3.553962230682373,-8.240397453308105,-5.399066925048828,-5.29893159866333,-3.943209648132324,0.31934720552884616,0.0026931599713861942,3178.1995966438285,2285.6382172470135,0.0
-630.1035766601562,37.256324768066406,-6.908016681671143,1.7375314235687256,-10.08924674987793,-8.947114944458008,-11.13306999206543,-9.314056396484375,-3.994171619415283,-7.409423828125,-6.348238945007324,-7.140007019042969,-4.890867233276367,0.2791240985576923,0.0033090468496084213,2934.244250977544,2088.385421377645,0.0
-580.555908203125,55.218631744384766,-8.019951820373535,-0.7175236344337463,-15.318349838256836,-10.759544372558594,-2.8313255310058594,-13.307683944702148,-8.760504722595215,-5.508235454559326,-8.212379455566406,-8.673200607299805,-4.745697975158691,0.21539212740384617,0.004462472163140774,2752.5875434326867,2212.015524070188,0.0
-553.4517822265625,48.348419189453125,-17.329570770263672,-2.7367310523986816,-15.777111053466797,-13.611923217773438,-9.647994041442871,-16.304847717285156,-5.619594097137451,-8.674919128417969,-10.426973342895508,-3.359389066696167,-5.87968635559082,0.1685246394230769,0.009017126634716988,2319.4743149324354,1838.5826404765276,0.0
-556.6472778320312,39.03514862060547,-11.022007942199707,-2.003100872039795,-13.797880172729492,-13.29328727722168,-11.683087348937988,-15.551983833312988,-5.528766632080078,-9.461898803710938,-8.304287910461426,-8.627511978149414,-3.8579044342041016,0.19669095552884616,0.00616985559463501,2589.8570417399565,1873.3662427690829,0.0
-572.2470092773438,34.62199401855469,-2.7064473628997803,4.712164878845215,-10.88963508605957,-10.166772842407227,-11.333809852600098,-12.736936569213867,-5.110345840454102,-9.458890914916992,-8.834320068359375,-8.524303436279297,-4.908607006072998,0.21655649038461539,0.005138693377375603,2916.040518334953,1967.4213367671916,0.0
-615.5950927734375,75.83389282226562,-4.077097415924072,12.574734687805176,10.643834114074707,-3.4924306869506836,0.2555478513240814,-2.898559331893921,-5.023812294006348,-2.1747851371765137,-2.377023935317993,-0.1656496226787567,-1.610435962677002,0.23124624399038463,0.004862904082983732,2514.398155006301,2470.3521784361164,1.0
-629.9701538085938,77.81828308105469,-2.2936174869537354,16.297910690307617,10.262120246887207,-3.2591001987457275,3.3900442123413086,0.41973936557769775,-3.512352466583252,-1.559478998184204,-0.5165154337882996,1.3803898096084595,-0.37670406699180603,0.210791015625,0.00404743617400527,2545.5245670485865,2576.2324490772658,1.0
-612.2086791992188,82.5299072265625,0.11505033075809479,13.242630004882812,12.294946670532227,0.278402715921402,2.086669921875,-0.3535788357257843,-3.278390645980835,-2.0701096057891846,-0.46546077728271484,2.90402889251709,0.4453880786895752,0.18629432091346154,0.004940556827932596,2303.693034859503,2512.1726134916794,1.0
-613.061279296875,77.09213256835938,0.9010820984840393,13.992927551269531,10.483855247497559,-2.5732672214508057,3.1645760536193848,-3.2444918155670166,-4.551573753356934,-0.24793964624404907,-1.664773941040039,1.4530816078186035,0.5783402919769287,0.19122220552884617,0.004878533072769642,2364.3622627778254,2494.0650883470057,1.0
-628.5717163085938,86.7966537475586,2.781489133834839,14.504234313964844,10.194905281066895,-0.41757717728614807,0.6492813229560852,1.3297971487045288,-0.9114847779273987,-1.3189702033996582,0.6500402688980103,3.4699208736419678,-2.8244690895080566,0.18492337740384615,0.003028774866834283,2322.727559684686,2464.1715046644426,1.0
-620.851806640625,78.99063110351562,-0.2995671331882477,17.22077751159668,8.4500093460083,0.1869661808013916,1.4898935556411743,-3.889498710632324,0.11208873242139816,-2.714813470840454,-1.089971899986267,5.654872894287109,-3.7626113891601562,0.20580679086538461,0.003447560593485832,2589.818010965263,2445.4440256995736,1.0
-573.84375,80.0648422241211,-6.67818021774292,19.687101364135742,6.275487422943115,0.4435051679611206,1.066109538078308,-5.453681945800781,-4.170307636260986,-4.366661071777344,-3.560730218887329,7.367222309112549,-6.037169456481934,0.15509314903846153,0.003755190409719944,2537.093961733167,2283.087424813582,1.0
-615.2294311523438,76.73989868164062,5.032354831695557,13.978683471679688,10.94277572631836,0.10829350352287292,1.3612947463989258,0.05047713220119476,-3.271242618560791,-3.1333162784576416,-2.0468249320983887,4.335699081420898,-2.944171190261841,0.22013596754807693,0.0038053570315241814,2692.191123379927,2552.1991003455432,1.0
-613.912109375,81.53535461425781,1.8980520963668823,15.13254451751709,9.379155158996582,-0.2765817642211914,0.5054327249526978,0.5533865094184875,-1.1643000841140747,-3.532270908355713,0.7675800323486328,3.647153615951538,-5.061771869659424,0.166357421875,0.0038265553303062916,2575.5617875357266,2496.5847184989743,1.0
-600.98583984375,89.81574249267578,4.0419020652771,17.819917678833008,9.21839427947998,-0.49247482419013977,1.8456472158432007,0.16804973781108856,-1.996221899986267,-2.6636035442352295,0.3309183120727539,2.992677688598633,-3.094278335571289,0.12009840745192307,0.003950864542275667,1930.947833265351,2306.009144157029,1.0
-579.3880004882812,96.5574722290039,7.555429458618164,21.711177825927734,9.948576927185059,-0.5450829267501831,3.9761295318603516,-2.962611436843872,-3.542583703994751,-4.8007402420043945,-3.869488000869751,2.7243173122406006,-3.5948004722595215,0.10655423677884615,0.005131706595420837,2005.8169262093725,2157.3594809475417,1.0
-597.934326171875,74.94709014892578,4.212869167327881,19.765535354614258,8.15190315246582,5.548350811004639,1.0490926504135132,-4.163583755493164,-0.20666785538196564,-0.8520997166633606,-2.6986258029937744,4.344039440155029,-6.876692295074463,0.1378155048076923,0.0035257081035524607,2479.593872671695,2464.489293601687,1.0
-593.25048828125,78.14078521728516,-11.995633125305176,15.450398445129395,12.394643783569336,-5.8168768882751465,-0.9555693864822388,-0.6023702621459961,-7.921704292297363,0.06913628429174423,0.9885384440422058,0.2670266330242157,-0.5792952179908752,0.21160606971153847,0.0059049432165920734,2483.8642143549346,2455.996692327515,1.0
-584.8348999023438,74.66826629638672,-8.171985626220703,14.47701644897461,11.296812057495117,-4.457556247711182,1.89402437210083,-0.8416917324066162,-6.333670139312744,0.307016521692276,-0.4135383069515228,2.303858518600464,-0.6328489780426025,0.19732947716346153,0.006656717509031296,2483.695496951597,2527.804885659009,1.0
-588.6531372070312,77.55867004394531,-9.878129959106445,15.521869659423828,15.60240364074707,-0.8907691240310669,-1.8222665786743164,-2.249722480773926,-4.12495231628418,-1.6565430164337158,0.6090148687362671,1.7700614929199219,-1.0420693159103394,0.177099609375,0.005599556490778923,2265.1614678809333,2385.7853740863025,1.0
-573.1787719726562,76.03327178955078,-9.471991539001465,14.47683334350586,15.245250701904297,-3.8293583393096924,-2.7404820919036865,-0.6282637715339661,-6.8726301193237305,-3.137519359588623,-1.0457587242126465,2.978771924972534,-0.7641575932502747,0.20950270432692308,0.007132182829082012,2425.709463381891,2407.974500890222,1.0
-501.367431640625,58.10076141357422,-6.197934150695801,19.625595092773438,11.605074882507324,-0.8532559871673584,3.065239906311035,4.0615363121032715,-3.773507595062256,5.2659149169921875,0.18885204195976257,3.8625948429107666,2.4490909576416016,0.11873121995192308,0.016371717676520348,2295.120575069249,2317.436466507132,1.0
-516.5411987304688,71.63937377929688,-15.566146850585938,17.139780044555664,15.08791732788086,-5.357690334320068,0.5116384029388428,2.057817220687866,-8.083651542663574,2.1529428958892822,2.1833956241607666,1.3106874227523804,-0.38786575198173523,0.17042518028846154,0.011791666969656944,2331.6501185044044,2439.671442552498,1.0
-455.5058898925781,69.51844024658203,-15.043121337890625,14.573807716369629,12.842303276062012,-8.159914016723633,-2.298931837081909,-1.124696135520935,-10.214117050170898,1.3517524003982544,-1.7141891717910767,1.0309993028640747,-0.9136062860488892,0.15318134014423077,0.016135351732373238,2336.1778053385397,2359.662755939899,1.0
-544.7715454101562,61.60301208496094,-14.675501823425293,17.62822723388672,11.044991493225098,-5.162856101989746,-0.9122641682624817,-1.2767059803009033,-6.995912551879883,1.8467134237289429,1.433608889579773,1.7272508144378662,-1.2720603942871094,0.23729717548076923,0.010833431966602802,2803.3316346919073,2462.48182027142,1.0
-591.1737060546875,73.80982971191406,-3.114210367202759,15.90732192993164,13.261094093322754,-5.62870979309082,2.866649866104126,-2.7475929260253906,-3.893921375274658,0.6309611201286316,-2.011752128601074,-0.2680147588253021,-1.1618168354034424,0.1869854266826923,0.005788321606814861,2409.812541771894,2560.86301573409,2.0
-646.8640747070312,74.21733856201172,3.0663838386535645,18.071212768554688,17.526716232299805,-0.18277540802955627,8.148507118225098,-1.1721714735031128,-1.5037524700164795,4.785387992858887,0.9264474511146545,6.719311714172363,2.1726043224334717,0.1263446514423077,0.0038920200895518064,2206.0761219003066,2676.4717559541223,2.0
-604.8054809570312,67.0033187866211,-2.8120858669281006,15.26490592956543,15.272137641906738,0.4202263355255127,2.2099289894104004,0.1378410905599594,-1.2247241735458374,1.4348981380462646,1.0712839365005493,4.015774250030518,2.949742555618286,0.181396484375,0.005033333785831928,2435.5505058094436,2653.570762907204,2.0
-600.5917358398438,82.17130279541016,-1.614125370979309,16.86368179321289,16.64455795288086,-0.7048652172088623,2.685901403427124,-3.9408035278320312,-4.285480499267578,0.8787558078765869,-2.1658146381378174,-2.394148111343384,-2.2620253562927246,0.12642728365384615,0.004548459779471159,2110.785886558615,2420.6101647431733,2.0
-557.1918334960938,62.40896987915039,-0.8250733613967896,15.147064208984375,12.800597190856934,-0.43488609790802,2.064546823501587,-0.22084300220012665,-2.7942111492156982,1.7829490900039673,-0.24798431992530823,4.716005802154541,2.2382564544677734,0.15030423677884616,0.008823934011161327,2221.6696203940155,2370.288982038293,2.0
-547.9267578125,62.826812744140625,-1.2076588869094849,11.367168426513672,12.89360523223877,0.7996321320533752,0.9330649375915527,-0.538159966468811,-3.6730475425720215,2.3714921474456787,-0.5151495933532715,2.202131986618042,1.0390819311141968,0.16020132211538463,0.009312566369771957,2308.101994354126,2442.013924013001,2.0
-564.2158813476562,64.5393295288086,-11.273176193237305,13.670390129089355,12.886676788330078,-6.223134517669678,0.6879751086235046,-3.0793306827545166,-7.16264533996582,2.111204147338867,-4.626387596130371,-2.2280778884887695,-0.7199457287788391,0.22868464543269232,0.00695422338321805,2845.8157131412067,2536.293010616019,2.0
-577.6979370117188,71.037353515625,-2.108034610748291,15.867131233215332,16.2757625579834,1.3410381078720093,1.4076571464538574,-0.2914341390132904,-2.8631749153137207,2.7465076446533203,-1.4686166048049927,0.3768478333950043,0.11545856297016144,0.16510291466346153,0.007230137009173632,2321.2901835658267,2355.532275430164,2.0
-503.0682678222656,65.81790924072266,-8.052632331848145,13.283830642700195,9.075617790222168,-7.3242974281311035,2.869058847427368,0.2110282927751541,-7.7595014572143555,0.7911880016326904,-1.5862230062484741,0.1576714664697647,-2.288686990737915,0.17191631610576924,0.011073920875787735,2425.2462127623808,2400.5900736665094,2.0
-475.8943786621094,59.495155334472656,-10.945610046386719,6.609518527984619,3.592548131942749,-10.563069343566895,1.9660199880599976,-1.5757923126220703,-7.43184232711792,0.9154937267303467,-5.046170711517334,-0.4787577986717224,-0.7665796279907227,0.15343299278846154,0.01680593565106392,2805.975746833882,2679.722816110597,2.0
-504.2657470703125,70.79542541503906,-11.330084800720215,10.57629680633545,12.804059982299805,-9.506559371948242,2.4701032638549805,-0.953534722328186,-6.684927463531494,-1.7088196277618408,-4.170863628387451,0.06429947912693024,-0.7201047539710999,0.2131573016826923,0.012761696241796017,2641.1794041870235,2503.6597154487613,2.0
-474.3372497558594,49.962528228759766,-10.140475273132324,7.301605701446533,3.967461585998535,-9.279043197631836,0.26953500509262085,-1.3547428846359253,-10.237367630004883,2.9253551959991455,-6.08547306060791,-0.7053496241569519,-0.14466573297977448,0.21204927884615385,0.020217064768075943,2839.37233566318,2663.417045678448,2.0
-448.4856872558594,45.268123626708984,-16.370765686035156,6.752079963684082,-1.7990288734436035,-7.465076923370361,-0.8845030665397644,-2.4978768825531006,-9.534543991088867,-0.8176683187484741,-5.6815338134765625,-3.715500831604004,-1.8508188724517822,0.26680814302884615,0.02404606156051159,3233.961868288539,2573.220877054079,2.0
-408.4073181152344,54.97454071044922,-13.569869995117188,4.84165096282959,0.07556023448705673,-12.685259819030762,1.4791464805603027,-2.9914889335632324,-11.229881286621094,-0.5696561336517334,-6.227907180786133,-0.9243245720863342,-3.4726030826568604,0.20713641826923077,0.030677666887640953,2910.548595129755,2551.56698299591,2.0
-466.224609375,53.80005645751953,-7.785767078399658,11.995253562927246,11.336433410644531,-4.544421195983887,-3.852750062942505,-2.342240333557129,-6.384954929351807,-1.2091484069824219,-0.0916064903140068,1.1482738256454468,0.5511695146560669,0.19407301682692307,0.018701842054724693,2744.2751976547133,2577.881910853437,2.0
-391.1432189941406,40.798648834228516,-11.633901596069336,7.099488258361816,2.102590560913086,-11.04709243774414,-1.214966058731079,-4.555527210235596,-9.671759605407715,-3.183457851409912,-6.6246113777160645,-0.48461946845054626,-3.3357698917388916,0.20537109375,0.035219985991716385,2874.7489574310457,2615.4756903554007,2.0
-591.2454223632812,63.46165084838867,6.196557998657227,14.3048095703125,17.67913818359375,4.026777267456055,3.9975192546844482,-1.2609422206878662,-0.3062469959259033,4.000759601593018,1.3484236001968384,5.262112617492676,2.5191643238067627,0.14463641826923077,0.006505237892270088,2164.4188821429834,2495.082180048093,0.0
-558.96240234375,64.53455352783203,3.701808452606201,14.269571304321289,15.010664939880371,1.7224189043045044,-2.6786391735076904,-7.314051151275635,2.1133499145507812,7.328374862670898,0.759820818901062,3.860933780670166,4.4387030601501465,0.12154822716346154,0.007379748858511448,2276.1295022487575,2627.083472894902,0.0
-571.8568725585938,59.24960708618164,10.171902656555176,14.240718841552734,14.9513521194458,5.953839302062988,0.6539095640182495,-3.697331666946411,1.958950400352478,6.268360137939453,0.44550663232803345,1.917773723602295,3.8906362056732178,0.152880859375,0.007297256030142307,2412.039208310058,2723.1049693779732,0.0
-519.5462646484375,55.35572814941406,-3.7850639820098877,11.106006622314453,7.147396087646484,-2.458512306213379,-9.317076683044434,-12.976679801940918,-7.545085906982422,0.7452391386032104,-4.827605724334717,-4.458637714385986,-3.916844129562378,0.1637657752403846,0.007020315155386925,2942.3170393351643,2596.255386135858,0.0
-489.3265686035156,53.391910552978516,-2.8436279296875,14.792694091796875,11.49323558807373,-2.7331364154815674,1.106909155845642,0.6248605847358704,-5.094019412994385,2.36181378364563,-1.8622797727584839,-0.12116529047489166,2.5556604862213135,0.11597806490384616,0.017444981262087822,2266.440562424301,2583.4359195027732,0.0
-435.5755920410156,42.100521087646484,-6.307949542999268,14.82148551940918,7.987980842590332,-3.752943277359009,-4.394213676452637,-1.9059641361236572,-7.355110168457031,1.4966721534729004,-3.7412123680114746,-0.14577877521514893,-0.891215443611145,0.13475435697115384,0.02560907043516636,2475.602011577214,2535.893801188454,0.0
-498.4219970703125,52.05702209472656,-3.6772475242614746,15.45813274383545,13.72287368774414,-4.582690715789795,-1.0705842971801758,-1.709025263786316,-4.825413227081299,2.6982245445251465,-3.3196003437042236,-0.011944403871893883,1.945642113685608,0.14805063100961538,0.013161794282495975,2403.604784513586,2362.531108483236,0.0
-460.0036315917969,48.4602165222168,-11.754227638244629,8.820341110229492,10.366783142089844,-6.083206653594971,-2.1507949829101562,-5.954918384552002,-9.246354103088379,3.545825481414795,-3.8517446517944336,0.368484765291214,1.5338035821914673,0.150048828125,0.020915165543556213,2638.0889773147924,2600.6823145387516,0.0
-535.0491943359375,79.46370697021484,-7.154998302459717,12.187418937683105,15.553799629211426,-4.399616718292236,-6.771050930023193,-8.23520278930664,-8.080911636352539,0.47024407982826233,-6.793893337249756,-3.967863082885742,1.3249591588974,0.15177283653846155,0.006401797290891409,2489.189655244531,2366.8095484131254,2.0
-565.6339111328125,86.89726257324219,-17.911306381225586,10.529229164123535,9.603297233581543,-2.7535173892974854,-0.3294338285923004,-4.681677341461182,-5.526271343231201,0.6243419647216797,0.06621363759040833,-0.6721252799034119,-3.517000198364258,0.1972430889423077,0.00476651918143034,2578.398619350348,2344.4952259410215,2.0
-548.420654296875,88.42347717285156,-9.313435554504395,11.66187858581543,15.494465827941895,-0.3831495940685272,-7.200067520141602,-14.232850074768066,-4.648691177368164,4.361493110656738,1.304496169090271,-2.453386068344116,-2.603788137435913,0.14742713341346153,0.006417539902031422,2293.0438705657216,2238.8227993033083,2.0
-501.1656799316406,71.3343734741211,-2.507373094558716,15.234942436218262,12.846054077148438,-5.01033353805542,-1.7062889337539673,-3.0593018531799316,-9.621347427368164,-0.543194591999054,-5.517926216125488,-1.875597596168518,-2.226674795150757,0.12869215745192308,0.010406178422272205,2260.9481267882393,2341.898086593781,2.0
-493.8954772949219,68.9608154296875,-12.91667652130127,14.855271339416504,11.527621269226074,-3.5707039833068848,-1.388468623161316,-4.35286283493042,-5.694864749908447,1.2081248760223389,-2.8021743297576904,2.590615749359131,-1.4869391918182373,0.13254957932692307,0.010230155661702156,2468.840179585249,2410.2396156140353,2.0
-537.5015258789062,90.763427734375,-5.529240131378174,13.989126205444336,15.22054672241211,-0.2789672911167145,-0.6497193574905396,-6.124300479888916,-4.6392974853515625,5.1888108253479,4.375766277313232,3.3954129219055176,2.281036853790283,0.08233173076923077,0.007115688640624285,1885.1614419819266,2187.4554809312704,2.0
-525.7869262695312,72.48816680908203,-10.440472602844238,8.168360710144043,12.538592338562012,-2.6704514026641846,-1.5981781482696533,-7.3931779861450195,-2.919914722442627,0.9063840508460999,-1.5129868984222412,2.5581448078155518,1.6817817687988281,0.1480205829326923,0.010763166472315788,2030.6681751453627,2171.584076636216,2.0
-522.5667114257812,61.99510192871094,-2.5815236568450928,9.344474792480469,14.8658447265625,-1.942244052886963,-0.889836847782135,-6.927792549133301,-2.6672868728637695,1.6351672410964966,-5.321326732635498,1.11072838306427,-1.2713838815689087,0.14797926682692308,0.009931100532412529,2675.8083912556754,2639.4536380797845,2.0
-548.3738403320312,91.81410217285156,-14.114879608154297,16.377685546875,14.372357368469238,-5.786983966827393,0.5060482025146484,-2.630016326904297,-6.9868669509887695,-0.4053805470466614,-1.4419605731964111,0.27065229415893555,-3.8457190990448,0.15590444711538462,0.0073859416879713535,2074.0452872081096,2176.2249329058636,0.0
-558.70703125,70.21195983886719,-7.078284740447998,12.515850067138672,9.627570152282715,-2.3207828998565674,2.256136894226074,-3.2881038188934326,-5.549286365509033,1.5202209949493408,-0.7827105522155762,-2.1206467151641846,-3.850461483001709,0.16178260216346155,0.007184997666627169,2355.5648638533858,2464.7537304398516,0.0
-556.2237548828125,75.69364929199219,-12.331530570983887,11.339032173156738,11.328352928161621,-5.595168590545654,-1.6998947858810425,-3.8969674110412598,-9.848055839538574,0.39456072449684143,0.33043423295021057,0.35530489683151245,-4.648617267608643,0.23093825120192307,0.006681256927549839,2712.0966683041524,2390.8983655937004,0.0
-592.4915771484375,79.96658325195312,1.6761794090270996,14.753941535949707,11.500229835510254,-0.06927161663770676,0.0954364463686943,-6.798666477203369,-6.5032854080200195,2.030820369720459,-2.8191635608673096,-0.5975894927978516,-0.19019122421741486,0.15994966947115385,0.006414717994630337,2253.013772755732,2445.381992088182,0.0
-509.1418151855469,59.31011962890625,-2.001154899597168,14.954533576965332,11.720789909362793,-1.146325945854187,2.269374370574951,-0.6375516653060913,-4.428171157836914,3.821290969848633,1.050750970840454,0.11558588594198227,1.5769462585449219,0.1677471454326923,0.01605166867375374,2409.2447635315266,2596.843935684252,0.0
-546.5502319335938,67.12026977539062,-6.380308628082275,19.381704330444336,16.38195037841797,-3.5134775638580322,2.78476619720459,0.8102372884750366,-3.802086591720581,5.391147136688232,2.686335325241089,0.4796768128871918,0.6562504172325134,0.14688251201923078,0.009505612775683403,2273.6857118073385,2508.035931801223,0.0
-604.0006103515625,77.03380584716797,-0.5463505387306213,19.408283233642578,16.941370010375977,1.4329482316970825,2.7732675075531006,-2.6031737327575684,-4.4673686027526855,1.7096792459487915,0.7729851603507996,1.793375849723816,1.955701231956482,0.144091796875,0.006269047502428293,2232.0368571525305,2488.5708521863035,0.0
-533.8407592773438,71.92167663574219,-4.815613746643066,18.03426170349121,16.575544357299805,-3.3226921558380127,-2.3109352588653564,-3.881171941757202,-8.0517578125,0.005373323801904917,-2.8613834381103516,-0.11254489421844482,-0.4742299020290375,0.15187424879807693,0.00923153106123209,2422.843989529948,2474.1472718871937,0.0
-626.2952880859375,68.60100555419922,4.447244167327881,9.398248672485352,-2.9002761840820312,-10.991856575012207,-11.872447967529297,-8.069161415100098,-8.332257270812988,-2.8243680000305176,-10.491331100463867,-3.064671277999878,-3.8845460414886475,0.17146183894230768,0.003606304759159684,2152.4324730625726,1758.4263303475657,1.0
-631.8014526367188,65.7635498046875,1.823816180229187,10.474466323852539,-2.744013786315918,-12.398356437683105,-12.19965648651123,-7.89478874206543,-6.678339958190918,-2.470736026763916,-9.495030403137207,-3.417825937271118,-3.3973848819732666,0.19842998798076922,0.003822933416813612,2376.111549278408,1849.096219309487,1.0
-598.826416015625,59.7267951965332,2.127902030944824,8.631611824035645,-0.6905972957611084,-13.983524322509766,-18.21173858642578,-8.562715530395508,-7.651611328125,0.02250060997903347,-10.143218040466309,-2.924485683441162,-3.785245895385742,0.24091045673076922,0.00562299694865942,2892.5284804729863,2277.5956378666424,1.0
-609.65673828125,51.38003158569336,4.71561861038208,9.262624740600586,-0.9951709508895874,-12.013652801513672,-14.247091293334961,-9.128081321716309,-5.71958589553833,-4.681238651275635,-7.063222885131836,-1.535361647605896,-6.222887992858887,0.21139573317307692,0.005210965871810913,2736.4302203090647,1924.4189878573338,1.0
-669.8079833984375,63.38105392456055,1.186434268951416,8.168844223022461,-1.7499094009399414,-8.731260299682617,-14.38929557800293,-5.821409702301025,-3.332024097442627,-3.1524972915649414,-10.12430477142334,-3.9475464820861816,-3.629425048828125,0.1324744591346154,0.0028209411539137363,1953.797177211403,1649.9129955929168,1.0
-611.3069458007812,61.28656005859375,4.298577308654785,10.119768142700195,0.10426042973995209,-15.424174308776855,-12.594574928283691,-5.005435466766357,-5.723360538482666,-4.228931903839111,-10.428643226623535,-2.8785152435302734,-3.3603248596191406,0.11799879807692308,0.004173194523900747,1980.876381900346,1679.861820472334,1.0
-630.467041015625,51.75131607055664,8.998526573181152,10.638022422790527,0.19647686183452606,-14.341447830200195,-15.345678329467773,-7.850688457489014,-8.133408546447754,-3.557541847229004,-12.136807441711426,-2.7642531394958496,-2.7481541633605957,0.21012995793269232,0.003982326481491327,2962.4486622160553,2273.9022437739936,1.0
-609.6868896484375,50.35508728027344,5.974996089935303,11.06867790222168,-0.6883530020713806,-11.506017684936523,-15.354349136352539,-9.878484725952148,-4.6449294090271,-3.6337509155273438,-10.430489540100098,-3.8324503898620605,-3.4659996032714844,0.1885028545673077,0.004813614767044783,2639.934055988831,1924.116231248498,1.0
-606.1338500976562,60.65531539916992,-0.363369882106781,7.507527828216553,-4.2336812019348145,-10.559882164001465,-14.658341407775879,-7.740637302398682,-3.599167585372925,-4.576502323150635,-10.184713363647461,-4.056172847747803,-4.186529159545898,0.2532301682692308,0.003957235254347324,2612.6272600007346,2176.7260975801273,1.0
-574.2687377929688,61.07304000854492,-4.124685764312744,7.476373195648193,0.5490139126777649,-13.689522743225098,-11.449872970581055,-7.897469520568848,-5.868060111999512,-1.74846613407135,-12.124611854553223,-4.927682399749756,-2.3240184783935547,0.21100135216346153,0.0068124085664749146,3300.7115686380357,2424.1800152289593,1.0
-632.0560302734375,55.21630096435547,5.127658843994141,6.306468486785889,-3.523411750793457,-14.641227722167969,-17.322538375854492,-7.600317478179932,-8.650250434875488,-1.1416010856628418,-12.454730987548828,-5.506058692932129,-1.4691805839538574,0.12477088341346154,0.0037462543696165085,2075.7389565924705,1645.0432054676828,1.0
-623.5137939453125,58.850643157958984,4.593964576721191,4.545570373535156,0.1255335807800293,-14.27411937713623,-19.244380950927734,-7.123270511627197,-9.528055191040039,-2.4490268230438232,-10.828848838806152,-3.6706387996673584,-2.479326009750366,0.19772010216346153,0.003938520792871714,2727.229596833078,2047.2267966711877,1.0
-555.7012329101562,49.67595291137695,-15.464186668395996,9.084393501281738,-4.096105098724365,-11.130545616149902,-12.464466094970703,-11.865743637084961,-7.349440097808838,-0.11207862198352814,-12.413887977600098,-4.382311820983887,-0.6715617775917053,0.17005709134615385,0.00850199069827795,2371.2928578207056,1713.7476789560635,1.0
-534.8052978515625,48.100914001464844,-9.840296745300293,11.218718528747559,-3.204742908477783,-8.887133598327637,-12.537186622619629,-8.981801986694336,-4.378095626831055,-1.247459053993225,-11.241922378540039,-3.8505325317382812,-0.7035639882087708,0.33524263822115385,0.009777169674634933,3064.605791519822,2360.3906850081735,1.0
-544.2323608398438,51.47486877441406,-6.1049017906188965,9.090188026428223,0.026645483449101448,-11.84891414642334,-15.158904075622559,-10.623306274414062,-7.771657943725586,-2.4230501651763916,-11.173194885253906,-6.208683967590332,-2.419886589050293,0.27024864783653846,0.008624302223324776,3064.0400592939623,2472.4873688995567,1.0
-549.14404296875,45.41586685180664,-9.876875877380371,7.526495456695557,-1.6981064081192017,-11.698551177978516,-14.72592544555664,-12.969157218933105,-9.974225997924805,1.0659536123275757,-10.1348295211792,-7.007091999053955,-2.8740665912628174,0.18701171875,0.009010186418890953,2470.9565162573717,1667.6620178143398,1.0
-495.758056640625,46.967010498046875,-18.109270095825195,5.457516670227051,-5.426226615905762,-10.976617813110352,-13.87728500366211,-13.981345176696777,-9.06624698638916,0.7513774633407593,-12.294425964355469,-6.597704887390137,-2.4150431156158447,0.18642202524038462,0.014638136141002178,2657.2459093198304,1977.3027751636387,1.0
-426.01971435546875,37.223724365234375,-19.44621467590332,7.909497261047363,-5.0812578201293945,-14.814535140991211,-10.44136905670166,-8.767036437988281,-7.909396648406982,1.4388923645019531,-11.267183303833008,-4.956999778747559,-0.07587327063083649,0.29269080528846153,0.02364090085029602,3258.3829437378135,2472.528978790195,1.0
-479.09014892578125,37.252010345458984,-11.994513511657715,7.196951866149902,-7.54166316986084,-18.06769371032715,-18.446691513061523,-13.754475593566895,-10.379549980163574,-2.210428476333618,-15.59960651397705,-7.224108695983887,-5.259579658508301,0.2401141826923077,0.01743665337562561,3218.3697209318434,2324.7738437852972,1.0
-490.8058166503906,45.25266647338867,-12.38111686706543,6.009297847747803,-4.433902263641357,-15.428991317749023,-14.059382438659668,-12.615281105041504,-8.851181983947754,2.284815788269043,-10.614568710327148,-7.247860908508301,-0.938808798789978,0.24224759615384617,0.014365038834512234,3091.1048008905054,1980.5299693768982,1.0
-642.80322265625,52.84772491455078,0.21476370096206665,13.88109016418457,-4.399930477142334,-5.767460823059082,-13.55827808380127,-10.292635917663574,-2.676970958709717,-4.895995140075684,-9.512447357177734,-3.940791130065918,-0.6623902320861816,0.2528470552884615,0.0038030364084988832,2965.589604814466,2263.315426212887,2.0
-639.2430419921875,67.97126770019531,1.3600214719772339,11.64232349395752,-4.914758205413818,-11.534645080566406,-15.79446029663086,-11.314203262329102,-5.762478351593018,-2.8841166496276855,-11.163506507873535,-4.4000701904296875,0.2531105577945709,0.22293043870192308,0.00344958808273077,2290.32954442752,2065.7665210260557,2.0
-661.0192260742188,50.50200653076172,2.1575920581817627,9.602445602416992,1.7784360647201538,-6.629814147949219,-14.362410545349121,-10.088991165161133,-5.187082767486572,-0.8054752349853516,-10.519661903381348,-5.285852432250977,-1.380230188369751,0.2776066706730769,0.00383514235727489,2611.4048744935267,2084.3836822099233,2.0
-662.3801879882812,51.037044525146484,4.371575355529785,11.668488502502441,0.2825002670288086,-8.13722038269043,-17.42323112487793,-9.072879791259766,-6.684241771697998,-2.803478479385376,-11.42906379699707,-5.096438884735107,-3.121182441711426,0.14516225961538462,0.0035593893844634295,2134.9497542776426,1680.5655770870892,2.0
-584.9332275390625,64.89302062988281,-15.300403594970703,11.705907821655273,-1.5340254306793213,-13.895376205444336,-22.39468765258789,-19.267995834350586,-8.282543182373047,-1.6397954225540161,-13.554047584533691,-4.203798294067383,2.042576313018799,0.20353064903846155,0.005170315969735384,2529.946863600415,1992.2131999916908,2.0
-613.2861938476562,56.54598617553711,-5.922298431396484,7.084230422973633,-3.457099676132202,-9.1497163772583,-18.02571678161621,-12.312843322753906,-8.860361099243164,0.13344398140907288,-11.801712989807129,-6.742874622344971,1.007596492767334,0.15576171875,0.004422399681061506,2443.2447443234582,1773.4309433825492,2.0
-573.5390625,60.675167083740234,-2.4185988903045654,8.406513214111328,-3.174283981323242,-18.59263801574707,-23.298093795776367,-16.88117027282715,-13.096759796142578,-2.5563950538635254,-14.991311073303223,-8.39206314086914,-0.3284963071346283,0.2799842247596154,0.006925846915692091,2820.3264262659,2261.5986859607397,2.0
-563.4697265625,55.65119552612305,-10.888343811035156,6.425065517425537,-3.397613048553467,-17.902021408081055,-26.52459716796875,-13.795665740966797,-5.763021945953369,-3.595912218093872,-15.404025077819824,-6.776731491088867,0.5519031286239624,0.34067007211538464,0.007423729170113802,3158.783738356723,2169.323553314838,2.0
-461.8392333984375,49.17324447631836,-6.723848342895508,9.337122917175293,-9.811362266540527,-10.949885368347168,-8.581219673156738,-13.283802032470703,-10.257186889648438,1.7955970764160156,-9.562172889709473,-3.4515204429626465,-1.3968284130096436,0.12066932091346154,0.016462435945868492,2050.745812266544,1671.2482912665923,2.0
-437.98822021484375,46.691619873046875,-6.752598285675049,6.2056450843811035,-8.963629722595215,-12.094618797302246,-5.769381046295166,-11.538260459899902,-15.536423683166504,1.6671783924102783,-10.562023162841797,-6.586044788360596,0.1741061806678772,0.2786395733173077,0.02010202780365944,3171.5921472129044,2334.2202818619135,2.0
-488.4595642089844,42.61845016479492,-6.0843729972839355,3.052885055541992,-13.423052787780762,-8.576363563537598,-11.888558387756348,-15.374592781066895,-15.474895477294922,-1.9220370054244995,-9.580166816711426,-7.845456123352051,-4.1729254722595215,0.18176832932692308,0.015609128400683403,2798.886176814045,1901.7617894099717,2.0
-439.80865478515625,44.114051818847656,-6.5790696144104,10.149956703186035,-8.306900978088379,-11.600112915039062,-11.157015800476074,-16.14431381225586,-14.5345458984375,0.08263526111841202,-11.33560848236084,-8.14546012878418,-0.9000356793403625,0.21407001201923076,0.023664485663175583,2909.5294855060993,2086.3110495756905,2.0
-390.4136962890625,43.013641357421875,-12.39615535736084,5.302805423736572,-14.405106544494629,-15.405521392822266,-5.90507698059082,-14.418389320373535,-12.798599243164062,2.241236686706543,-12.272040367126465,-4.294772148132324,-1.0255478620529175,0.14829477163461538,0.033291179686784744,2438.1716759943583,1827.2183879019346,2.0
-386.66650390625,34.71985626220703,-22.931236267089844,2.768601894378662,-13.275899887084961,-15.947385787963867,-5.755827903747559,-17.218975067138672,-15.157055854797363,4.388156890869141,-11.064596176147461,-6.033886909484863,-2.05961275100708,0.1862079326923077,0.04590201750397682,2643.2465771755383,2006.3029089265438,2.0
-388.1233825683594,27.64529037475586,-18.967750549316406,2.6953296661376953,-10.76568603515625,-16.965709686279297,-1.6452258825302124,-19.305688858032227,-15.453383445739746,5.152740955352783,-13.482497215270996,-6.179980278015137,-5.630950450897217,0.2003455528846154,0.04990582540631294,2942.838717961917,2003.2927000029708,2.0
-397.71661376953125,28.312652587890625,-16.320688247680664,3.9443256855010986,-12.537429809570312,-17.61249542236328,-3.351823568344116,-15.475077629089355,-14.823028564453125,5.792469024658203,-12.74803638458252,-3.922691583633423,-1.691217303276062,0.23492337740384617,0.03958655893802643,3198.657223208084,2020.3425448686748,2.0
-540.8073120117188,52.168907165527344,-10.755423545837402,8.018074035644531,-5.3242034912109375,-11.41506576538086,-11.802156448364258,-14.837944984436035,-11.404702186584473,0.06406655162572861,-13.444276809692383,-10.484566688537598,3.825077772140503,0.19301382211538462,0.010081415995955467,2822.7859445213867,2168.190289300971,0.0
-581.4556274414062,47.0147819519043,-3.157794713973999,10.527541160583496,-2.8833694458007812,-4.273230075836182,-10.502132415771484,-13.388592720031738,-7.183133125305176,0.5390013456344604,-10.11001205444336,-8.408356666564941,2.9170644283294678,0.13816856971153846,0.006926515605300665,2010.8713312700418,1641.5573473880202,0.0
-555.4349365234375,44.6541633605957,-1.5665414333343506,10.647099494934082,-1.5669318437576294,-9.94870662689209,-15.67745590209961,-11.946253776550293,-5.161961078643799,-0.3718325197696686,-11.25532054901123,-4.298888683319092,1.3718745708465576,0.3205078125,0.008041245862841606,3134.6274747501593,2393.4334432183477,0.0
-523.67236328125,42.90095901489258,-6.984766483306885,4.92173957824707,-3.03633975982666,-11.377065658569336,-16.854637145996094,-16.334819793701172,-10.279875755310059,0.3957121670246124,-14.452866554260254,-9.028831481933594,1.2863792181015015,0.16387469951923078,0.010579349473118782,2531.2435546187994,1741.8768125706558,0.0
-369.82769775390625,30.90040397644043,-31.292064666748047,1.016371488571167,-14.519805908203125,-17.417308807373047,-17.167617797851562,-17.7994384765625,-13.653754234313965,-2.2760446071624756,-17.861600875854492,-10.469688415527344,6.282318115234375,0.1751014122596154,0.03824136406183243,2702.800666771379,2014.790552386331,0.0
-357.6573181152344,23.364545822143555,-32.414146423339844,0.3115300238132477,-12.313398361206055,-20.304779052734375,-16.978328704833984,-15.845462799072266,-11.657050132751465,-1.8167976140975952,-16.232662200927734,-3.1637794971466064,10.562714576721191,0.23572716346153846,0.05060576647520065,3187.6155213145594,2341.104554691119,0.0
-371.96002197265625,21.02613067626953,-34.06792449951172,-0.7205584049224854,-11.713923454284668,-21.50149154663086,-15.45966625213623,-21.046045303344727,-16.135671615600586,2.0843234062194824,-19.449811935424805,-8.299788475036621,7.72545862197876,0.247998046875,0.042907051742076874,3585.3114614322544,2402.842558004963,0.0
-368.3881530761719,27.30925941467285,-30.232101440429688,-2.0218589305877686,-10.05388355255127,-19.88836669921875,-15.96121883392334,-19.551668167114258,-12.495628356933594,2.4031994342803955,-16.301319122314453,-6.709761142730713,8.569355010986328,0.2488469050480769,0.04671525955200195,3331.8273745309266,2288.3244312872457,0.0
-586.2308349609375,57.13836669921875,-0.4627198576927185,8.734293937683105,-8.456772804260254,-3.20021653175354,-12.106499671936035,-12.766156196594238,-9.512860298156738,0.10409217327833176,-7.011762619018555,-6.2368316650390625,1.0041868686676025,0.13716947115384615,0.005406069103628397,2377.415921001652,1710.5639817184513,2.0
-572.3645629882812,58.6672248840332,-2.0066897869110107,5.990307807922363,-10.341015815734863,-3.6545987129211426,-11.354949951171875,-13.838178634643555,-7.186417579650879,-0.9678370356559753,-9.694551467895508,-6.295342445373535,-1.4085980653762817,0.16203425480769232,0.0062785400077700615,2350.795461042371,1708.0505022320551,2.0
-601.3565063476562,50.30485534667969,-0.03029562160372734,10.427492141723633,-6.147243022918701,-12.877108573913574,-15.083629608154297,-7.206094264984131,-7.3439412117004395,-7.158694267272949,-6.903383255004883,-5.246976375579834,-5.102837085723877,0.16389347956730768,0.005824731662869453,2676.527952723262,1929.3983262309075,2.0
-560.2935180664062,52.84408187866211,3.102146625518799,8.021081924438477,-3.661648750305176,-8.67437744140625,-10.80081844329834,-7.829727649688721,-7.9432759284973145,-2.296623706817627,-8.041304588317871,-3.183854341506958,-2.9546523094177246,0.2611741286057692,0.00833400059491396,2886.715572402876,1964.2116849806932,2.0
-549.9407348632812,46.791812896728516,1.0490942001342773,13.471818923950195,-7.659230709075928,-11.022720336914062,-14.744443893432617,-14.91336441040039,-7.361180305480957,0.22945252060890198,-12.268717765808105,-7.647439479827881,-1.5277396440505981,0.2838303786057692,0.005863894708454609,3200.6370968027127,2516.9658076797505,2.0
-528.3644409179688,41.87668228149414,-1.7755225896835327,13.944792747497559,-9.95229721069336,-8.995295524597168,-10.818339347839355,-12.536907196044922,-7.625211715698242,0.6324799656867981,-9.02141284942627,-6.95182466506958,-0.25288668274879456,0.1620154747596154,0.007236490026116371,2476.2542933712803,1851.0994235603112,2.0
-528.205810546875,42.51285171508789,5.986380100250244,10.834083557128906,-4.864603519439697,-12.860638618469238,-15.583484649658203,-11.982654571533203,-12.558621406555176,1.4339491128921509,-15.958038330078125,-6.0637288093566895,-2.815361976623535,0.27898512620192306,0.01102166622877121,3086.0033323320936,2102.0578343228985,2.0
-502.7608947753906,41.382633209228516,0.23028939962387085,8.795817375183105,-4.881289958953857,-17.995742797851562,-14.084039688110352,-9.387994766235352,-11.213422775268555,-2.024559497833252,-12.878610610961914,-5.457230091094971,-3.040642261505127,0.26232722355769234,0.013547427952289581,3255.3683018107204,1927.190297430069,2.0
-583.4993896484375,53.590877532958984,-10.293396949768066,5.397374629974365,-6.847273349761963,-12.535832405090332,-14.522241592407227,-9.968240737915039,-3.9129226207733154,-3.533139705657959,-11.758244514465332,-2.081639528274536,-6.456263065338135,0.15633263221153845,0.006987399887293577,2283.0378513904575,1739.5517437068424,0.0
-542.8954467773438,47.01652145385742,-7.5314812660217285,2.4320433139801025,-11.939000129699707,-14.322250366210938,-15.384840965270996,-7.0970282554626465,-8.029298782348633,-7.401377201080322,-6.812905311584473,-6.245941162109375,-8.606109619140625,0.28256084735576925,0.010361758060753345,3293.75197647753,2263.571558530574,0.0
-554.9965209960938,46.46924591064453,-7.986030578613281,4.107264995574951,-7.954544544219971,-11.979524612426758,-15.121733665466309,-13.625557899475098,-6.083240032196045,-4.257527828216553,-12.034031867980957,-2.714362382888794,-6.451240539550781,0.22558969350961539,0.011332851834595203,3368.6907493675653,2217.0597305201845,0.0
-511.7010192871094,39.105960845947266,-7.986663341522217,2.649933338165283,-10.575769424438477,-16.566341400146484,-17.26767921447754,-5.79421854019165,-9.754430770874023,-8.367116928100586,-9.311324119567871,-7.076695919036865,-8.14091682434082,0.18641075721153846,0.017083091661334038,2575.9688927387683,1868.2245938290207,0.0
-534.514404296875,51.60056686401367,-14.989317893981934,3.4053258895874023,-9.068124771118164,-10.816749572753906,-16.44434928894043,-14.029321670532227,-3.188363552093506,-4.323267459869385,-11.515060424804688,-4.956821918487549,-5.652259826660156,0.15841346153846153,0.010398238897323608,2116.7239417038268,1780.2053134737218,0.0
-510.09454345703125,51.11408615112305,-12.013947486877441,2.4402873516082764,-13.271347999572754,-14.847037315368652,-12.766779899597168,-8.841526985168457,-9.225689888000488,-6.406139373779297,-11.02454948425293,-6.423776626586914,-6.155112266540527,0.18387920673076924,0.014434878714382648,2765.6739640798955,2031.2458911401914,0.0
-477.52398681640625,47.121395111083984,-12.526679039001465,-0.30022162199020386,-7.1959943771362305,-18.102903366088867,-17.542922973632812,-13.123473167419434,-10.865633010864258,-4.701849460601807,-13.533900260925293,-3.1819026470184326,-3.4079973697662354,0.2967397836538462,0.0205409973859787,3107.76315829435,2355.756248124036,0.0
-506.9293212890625,43.69001007080078,-11.086576461791992,-0.33466410636901855,-7.993047714233398,-17.94691276550293,-17.653013229370117,-11.2346773147583,-9.833599090576172,-7.1433634757995605,-12.898591041564941,-4.960505485534668,-7.4895339012146,0.17647611177884615,0.016330869868397713,2716.462577675842,1963.7046240197299,0.0
-599.8944702148438,87.54736328125,6.770176410675049,19.490163803100586,17.939292907714844,5.78480863571167,9.822433471679688,-9.227343559265137,-7.303657054901123,6.524228096008301,-3.147543430328369,-1.340940237045288,4.595272541046143,0.12430513822115384,0.0049802749417722225,2095.900875532209,2483.193753085138,1.0
-621.337158203125,76.97674560546875,5.483367443084717,18.901460647583008,14.655370712280273,3.8328135013580322,10.483333587646484,-2.6113178730010986,-5.361201763153076,3.8752171993255615,0.6703323125839233,-0.9183124303817749,5.748079299926758,0.15189678485576924,0.004465482663363218,2219.754070119579,2595.752650720389,1.0
-607.2090454101562,79.42267608642578,7.083887577056885,17.43059539794922,12.932140350341797,4.052486419677734,10.694077491760254,-6.977813243865967,-9.367831230163574,4.097061634063721,-2.9269051551818848,-1.946040153503418,5.872889995574951,0.15465745192307692,0.00548593932762742,2268.5193504158465,2573.9247324100274,1.0
-602.81689453125,77.43838500976562,5.187429904937744,17.32961654663086,12.7109375,5.484375476837158,12.388765335083008,-8.062233924865723,-9.149622917175293,5.726931571960449,-1.2030266523361206,-0.47580260038375854,5.462883949279785,0.15495042067307693,0.0052570682018995285,2134.3992097636897,2369.6593278414607,1.0
-624.4812622070312,72.11547088623047,5.369170188903809,15.853620529174805,13.4506254196167,7.988803386688232,5.7459716796875,-4.569231986999512,-3.93180775642395,3.415123701095581,-0.4353232681751251,-1.163753628730774,5.458083629608154,0.17475961538461537,0.004151841159909964,2233.880846507234,2597.268604132852,1.0
-620.6401977539062,73.49517822265625,13.640401840209961,19.69715118408203,15.478079795837402,7.241100311279297,6.910021781921387,-3.1225993633270264,-5.465269088745117,4.656195640563965,-1.4750981330871582,-1.478073239326477,5.85308837890625,0.13720703125,0.005122784525156021,2289.934611648186,2724.741905389233,1.0
-601.576171875,78.33621978759766,15.281702995300293,21.236202239990234,11.989843368530273,8.447461128234863,9.229730606079102,-5.219230651855469,-4.420968055725098,4.874831199645996,-5.4424147605896,0.3962153494358063,2.720712423324585,0.13505108173076924,0.0056172749027609825,2188.4795114980175,2570.0711096881064,1.0
-586.5545654296875,81.645751953125,12.647994995117188,16.86321449279785,12.242433547973633,6.316209316253662,8.469388961791992,-10.012755393981934,-7.7653937339782715,7.17349100112915,-4.828208923339844,-2.8345770835876465,4.058774948120117,0.14651442307692308,0.006259760353714228,2302.510275876034,2510.6370691921684,1.0
-594.4224243164062,79.10836791992188,10.76123046875,22.468114852905273,15.810135841369629,7.045727729797363,9.0072021484375,-6.954390525817871,-3.1321449279785156,4.590415954589844,-2.429131031036377,-2.0480802059173584,4.256630897521973,0.1271484375,0.0048737176693975925,2230.07269205063,2614.185109630261,1.0
-645.6044311523438,82.9627914428711,14.180652618408203,24.853805541992188,14.526952743530273,6.416650772094727,11.756433486938477,-1.7276427745819092,-0.4426950216293335,2.663564920425415,-1.478493332862854,-0.07958409190177917,4.7805070877075195,0.14258939302884616,0.00333512295037508,2080.424419420448,2560.66520443482,1.0
-589.4754638671875,73.43594360351562,13.849610328674316,25.346986770629883,14.421433448791504,6.690098285675049,3.415364980697632,-7.682075500488281,-4.247977256774902,5.610532760620117,-6.1042938232421875,-2.693380355834961,7.264516830444336,0.17236328125,0.005483963061124086,2542.8057217653923,2617.487662501626,1.0
-651.7788696289062,87.24185180664062,16.39683723449707,21.0302734375,12.117327690124512,12.958770751953125,12.576056480407715,-3.9214956760406494,-5.302560806274414,7.196675777435303,-1.6149475574493408,1.0442007780075073,7.295703887939453,0.13804837740384615,0.0037596162874251604,2078.310399644831,2459.9977850338228,1.0
-585.76220703125,69.1236801147461,4.836792945861816,14.44375228881836,11.40778636932373,7.511013507843018,2.7495498657226562,-7.9560394287109375,-5.727042198181152,1.6068464517593384,-1.779934048652649,-2.589144706726074,3.3998172283172607,0.17406475360576923,0.006442283280193806,2269.799180056953,2569.577785215822,1.0
-552.1128540039062,65.30036163330078,-3.6330368518829346,15.887906074523926,11.502284049987793,5.954899787902832,1.265035629272461,-9.89476203918457,-7.149271488189697,6.044764041900635,-0.6021571159362793,-6.951756000518799,4.464331150054932,0.13973858173076922,0.00875591766089201,2482.4674474643793,2454.2589606158845,1.0
-550.259765625,60.55002212524414,-2.7185161113739014,13.498527526855469,9.86054515838623,0.3304755687713623,4.209184646606445,-9.59716796875,-9.605167388916016,2.1360907554626465,-2.187004804611206,-4.536768436431885,5.6238250732421875,0.20434945913461539,0.0107804574072361,2898.2474746884773,2700.871061647472,1.0
-516.8662109375,73.2823486328125,-6.960720062255859,14.361555099487305,4.139368534088135,6.207482814788818,0.8751602172851562,-19.758398056030273,-10.382407188415527,2.0512807369232178,-2.095737934112549,-7.029470443725586,4.584056377410889,0.15071739783653845,0.009691926650702953,2693.8878722579407,2431.234640246695,1.0
-463.477294921875,46.72573471069336,-1.5458728075027466,6.60406494140625,-0.3563394546508789,1.3254854679107666,-2.5286366939544678,-4.370858192443848,-7.50291109085083,-1.5861282348632812,-0.7331065535545349,-5.050760746002197,-1.6031429767608643,0.13805588942307692,0.023074952885508537,2397.457849998345,2581.023374212885,1.0
-368.0990295410156,45.291046142578125,-6.6478729248046875,4.075018882751465,-0.5510101318359375,1.1164721250534058,-3.466996908187866,-8.817461967468262,-9.364021301269531,-2.303165912628174,-2.9493608474731445,-6.172327518463135,-2.5220322608947754,0.1261493389423077,0.03897704556584358,2571.302919003254,2524.289572310269,1.0
-443.4364013671875,46.992408752441406,-8.08918571472168,5.000881671905518,-1.7479588985443115,5.3486151695251465,-6.797220706939697,-12.154510498046875,-9.906780242919922,-0.9397627711296082,-2.0077438354492188,-8.799695014953613,0.4170569181442261,0.15345177283653846,0.02230433188378811,2471.8052210580395,2286.5592386889866,1.0
-450.68951416015625,44.1474494934082,-4.497024059295654,2.2489378452301025,-0.9155911207199097,3.9395830631256104,-5.698596000671387,-11.013038635253906,-10.205789566040039,-2.2239792346954346,-4.900815963745117,-7.595796585083008,-1.6059966087341309,0.1610088641826923,0.022606762126088142,2794.38359525245,2493.5806690351787,1.0
-570.5442504882812,79.92752075195312,-5.9114861488342285,12.416967391967773,11.736430168151855,3.4970295429229736,9.152484893798828,-9.554952621459961,-11.062588691711426,4.478470325469971,3.443706512451172,-0.8543545007705688,5.511820316314697,0.15268930288461538,0.00647862209007144,2301.234630982148,2415.3475789685,2.0
-569.9166870117188,74.87720489501953,-1.5708093643188477,10.955802917480469,11.141230583190918,3.3658175468444824,8.484823226928711,-5.744261264801025,-7.1506524085998535,3.5106399059295654,0.4928648769855499,-1.357182264328003,6.1853928565979,0.1315655048076923,0.007223412860184908,2258.5302556324527,2592.9905066960273,2.0
-602.3896484375,81.14786529541016,1.5933547019958496,21.283132553100586,10.803953170776367,4.038751125335693,11.91975212097168,-7.165512561798096,-8.169108390808105,4.829712390899658,-4.901808261871338,-3.0279908180236816,6.211775302886963,0.13972731370192307,0.005143563728779554,2311.9932031069143,2348.4852777909555,2.0
-557.2088012695312,74.41316986083984,-4.519152641296387,15.434331893920898,6.606787204742432,3.1577141284942627,7.352832794189453,-5.8895158767700195,-9.229482650756836,3.5050058364868164,-1.0275789499282837,-3.436102867126465,5.827948570251465,0.14239783653846153,0.007457333151251078,2302.5656117046674,2346.89850122287,2.0
-508.3149719238281,68.764892578125,-10.103218078613281,9.620765686035156,11.303868293762207,4.028960704803467,2.226010322570801,-9.542526245117188,-9.005328178405762,8.059260368347168,2.347895622253418,-1.7858200073242188,6.7479095458984375,0.09310772235576924,0.013730249367654324,1929.2771254038344,2211.0713844495344,2.0
-523.9998779296875,66.49661254882812,-9.305140495300293,12.567276000976562,8.934222221374512,-1.524286150932312,3.3798513412475586,-6.649881839752197,-10.779072761535645,4.484965801239014,-0.6622754335403442,-2.9372546672821045,4.8507490158081055,0.12907527043269232,0.01078023947775364,2281.107306415693,2515.9013895877492,2.0
-501.6759033203125,66.3548355102539,-15.319024085998535,15.04334545135498,5.698930740356445,1.453989863395691,0.7931419014930725,-13.2130126953125,-12.467071533203125,3.2962443828582764,0.9934284090995789,-5.6647138595581055,6.816556453704834,0.15177283653846155,0.011256005614995956,2392.782750421006,2183.325122748351,2.0
-511.5106506347656,61.56609344482422,-12.341155052185059,11.109816551208496,7.394155979156494,0.6501244306564331,-1.8035554885864258,-12.186095237731934,-13.295077323913574,4.753485679626465,-1.020645022392273,-6.7837300300598145,6.434308052062988,0.15788386418269232,0.010477770119905472,2637.087527079205,2449.291112288066,2.0
-620.4640502929688,60.85219955444336,7.335948944091797,15.616567611694336,14.2945556640625,6.193863391876221,6.551252841949463,-0.2864703834056854,0.19886897504329681,3.942861795425415,0.5288872122764587,2.2558069229125977,5.814817428588867,0.19286733774038461,0.0030567620415240526,2746.4829961021996,2813.8180013772135,2.0
-565.852783203125,70.89757537841797,3.2020223140716553,15.838322639465332,10.418609619140625,3.4665699005126953,6.4767279624938965,-3.5198731422424316,-1.3010756969451904,5.233412265777588,-3.185044527053833,0.8204580545425415,4.702043056488037,0.16911433293269232,0.005503329914063215,2480.0360294456045,2619.446186587304,2.0
-532.541748046875,65.47457122802734,-5.290544033050537,17.768842697143555,10.822531700134277,-1.7552764415740967,9.727182388305664,-7.5323710441589355,-8.4053955078125,4.708191871643066,-4.7229905128479,-1.4962388277053833,7.20268440246582,0.15382737379807693,0.010179470293223858,2558.090366800837,2556.003748400585,2.0
-585.5613403320312,65.28484344482422,3.5618019104003906,18.1253604888916,12.757396697998047,4.27034330368042,7.820128440856934,-8.634654998779297,-4.487167835235596,5.215358257293701,-4.8790717124938965,-1.2912771701812744,6.815950870513916,0.19288987379807693,0.005665614735335112,2888.7784298292963,2648.645371646401,2.0
-421.7732238769531,50.87112045288086,-15.040179252624512,12.723685264587402,7.362154483795166,-3.080811023712158,2.9580416679382324,-1.9175673723220825,-9.436834335327148,2.8243563175201416,-5.534876823425293,-4.375448703765869,4.196041107177734,0.15070988581730768,0.02899918332695961,2624.9134490562465,2458.537221021129,2.0
-346.7914733886719,50.3027458190918,-19.620710372924805,11.16779899597168,4.296817779541016,-9.152833938598633,1.5194437503814697,-5.864053249359131,-13.12386417388916,5.233107566833496,-4.7584357261657715,-5.112453460693359,5.146803855895996,0.1748985877403846,0.056344933807849884,2969.221010394397,2444.525774599126,2.0
-426.283203125,55.69938659667969,-12.41523265838623,8.996675491333008,6.3062591552734375,-5.501173973083496,1.9661345481872559,-1.513134479522705,-15.165647506713867,1.6501362323760986,-5.178013324737549,-5.660153865814209,4.05410099029541,0.1677959735576923,0.036298949271440506,2553.943399868447,2370.732014809699,2.0
-385.16436767578125,51.994483947753906,-25.05436134338379,14.854251861572266,5.926078796386719,-4.865200042724609,0.5401484370231628,-8.625931739807129,-17.02342414855957,3.23502254486084,-6.156584739685059,-8.131150245666504,5.370363235473633,0.1989220252403846,0.03873731568455696,3057.8259907205615,2312.268142339582,2.0
-532.2617797851562,63.7042350769043,-3.251493453979492,10.095858573913574,15.034774780273438,11.813029289245605,3.953639507293701,-10.058134078979492,-9.249703407287598,5.329060077667236,3.355593204498291,-3.4444668292999268,4.022507667541504,0.07996544471153846,0.011204264126718044,2019.248114527726,2302.70524006488,0.0
-499.5588073730469,66.1819076538086,-4.107787609100342,10.399081230163574,10.110432624816895,6.057235240936279,3.0920708179473877,-7.943871021270752,-9.723949432373047,5.6513519287109375,3.3028674125671387,-3.590846538543701,5.94000768661499,0.08836388221153846,0.015206488780677319,2045.4036717984104,2256.1322179790905,0.0
-475.41741943359375,71.2715835571289,-11.388642311096191,10.709066390991211,11.17248821258545,5.217920780181885,1.087033987045288,-13.63847827911377,-14.441499710083008,7.318456172943115,1.5606157779693604,-4.3163886070251465,8.336395263671875,0.07688927283653846,0.0168373491615057,1951.98271542327,2143.87078357397,0.0
-401.712890625,37.35737228393555,-6.826004505157471,8.628792762756348,2.183628559112549,3.348400354385376,0.8650919795036316,-2.802217483520508,-7.590342998504639,3.445233106613159,-0.4106682538986206,-4.1055755615234375,3.074753999710083,0.12877478966346154,0.042086146771907806,2275.0076109645074,2307.7389624991292,0.0
-368.70263671875,36.354034423828125,-6.633132457733154,8.057682991027832,3.880357503890991,3.525942802429199,0.22468812763690948,-4.012500286102295,-4.851343631744385,0.9652407765388489,0.6174572110176086,-3.818234920501709,-1.0142256021499634,0.12288912259615385,0.0552753284573555,2399.2457071921144,2323.507520795237,0.0
-402.1101989746094,38.310264587402344,-10.271697044372559,6.747454643249512,4.014692783355713,0.43233373761177063,-2.6357920169830322,-2.3844923973083496,-5.83466911315918,1.104053020477295,0.9133390188217163,-4.392079830169678,2.1591720581054688,0.1318584735576923,0.03970766440033913,2215.0026172674716,2339.59142748075,0.0
-417.9752502441406,39.89404296875,-8.526508331298828,4.5555853843688965,2.560251474380493,2.7721712589263916,-3.2438275814056396,-4.429171562194824,-9.500731468200684,1.3174630403518677,0.6553460359573364,-5.471916198730469,1.138655424118042,0.13273737980769232,0.03953542932868004,2355.060100976342,2504.605982939634,0.0
-375.4463806152344,35.494991302490234,-12.071529388427734,5.952023983001709,2.5337889194488525,4.263670921325684,-5.297858238220215,-4.656063556671143,-8.48930835723877,-2.0124154090881348,2.0695743560791016,-5.489373683929443,1.8564951419830322,0.16891150841346153,0.041232578456401825,2685.6308278202036,2408.1545791242884,0.0
-562.2911376953125,63.876373291015625,2.551140785217285,17.670442581176758,7.779866695404053,3.2917418479919434,2.9900572299957275,-1.4497344493865967,-4.836546421051025,4.5270094871521,-1.8948347568511963,-1.2175309658050537,2.773073434829712,0.1690692608173077,0.006357647944241762,2424.7057184134333,2546.5038095457344,2.0
-583.0973510742188,70.39962768554688,11.320687294006348,19.06964683532715,11.622979164123535,5.279528617858887,4.643272399902344,0.6872092485427856,-4.0676116943359375,3.881831169128418,-1.4029937982559204,-1.3080167770385742,4.3601555824279785,0.1292705829326923,0.007725166156888008,2140.8056980196757,2507.4978789811917,2.0
-557.2531127929688,56.654319763183594,5.512588977813721,15.199151039123535,10.36142349243164,5.38322639465332,4.391664981842041,-5.3097243309021,-5.756555557250977,5.647919178009033,-3.2818782329559326,-3.0696792602539062,4.131948471069336,0.17068434495192308,0.007373913656920195,2555.751890741427,2610.9443153165234,2.0
-575.7745361328125,67.95374298095703,4.563739776611328,15.433252334594727,7.98942232131958,11.050701141357422,10.299750328063965,-6.884725093841553,-7.324527740478516,9.12794303894043,-3.597747802734375,-2.2564332485198975,5.514399528503418,0.170947265625,0.004967660177499056,2522.557758773332,2513.4261646766054,2.0
-492.3033752441406,45.323089599609375,6.365559101104736,11.717733383178711,3.886603355407715,2.920999765396118,-6.217679500579834,-2.344146251678467,-5.266408920288086,3.6443755626678467,-8.398970603942871,-0.5593188405036926,2.240143299102783,0.16455829326923077,0.013275728560984135,2694.525074403947,2765.241616754156,2.0
-493.1223449707031,53.83724594116211,5.704611301422119,9.677978515625,5.760321140289307,3.0772767066955566,-8.091346740722656,-4.072602272033691,-7.241434574127197,3.2505502700805664,-8.50992202758789,-2.7318763732910156,2.2775635719299316,0.1478252704326923,0.011347031220793724,2475.2321010730193,2589.0164386613524,2.0
-477.12127685546875,32.71784591674805,4.2030816078186035,13.34848403930664,2.799497604370117,8.547975540161133,-8.02293872833252,-8.573710441589355,-12.032251358032227,5.3058271408081055,-6.132801532745361,-2.542611837387085,2.5245893001556396,0.20518704927884615,0.009836051613092422,3412.75952966518,2670.8451376272546,2.0
-498.59375,37.25322341918945,9.30538272857666,13.407804489135742,5.39702033996582,8.792631149291992,-4.9200592041015625,-8.510128021240234,-7.247348308563232,3.3739147186279297,-7.109571933746338,-3.6310036182403564,2.227924346923828,0.1671123798076923,0.011035400442779064,2861.259670052215,2578.2953882291536,2.0
-538.1460571289062,48.29006576538086,-3.024672746658325,7.862289905548096,5.4853057861328125,2.8010916709899902,0.2611217796802521,-5.920596122741699,-6.672759532928467,-0.9386575818061829,-2.4221127033233643,-6.4787397384643555,1.140821099281311,0.182568359375,0.009690148755908012,2635.020578633921,2745.931144486152,0.0
-527.1126098632812,52.96424102783203,6.5268683433532715,14.011600494384766,4.952827453613281,7.048945903778076,5.198801040649414,-2.0346171855926514,-3.452479839324951,2.3783230781555176,0.057292528450489044,-1.5132819414138794,3.1331586837768555,0.1379920372596154,0.01074573677033186,2263.8570285886576,2548.719339135114,0.0
-531.9888916015625,43.81565475463867,5.704979419708252,12.382909774780273,1.3353581428527832,8.996610641479492,1.0901448726654053,-8.404293060302734,-7.35048246383667,1.7717559337615967,-2.8014912605285645,-6.697494983673096,-0.6199503540992737,0.1846416766826923,0.007355664391070604,2667.602701132999,2728.633381019105,0.0
-541.1162109375,61.03180694580078,1.7195500135421753,11.94615364074707,2.8389110565185547,9.493185043334961,4.362055778503418,-8.558890342712402,-8.915761947631836,4.809783458709717,0.7187860608100891,-3.1464881896972656,1.3233507871627808,0.124462890625,0.008734112605452538,2280.3278227960823,2432.262027864024,0.0
-472.3008728027344,41.440460205078125,3.6486656665802,13.986523628234863,3.411367654800415,3.7549076080322266,3.5016462802886963,1.083180546760559,-1.8229146003723145,0.5924188494682312,0.4305955171585083,-3.2164528369903564,-2.099576473236084,0.11102388822115385,0.015440452843904495,2455.6962273112845,2743.3241277894954,0.0
-442.1945495605469,47.058631896972656,1.5282864570617676,10.998863220214844,4.2032151222229,6.946295738220215,2.151621103286743,-3.247223377227783,-4.228461265563965,2.281395196914673,1.569861650466919,-2.6605238914489746,2.235776901245117,0.1261681189903846,0.01673530973494053,2440.477660289218,2510.8580857109287,0.0
-428.8271179199219,38.21101760864258,5.44714879989624,10.090400695800781,-2.1040267944335938,2.2609071731567383,0.2240009307861328,0.5378736257553101,-5.416625499725342,0.33272838592529297,-1.04937744140625,-4.782146453857422,-2.244877576828003,0.12503004807692308,0.021733377128839493,2271.624992710115,2577.3855262222773,0.0
-434.1892395019531,37.78276062011719,5.017475605010986,7.722391605377197,-1.657647728919983,3.516785144805908,-1.519404649734497,0.8518818020820618,-6.012078285217285,-0.6482721567153931,-0.0828341543674469,-4.605570316314697,-1.7720814943313599,0.1657940204326923,0.02178851142525673,2640.2943176418944,2626.9469543824994,0.0
-723.7293701171875,62.77517318725586,7.126522064208984,11.496525764465332,0.507234513759613,-6.2663984298706055,-2.118288516998291,-16.131820678710938,-8.004228591918945,-1.9225807189941406,-1.3289270401000977,-6.437323570251465,-6.510851860046387,0.24546649639423077,0.0020548859611153603,3144.341972939259,2399.2646945167107,1.0
-710.1734619140625,66.07310485839844,7.297294616699219,9.079090118408203,0.08509568125009537,-5.358564853668213,-1.9038447141647339,-16.555130004882812,-6.159785270690918,-3.198776960372925,-2.094388008117676,-6.6754631996154785,-7.816102981567383,0.2065655048076923,0.002424337901175022,3079.152893611041,2490.7492603923365,1.0
-732.6614379882812,54.99531936645508,14.523397445678711,7.398458003997803,-4.076394081115723,-3.81015682220459,1.6530550718307495,-14.956748008728027,-8.246390342712402,-2.295051097869873,-3.5395684242248535,-3.508861780166626,-7.606201171875,0.24926382211538461,0.002122697187587619,3369.103839868493,2637.8280050012204,1.0
-733.951904296875,66.683349609375,6.167519569396973,6.795860290527344,-3.037364959716797,-2.8662095069885254,-3.46501088142395,-15.800060272216797,-9.143535614013672,-0.10901454091072083,-2.4716622829437256,-5.178150653839111,-3.6578125953674316,0.3161846454326923,0.002239628927782178,3162.359788968116,2453.2697798455993,1.0
-664.3951416015625,52.497703552246094,3.883107900619507,10.247319221496582,-0.4375002086162567,-6.196351528167725,-0.8753725290298462,-14.785186767578125,-7.035702228546143,-4.5476460456848145,-4.113229751586914,-6.148728370666504,-4.865612506866455,0.2588716947115385,0.0030491750221699476,3289.2093845903532,2684.750177457438,1.0
-677.7726440429688,58.70114517211914,0.05058898776769638,13.03653621673584,1.0663354396820068,-5.640608310699463,1.4382621049880981,-15.357897758483887,-5.009925365447998,-3.6304094791412354,-2.0138745307922363,-6.626158237457275,-6.485829830169678,0.26279296875,0.0027153841219842434,3076.29250630528,2631.0913446595255,1.0
-652.9891357421875,59.92856216430664,10.299077033996582,6.17917537689209,2.47232985496521,-1.8894379138946533,-2.0533063411712646,-14.900214195251465,-6.254891395568848,-6.7339348793029785,-5.258657455444336,-5.940637111663818,-7.587523460388184,0.2315692608173077,0.003956236876547337,2966.597127533795,2562.0064700042435,1.0
-653.2661743164062,55.31925582885742,12.147786140441895,5.116469860076904,4.176635265350342,-3.443526029586792,-0.4311301112174988,-14.883174896240234,-7.060241222381592,-5.206204414367676,-5.6132988929748535,-4.977368354797363,-6.87904691696167,0.245751953125,0.0038157054223120213,3216.290641752978,2670.931633080841,1.0
-676.8562622070312,51.55250549316406,3.374561071395874,12.512846946716309,-0.743491530418396,-6.436408519744873,0.9160701036453247,-16.224477767944336,-7.691213607788086,-5.408034324645996,-5.899123191833496,-6.102702617645264,-7.987030506134033,0.2558781550480769,0.0028150598518550396,3180.590775584427,2679.9558710039637,1.0
-676.7496337890625,58.70977783203125,8.433990478515625,14.809959411621094,2.143064498901367,-6.256206035614014,0.5778252482414246,-13.603387832641602,-7.608725070953369,-3.769685983657837,-4.507866382598877,-5.506094455718994,-6.512034893035889,0.21825796274038461,0.002553698606789112,3121.935318221971,2606.0074720726534,1.0
-668.8794555664062,53.992618560791016,9.803868293762207,7.517777919769287,3.4322986602783203,-3.4055583477020264,-0.8339419364929199,-15.372742652893066,-5.720241069793701,-4.515453338623047,-3.858123779296875,-5.539795875549316,-8.659852027893066,0.22000450721153847,0.003152487799525261,3177.958727840882,2713.8427202379817,1.0
-665.064453125,52.51799774169922,7.849273204803467,3.47369384765625,2.843315601348877,-4.667105674743652,-0.10079959034919739,-15.926513671875,-5.617898464202881,-6.121969699859619,-6.181706428527832,-5.950174808502197,-8.052459716796875,0.22657752403846154,0.0035067067947238684,3391.8114459323874,2674.067316773244,1.0
-604.6996459960938,50.942100524902344,-12.086589813232422,2.3420684337615967,-0.8134447932243347,-7.338263034820557,-3.556497573852539,-16.776805877685547,-8.517619132995605,-6.7397942543029785,-6.474607467651367,-5.978460311889648,-7.36043119430542,0.26758939302884616,0.006517813540995121,3247.313284536493,2613.3967212188586,1.0
-605.9945678710938,47.229557037353516,-15.655606269836426,5.379820346832275,-0.6033612489700317,-10.730181694030762,-8.497611999511719,-19.47941780090332,-6.893841743469238,-1.4424387216567993,-5.704290390014648,-8.408141136169434,-6.937989711761475,0.3339881310096154,0.005484041757881641,3212.3143771521623,2540.096371410516,1.0
-641.1189575195312,56.49565887451172,-8.107155799865723,6.220963001251221,0.4505158066749573,-5.754483222961426,-5.33108377456665,-18.238506317138672,-8.342758178710938,-5.732708930969238,-6.395538806915283,-6.087475776672363,-8.024242401123047,0.2688551682692308,0.004387369845062494,3034.870823911863,2433.9140056498163,1.0
-617.6373291015625,49.423885345458984,-4.8896660804748535,5.2316575050354,-1.7758268117904663,-12.39175033569336,-6.885591983795166,-17.321107864379883,-8.66079330444336,-5.433537006378174,-7.655447006225586,-8.582305908203125,-8.802660942077637,0.24266451322115384,0.005180851090699434,3315.887893388254,2631.072594006556,1.0
-385.31329345703125,13.918381690979004,-29.112079620361328,-9.312213897705078,-9.148680686950684,-11.147006034851074,-7.946706771850586,-8.885333061218262,-15.692070960998535,-2.1135823726654053,-9.50852108001709,-5.179704666137695,2.2101614475250244,0.2378605769230769,0.04410775005817413,3103.218664824585,2513.411848145255,1.0
-387.91229248046875,24.46833610534668,-29.31252670288086,-5.353546619415283,-7.507139205932617,-8.826445579528809,-8.186984062194824,-8.987211227416992,-14.333242416381836,-0.8810107707977295,-10.918349266052246,-7.24898099899292,2.2771782875061035,0.2152644230769231,0.034379661083221436,3229.1314079688495,2506.4783083803086,1.0
-417.1511535644531,20.293216705322266,-42.03233337402344,-4.660475254058838,-7.815553188323975,-16.930166244506836,-15.59950065612793,-14.152442932128906,-16.698932647705078,2.179757833480835,-9.002910614013672,-10.381115913391113,2.3287556171417236,0.2045635516826923,0.03201167657971382,3358.168231035994,2450.504377704261,1.0
-377.7025451660156,10.219001770019531,-32.561344146728516,-10.306705474853516,-10.007179260253906,-13.339386940002441,-11.173239707946777,-11.961255073547363,-13.044652938842773,0.3946189284324646,-10.913382530212402,-5.702081680297852,0.3527066707611084,0.24183067908653846,0.0471818782389164,3393.732356169168,2509.53060810381,1.0
-612.8161010742188,61.944454193115234,-10.151140213012695,1.6114041805267334,-0.10689717531204224,-13.822127342224121,0.6301251649856567,-14.234177589416504,-14.627656936645508,-3.591481924057007,-3.700671434402466,-8.130928993225098,-4.127163410186768,0.22404597355769232,0.005822022911161184,2969.2103659949744,2478.223183495927,2.0
-623.709228515625,59.40984344482422,-7.02911901473999,-1.6135576963424683,-6.13918924331665,-9.849520683288574,0.19527728855609894,-13.707159042358398,-15.161235809326172,-2.26401686668396,-4.664727210998535,-9.925080299377441,-4.308990001678467,0.2757399338942308,0.005219918675720692,3262.1767501433615,2443.332306622212,2.0
-668.6004028320312,53.97671890258789,9.533980369567871,1.759257197380066,-3.2659225463867188,-5.639610767364502,1.3171175718307495,-16.200490951538086,-9.192341804504395,-4.229011058807373,-6.600886344909668,-6.0257039070129395,-7.8651604652404785,0.3036545973557692,0.003516096854582429,3230.8917984863524,2643.23209535426,2.0
-645.968505859375,59.03311538696289,5.182912349700928,-0.13843218982219696,-2.8155367374420166,-6.071016788482666,-0.1599399298429489,-17.161849975585938,-13.098907470703125,-2.9269087314605713,-7.397136211395264,-5.259457588195801,-6.889222621917725,0.22719350961538462,0.00467777019366622,3093.616998531237,2540.3973191691366,2.0
-467.03802490234375,34.48768997192383,-36.81465530395508,-9.082801818847656,-16.500368118286133,-16.963626861572266,-14.0648775100708,-18.488916397094727,-22.8394832611084,-7.348989963531494,-0.8405311107635498,-13.050790786743164,5.816570281982422,0.2319073016826923,0.021154556423425674,3104.3308422291957,2285.2225384105786,2.0
-442.28448486328125,36.08347702026367,-33.15692901611328,-3.645355701446533,-13.306121826171875,-19.756650924682617,-17.04910659790039,-21.379627227783203,-23.57375717163086,-6.471179962158203,-2.829080581665039,-15.914021492004395,1.3869520425796509,0.2056603064903846,0.02133205160498619,2881.711338636489,2371.72825800519,2.0
-458.5313720703125,44.160404205322266,-29.724658966064453,-10.653207778930664,-6.404607772827148,-25.22946548461914,-16.31922721862793,-22.651689529418945,-25.488525390625,-2.692929744720459,-2.950019359588623,-18.090200424194336,-1.989571213722229,0.24368990384615385,0.020345183089375496,2948.275851511951,2344.104380910543,2.0
-452.27032470703125,36.82362365722656,-32.83547592163086,-8.798897743225098,-8.482111930847168,-23.166608810424805,-16.216203689575195,-17.397232055664062,-26.90228843688965,-1.5388249158859253,-3.680854320526123,-18.746427536010742,2.007037401199341,0.2335223858173077,0.018100326880812645,3120.2950155630047,2361.6823274435005,2.0
-499.6850280761719,59.03649139404297,-28.768089294433594,-0.03906320407986641,-11.686059951782227,-14.284895896911621,-5.8813934326171875,-18.462976455688477,-18.96487808227539,-0.7073695063591003,-5.689372539520264,-7.567468166351318,-4.954279899597168,0.22770432692307693,0.011425514705479145,3214.436784939372,2240.762722024586,2.0
-509.9283752441406,51.5626335144043,-16.733352661132812,5.23115348815918,-11.638065338134766,-6.710917949676514,1.145990252494812,-18.525625228881836,-17.67738151550293,-2.098224401473999,-4.3692216873168945,-4.914025783538818,-6.830472469329834,0.24786283052884617,0.008486556820571423,2986.3359598328684,2409.878333096788,2.0
-514.9398803710938,45.29736328125,-12.324271202087402,-1.7019598484039307,-9.187901496887207,-10.667303085327148,-4.881023406982422,-15.66025161743164,-17.671913146972656,-4.610772132873535,-6.219336986541748,-6.364577293395996,-7.002800464630127,0.30935997596153847,0.014034044928848743,3318.970407226938,2421.3018302304777,2.0
-533.8284912109375,54.08616638183594,-17.603864669799805,-4.142294883728027,-10.403043746948242,-12.319585800170898,-4.283448219299316,-15.378205299377441,-17.395709991455078,-6.122636318206787,-5.0509138107299805,-8.104837417602539,-7.413058280944824,0.23773662860576922,0.011108620092272758,3431.468957381711,2348.607343510166,2.0
-362.7860412597656,3.6968204975128174,-38.46601867675781,-5.639767646789551,-18.80756187438965,-11.873412132263184,-7.80171537399292,-5.787679195404053,-14.15304946899414,-6.689964771270752,-7.119410037994385,-8.794447898864746,2.137953281402588,0.38329326923076923,0.0662040263414383,3637.9611860670275,2541.46104420505,2.0
-342.0546875,-6.709112167358398,-40.72216033935547,-8.79524040222168,-20.997407913208008,-5.118760585784912,-8.416571617126465,-5.8339691162109375,-11.9020357131958,-8.137563705444336,-7.186288833618164,-1.0853021144866943,12.174331665039062,0.2707707331730769,0.08514697104692459,3858.0140480033006,2556.4201052536873,2.0
-346.2803955078125,-5.139055252075195,-40.682254791259766,-12.267936706542969,-21.117225646972656,-9.047783851623535,-10.491875648498535,-7.555314064025879,-13.03876781463623,-4.732649803161621,-11.001425743103027,-10.244720458984375,5.261375427246094,0.32390700120192306,0.07595019042491913,3814.3470635426966,2493.573232200267,2.0
-333.80419921875,-2.1158900260925293,-37.9757194519043,-12.588135719299316,-21.63451385498047,-6.904029369354248,-6.501306056976318,-7.807028770446777,-14.462977409362793,-4.245920181274414,-8.152688980102539,-7.24273681640625,5.530182838439941,0.3193396935096154,0.07802373915910721,3874.6518679727187,2581.062637469144,2.0
-548.6507568359375,50.022491455078125,-14.112984657287598,-8.751846313476562,-4.969020843505859,-10.650100708007812,-3.603059768676758,-16.49737548828125,-12.404640197753906,-0.7276973128318787,-3.6020114421844482,-9.879359245300293,-1.8372427225112915,0.26330754206730766,0.009667105041444302,3096.425275418911,2569.8696200345576,0.0
-577.0533447265625,44.20100784301758,-13.649580001831055,-3.5170156955718994,-1.7542184591293335,-8.955291748046875,-4.1851983070373535,-12.119939804077148,-12.11277961730957,-5.869935035705566,-0.836033046245575,-10.299273490905762,-0.24039030075073242,0.31705228365384613,0.008155161514878273,3380.233160215529,2698.295985561314,0.0
-573.3687744140625,44.303489685058594,-1.46967351436615,-2.2340550422668457,-0.8129993081092834,-5.767969131469727,0.22259797155857086,-14.06704330444336,-11.548437118530273,-1.2701411247253418,-4.234811305999756,-7.514364242553711,-0.79588383436203,0.21875,0.006873149890452623,3320.243545907727,2623.5158487952376,0.0
-545.6253051757812,56.87743377685547,-11.454171180725098,-4.398190498352051,-0.6022059321403503,-9.24666976928711,0.007220928557217121,-18.977062225341797,-12.705842971801758,0.20954672992229462,-4.602039813995361,-8.837119102478027,-0.5066168904304504,0.21792743389423078,0.008412006311118603,2832.5354574794137,2522.486685047598,0.0
-432.9915466308594,29.700634002685547,-31.991308212280273,-11.067936897277832,-8.528060913085938,-13.349356651306152,-9.927507400512695,-13.091924667358398,-22.285974502563477,2.2175254821777344,-2.1758227348327637,-14.27576732635498,-0.6757946014404297,0.3127140925480769,0.021658265963196754,3483.1937627250554,2635.285809356782,0.0
-435.8654479980469,25.871267318725586,-27.61193084716797,-8.526001930236816,-11.397601127624512,-14.448540687561035,-11.049306869506836,-11.0545072555542,-18.5225887298584,-1.1491888761520386,-1.5976046323776245,-11.709640502929688,-2.2601232528686523,0.26672175480769234,0.03178100660443306,3280.933618733329,2583.672072886507,0.0
-468.25390625,31.64600372314453,-17.66778564453125,-7.365148067474365,-5.315861225128174,-10.154325485229492,-10.678511619567871,-15.791732788085938,-16.51791763305664,1.5967371463775635,-4.105187892913818,-11.44977855682373,-2.1143882274627686,0.27177734375,0.015574004501104355,3570.714881613753,2717.2944237951665,0.0
-431.8612365722656,26.345043182373047,-30.044330596923828,-11.670654296875,-7.863207817077637,-16.39562225341797,-10.74006462097168,-13.309744834899902,-22.44748306274414,-0.9498555660247803,-3.9826602935791016,-12.023018836975098,-1.9080097675323486,0.27421875,0.02399994432926178,3325.58927198965,2558.547618210472,0.0
-599.8311767578125,53.83525085449219,1.3124245405197144,7.582139015197754,-8.649283409118652,-5.870357513427734,-4.855787754058838,-9.47804069519043,-14.344841003417969,-5.973697662353516,-1.3880913257598877,-8.019866943359375,-3.5936646461486816,0.2604229266826923,0.006024723406881094,3201.545660182481,2479.7712409487235,2.0
-514.66259765625,57.479515075683594,-9.97130012512207,0.7151646614074707,-10.354879379272461,-8.897327423095703,-4.249485015869141,-12.999048233032227,-17.158695220947266,-1.5600318908691406,-3.9095847606658936,-12.150436401367188,-2.293159246444702,0.18985501802884616,0.01028432883322239,3083.706326755609,2359.9450734032966,2.0
-548.0323486328125,50.66619110107422,-7.241698265075684,-6.09588623046875,-7.181280612945557,-6.25606107711792,-10.29341983795166,-14.491024017333984,-13.733569145202637,-3.1968185901641846,-3.0890653133392334,-9.70110034942627,-3.136488437652588,0.3205528846153846,0.008926437236368656,3570.864687772323,2439.6168413032183,2.0
-553.5048217773438,39.83537292480469,-1.8872634172439575,-5.11271333694458,-2.012770175933838,-8.481986045837402,-10.844767570495605,-16.330547332763672,-15.246718406677246,-3.373281240463257,-5.274238586425781,-9.045716285705566,-2.949301242828369,0.23512244591346154,0.008565732277929783,3588.4412224278844,2388.5672475820656,2.0
-504.44482421875,19.0526180267334,-21.781932830810547,6.407686710357666,-10.652674674987793,-10.108400344848633,-7.5529584884643555,-15.540352821350098,-17.123693466186523,-4.622495174407959,-6.536340713500977,-7.695047855377197,-4.516571521759033,0.34973707932692305,0.016026422381401062,3639.321552276975,2544.4210734170056,2.0
-497.1817321777344,29.550371170043945,-16.713165283203125,4.916853904724121,-12.413797378540039,-10.023286819458008,-6.4597015380859375,-15.558935165405273,-18.83437156677246,-4.025473117828369,-9.216796875,-10.211786270141602,-5.049740791320801,0.23155048076923077,0.014283372089266777,3391.6800321844853,2513.041353174169,2.0
-522.169189453125,32.29692077636719,-10.944127082824707,-4.0467634201049805,-5.475808620452881,-10.48135757446289,-10.961703300476074,-14.208961486816406,-16.039104461669922,-0.8821810483932495,-7.17687463760376,-6.906657695770264,-2.622725009918213,0.3313739483173077,0.011858126148581505,3830.06080868578,2620.108220108095,2.0
-498.50762939453125,22.518415451049805,-14.499878883361816,-3.7047672271728516,-9.181909561157227,-11.856607437133789,-10.732754707336426,-15.139925003051758,-17.937040328979492,-3.0886685848236084,-7.182949542999268,-10.903088569641113,-4.1291351318359375,0.36299954927884615,0.014969672076404095,3972.433938871989,2665.926912985354,2.0
-636.6201782226562,52.446083068847656,-5.011652946472168,4.646026611328125,-4.549955368041992,-11.5912446975708,2.2066869735717773,-20.185548782348633,-11.293435096740723,-10.110708236694336,-9.237285614013672,-6.792194843292236,-7.95297384262085,0.29681114783653845,0.004156665410846472,3210.1115338050367,2681.6828174416905,0.0
-642.4948120117188,55.25801467895508,9.447321891784668,3.207892894744873,-5.700100421905518,-7.6331400871276855,1.7962937355041504,-16.68768310546875,-10.802416801452637,-7.472668647766113,-6.797782897949219,-7.2229228019714355,-6.745865821838379,0.3098670372596154,0.004074402619153261,3079.875427532652,2775.4678072917413,0.0
-600.0010375976562,44.347328186035156,10.103808403015137,-4.930972099304199,-3.347249746322632,-9.152132987976074,2.4872922897338867,-16.445886611938477,-11.563133239746094,-7.848605632781982,-10.754111289978027,-7.240640163421631,-9.20837688446045,0.24006911057692307,0.006114303134381771,3546.2537465960713,2775.471520157205,0.0
-638.9625244140625,47.272216796875,7.357541084289551,2.449021100997925,-0.7224977016448975,-4.293219566345215,2.229800224304199,-12.439366340637207,-10.184349060058594,-7.665403842926025,-9.448362350463867,-6.9445977210998535,-8.785242080688477,0.3310847355769231,0.003957509994506836,3451.3588671759417,2792.7731756044245,0.0
-554.8567504882812,38.17247009277344,-6.792403697967529,0.941717803478241,-2.77408766746521,-1.3249362707138062,3.38173508644104,-9.584121704101562,-9.31972885131836,-6.790038108825684,-7.1212239265441895,-3.783818006515503,-5.125048637390137,0.2600811298076923,0.006314817816019058,3420.144114837164,2771.6510682185153,0.0
-566.642333984375,37.249820709228516,0.954136848449707,-0.636572003364563,-8.639253616333008,-3.6582703590393066,4.464732646942139,-9.865721702575684,-12.869787216186523,-8.53822135925293,-8.355813026428223,-5.701380252838135,-7.474499702453613,0.28099083533653846,0.007248714566230774,3436.210751318035,2814.3002780182433,0.0
-521.3482666015625,39.34352493286133,6.000184059143066,-2.236511468887329,-7.048045635223389,-9.626901626586914,0.6402709484100342,-16.427213668823242,-17.236909866333008,-10.620515823364258,-12.995366096496582,-8.013611793518066,-8.564339637756348,0.28162560096153844,0.010139796882867813,3600.15960542949,2737.668956982224,0.0
-546.2988891601562,32.67025375366211,-0.03035970777273178,-0.34542563557624817,-7.9166646003723145,-1.6410975456237793,3.412034034729004,-7.811561107635498,-9.746847152709961,-6.8127665519714355,-7.570618629455566,-4.929376125335693,-5.316798686981201,0.2654634915865385,0.007296936586499214,3638.542166668103,2772.0318366890397,0.0
-700.4806518554688,84.51793670654297,11.68451976776123,18.906673431396484,6.701589107513428,7.252590656280518,2.8243672847747803,-4.111362457275391,-7.952827453613281,-0.0982053279876709,1.208085298538208,-3.4227988719940186,6.301161766052246,0.19747220552884615,0.0024946657940745354,2337.759132856081,2536.0540482259876,1.0
-700.4500732421875,83.29270935058594,12.178168296813965,22.1973934173584,8.352385520935059,8.998984336853027,0.2965167164802551,-7.507107257843018,-10.251136779785156,0.7760571837425232,1.856929898262024,-2.1456000804901123,5.3269877433776855,0.19029071514423077,0.0023516013752669096,2403.388247227987,2552.694092701346,1.0
-700.4871215820312,74.5943374633789,11.751912117004395,25.15015983581543,10.094873428344727,10.717308044433594,1.5585607290267944,-4.438689231872559,-10.320913314819336,3.561544418334961,2.341766834259033,-4.43869161605835,4.734742164611816,0.21995567908653846,0.002353612333536148,2604.3339237972664,2561.651959963165,1.0
-689.2335205078125,67.54517364501953,11.222549438476562,22.486230850219727,6.890014171600342,8.96856689453125,-1.4589238166809082,-8.025775909423828,-9.84392261505127,0.6542214751243591,0.18407392501831055,-5.258696556091309,4.450159549713135,0.23511117788461539,0.002722805365920067,2596.0661330450603,2604.6882169675737,1.0
-721.1458740234375,76.95101928710938,27.89851188659668,26.630176544189453,12.0970458984375,16.830698013305664,-1.8604825735092163,-0.6964313387870789,-2.217810869216919,1.1591483354568481,2.5617868900299072,-2.246527910232544,-0.8450454473495483,0.18456655649038461,0.0014293525600805879,2492.990753172067,2645.998010422191,1.0
-709.0176391601562,80.26715087890625,22.6851806640625,26.309627532958984,13.505912780761719,11.882591247558594,-2.4343783855438232,-1.5496947765350342,-6.879317283630371,2.7294297218322754,2.3491106033325195,-0.9510166049003601,-0.6526557207107544,0.1794170673076923,0.001605150057002902,2358.246310277131,2622.5589471877784,1.0
-721.4080810546875,65.12094116210938,22.285539627075195,28.609304428100586,11.387434005737305,11.967047691345215,3.018611431121826,-2.1739704608917236,-9.40306568145752,4.542148113250732,0.6334395408630371,-2.9159317016601562,2.703686475753784,0.22827899639423077,0.0016674310900270939,2913.262341369627,2624.854089733722,1.0
-730.2833251953125,68.70574188232422,26.783954620361328,31.938995361328125,12.356945037841797,15.56476879119873,-0.18573808670043945,-1.7360625267028809,-2.2239890098571777,5.002466201782227,6.352222919464111,-0.48879581689834595,0.9862309098243713,0.20783879206730768,0.0014892449835315347,2650.2265400633187,2697.968537886202,1.0
-649.1763305664062,64.16969299316406,15.040290832519531,21.466529846191406,7.16431999206543,8.776577949523926,-9.050006866455078,-6.52822732925415,-10.89848804473877,-6.826469421386719,-0.4834328889846802,-8.861367225646973,0.23277997970581055,0.21878756009615385,0.003184156259521842,2626.828386619042,2610.2196784658877,1.0
-639.1600341796875,69.20094299316406,22.781360626220703,29.470256805419922,12.217451095581055,9.718318939208984,0.6120756268501282,2.783379316329956,-4.71742582321167,-0.10441096127033234,-1.8253554105758667,-4.600948333740234,3.1220996379852295,0.12429011418269231,0.0028398996219038963,2322.2597507567434,2688.896815309022,1.0
-654.08984375,55.79025650024414,21.449735641479492,30.549156188964844,10.755035400390625,11.717384338378906,-4.597897529602051,-7.036522388458252,-6.450111389160156,-0.8058847188949585,0.05195289105176926,-5.039566993713379,0.490366667509079,0.23288010817307692,0.0026146930176764727,2952.6473065183086,2610.356242674754,1.0
-661.1885986328125,67.42202758789062,25.10053825378418,30.198129653930664,8.307053565979004,8.426264762878418,-5.3382439613342285,-1.8540117740631104,-13.54451847076416,-3.9894936084747314,-4.859272480010986,-3.7945778369903564,2.4431521892547607,0.21053560697115384,0.0031341388821601868,2613.577300586638,2507.226995016772,1.0
-635.4611206054688,80.45233154296875,11.913345336914062,12.29216480255127,2.4106452465057373,8.449204444885254,-7.374670505523682,-5.270761966705322,-10.248294830322266,-3.615885019302368,4.8274431228637695,-6.770762920379639,-2.8793694972991943,0.19430213341346153,0.003576889866963029,2403.5402313314617,2430.274766351932,1.0
-594.923095703125,73.92713165283203,9.132116317749023,17.882837295532227,2.711615800857544,10.235526084899902,-2.973416328430176,-4.16862154006958,-7.144330024719238,-4.871911525726318,2.794011116027832,-10.320958137512207,-1.7006030082702637,0.12379432091346154,0.005005876068025827,2365.5565432124895,2525.937688597627,1.0
-674.9476928710938,80.41064453125,14.228711128234863,19.596725463867188,4.796125888824463,17.53828239440918,-3.626730442047119,-4.628571033477783,-7.371002197265625,-0.4063069224357605,2.825730085372925,-4.033395290374756,2.6206443309783936,0.16894906850961539,0.0025193439796566963,2303.0559895559045,2415.8670900788643,1.0
-634.7221069335938,73.2435531616211,2.0133893489837646,19.279115676879883,-0.4660819470882416,14.271474838256836,-0.8741375207901001,-4.445628643035889,-7.847317218780518,1.0750551223754883,3.887056589126587,-6.445752143859863,3.170912504196167,0.14715294471153847,0.003982969094067812,2269.704305469263,2413.358230904716,1.0
-540.2827758789062,67.38693237304688,8.405052185058594,14.336953163146973,-2.3771328926086426,6.346796035766602,-6.108862400054932,-7.10281229019165,-9.132767677307129,-1.1702995300292969,6.812985420227051,-6.719206809997559,-1.183215856552124,0.090966796875,0.007364071439951658,2225.293516848128,2418.2351162900095,1.0
-504.5141906738281,49.46383285522461,-18.173694610595703,-0.029310960322618484,-4.869907855987549,1.6439450979232788,-13.9686918258667,-17.177637100219727,-11.594863891601562,-6.524542808532715,2.8267319202423096,-9.341193199157715,-3.580068588256836,0.15377854567307692,0.011137411929666996,2412.6615028289066,2405.0016402804167,1.0
-462.8058776855469,37.956451416015625,-6.1538896560668945,16.064172744750977,-3.5920827388763428,0.711693525314331,-12.268654823303223,-11.895498275756836,-11.757827758789062,-5.173290252685547,0.7919611930847168,-11.840094566345215,-1.671675682067871,0.13439378004807692,0.015996459871530533,2641.929445320031,2331.9848020389218,1.0
-545.4819946289062,59.084373474121094,11.789911270141602,20.4888858795166,-3.3435707092285156,3.992669105529785,-5.259331703186035,-4.308740139007568,-10.854622840881348,-5.242857933044434,0.5938475131988525,-10.332921028137207,-1.364013671875,0.19778771033653847,0.00866328552365303,2654.4747795605736,2426.6732572739897,1.0
-698.2136840820312,74.81029510498047,18.495861053466797,19.2473087310791,9.363624572753906,13.7891206741333,6.299034595489502,-3.5572001934051514,-2.418581247329712,-0.09858691692352295,2.894926071166992,-2.4227828979492188,3.812265634536743,0.18854041466346153,0.0018451304640620947,2534.2884903292247,2743.728113530059,2.0
-703.7625122070312,78.70138549804688,17.159345626831055,20.481801986694336,10.101624488830566,15.703258514404297,2.740760564804077,-7.352962493896484,-0.7974053025245667,-0.4241048991680145,2.039942979812622,-3.3540773391723633,0.29257237911224365,0.17871844951923077,0.0013924201484769583,2574.093589259778,2696.439498590177,2.0
-702.4755249023438,76.33110046386719,10.026126861572266,14.446097373962402,8.503643989562988,14.583972930908203,1.0969332456588745,-9.859665870666504,-3.3045949935913086,5.649308681488037,5.774653434753418,-4.475142002105713,6.053744792938232,0.2266150841346154,0.0018567637307569385,2515.160364117389,2599.083358118067,2.0
-695.7931518554688,88.0795669555664,14.494382858276367,23.27646827697754,6.711259841918945,12.853626251220703,1.7001103162765503,-7.234039306640625,-6.6404948234558105,-0.4031022787094116,5.0178704261779785,-3.1661899089813232,5.315962314605713,0.20029296875,0.002148726722225547,2400.7287360259943,2394.3924957036625,2.0
-477.911376953125,56.990325927734375,-0.7411271333694458,14.9072265625,6.728515148162842,0.3223719894886017,-15.432293891906738,-9.079580307006836,-7.0293402671813965,-10.58624267578125,-4.594862461090088,-7.95803689956665,-5.647940158843994,0.20720027043269232,0.013369929976761341,2912.5299919478057,2488.3420085946454,2.0
-604.7747802734375,78.4632568359375,-1.2167198657989502,18.981510162353516,7.534909248352051,6.259378433227539,-9.0654296875,-7.3569016456604,-6.226835250854492,-8.758713722229004,-0.01586139388382435,-3.552609920501709,-4.269687652587891,0.15757587139423077,0.0041845981031656265,2200.294895949795,2227.5775629783607,2.0
-605.4249877929688,75.97350311279297,1.0656547546386719,13.861359596252441,4.291082382202148,7.712464809417725,-13.763322830200195,-6.912543296813965,-5.229816913604736,-13.614158630371094,-6.227322101593018,-4.210463047027588,-1.7442384958267212,0.1408203125,0.004274528939276934,2280.320470090574,2340.1656868483974,2.0
-562.2516479492188,80.95872497558594,-5.701823711395264,16.17673110961914,9.099491119384766,7.442811012268066,-15.463927268981934,-5.363000392913818,-6.229559898376465,-15.054079055786133,-2.745349645614624,-6.1007466316223145,-2.844752311706543,0.08839393028846154,0.007333581801503897,1716.7627604670927,1974.3437708191102,2.0
-481.0244445800781,59.427154541015625,-8.014800071716309,15.398018836975098,-0.8300765752792358,-1.9650249481201172,-4.037041664123535,-5.885352611541748,-12.191826820373535,-5.602639675140381,5.272619724273682,-7.406561851501465,-0.6752896308898926,0.11942232572115384,0.012350734323263168,2266.4777310377667,2174.1907953602663,2.0
-517.127685546875,68.58919525146484,-5.785788536071777,19.342634201049805,5.412304878234863,2.3196232318878174,-5.368219375610352,-4.277700901031494,-10.922618865966797,-1.6956939697265625,6.608532428741455,-8.859330177307129,1.3236547708511353,0.15266301081730768,0.009537117555737495,2376.2048469694387,2304.4180167968275,2.0
-576.6873779296875,49.819393157958984,7.866353988647461,15.38329029083252,1.0515848398208618,1.9563535451889038,-5.152388095855713,-7.030140399932861,-6.813756465911865,0.5168866515159607,1.1329948902130127,-7.170096397399902,2.834879159927368,0.26156099759615387,0.005264942534267902,2723.7848514563993,2540.6631724287295,2.0
-509.35107421875,63.147151947021484,8.915820121765137,20.338478088378906,1.385949969291687,-1.084069848060608,-1.6564229726791382,-3.2672579288482666,-12.899868965148926,-3.0448737144470215,2.0953400135040283,-9.295062065124512,-0.5108439326286316,0.1318584735576923,0.011352747678756714,2092.106031024472,2247.59209623789,2.0
-343.53680419921875,40.0244140625,-27.120405197143555,9.146332740783691,-10.22846508026123,-13.966444969177246,-9.169270515441895,-3.729010581970215,-15.794646263122559,-5.769186973571777,2.1765341758728027,-13.306983947753906,1.6014646291732788,0.22965745192307693,0.05002390965819359,2932.423137627887,2413.593683804352,2.0
-321.0721740722656,33.86695861816406,-42.32595443725586,7.913662433624268,-12.871092796325684,-11.001447677612305,-10.658319473266602,-7.94184684753418,-12.663395881652832,-7.693597316741943,3.886948823928833,-11.889776229858398,-1.1220531463623047,0.210498046875,0.07247036695480347,2805.7496770965627,2323.3362801209,2.0
-266.3292541503906,28.135059356689453,-40.34486770629883,1.6015113592147827,-17.834505081176758,-12.012178421020508,-12.938153266906738,-5.6626996994018555,-12.828462600708008,-6.0849223136901855,2.743776559829712,-12.541678428649902,-0.04340444877743721,0.23872445913461537,0.10272122919559479,3452.8378947240476,2394.9858040922513,2.0
-355.8343200683594,27.15483283996582,-27.601953506469727,14.680103302001953,-9.106060981750488,-16.235851287841797,-12.41935920715332,-6.0895867347717285,-16.75421905517578,-6.913117408752441,1.9575636386871338,-12.143506050109863,-2.033723831176758,0.29324669471153847,0.05012316256761551,3197.6316462196255,2443.0884598444786,2.0
-572.8021240234375,57.87828826904297,-2.2072956562042236,16.62413215637207,-1.1227976083755493,-1.016135334968567,-7.534718990325928,-9.705615043640137,-6.446930408477783,-5.64676570892334,-0.6498784422874451,-10.01788330078125,1.0383514165878296,0.2124737079326923,0.005697494372725487,2801.991313606028,2602.6009475594383,0.0
-620.0803833007812,54.85366439819336,3.788867473602295,14.301095008850098,5.847339630126953,3.482081890106201,-7.8202362060546875,-7.9144511222839355,-2.638817071914673,-1.1949673891067505,-0.7623183727264404,-3.6346182823181152,-0.3461604714393616,0.22628831129807692,0.004167280625551939,2726.684840031151,2533.1632751002076,0.0
-592.615234375,35.66331481933594,4.994476318359375,14.20533561706543,-4.015199661254883,9.104633331298828,-6.3206634521484375,-13.770703315734863,-4.099852561950684,-2.7457330226898193,-5.496099948883057,-7.607378005981445,-1.4686853885650635,0.26229717548076925,0.005047256126999855,3232.2388865912585,2573.77672419818,0.0
-620.6825561523438,59.16193389892578,11.627005577087402,20.884706497192383,3.898987054824829,9.606135368347168,-4.831937313079834,-10.704289436340332,-4.337515830993652,1.110981822013855,-1.6292157173156738,-5.619808197021484,2.2091758251190186,0.2395282451923077,0.004427212756127119,2781.9049057383295,2453.1280179151104,0.0
-442.4857482910156,47.62737274169922,-38.0368766784668,3.5087649822235107,-11.837361335754395,-5.923701763153076,-23.146326065063477,-17.17095947265625,-17.44671058654785,-11.29880428314209,6.06266450881958,-17.577598571777344,0.40516790747642517,0.2000225360576923,0.017802510410547256,2876.7940983922886,2303.6583719980463,0.0
-381.6373291015625,16.496116638183594,-31.982929229736328,-1.711541771888733,-19.119047164916992,-16.72121238708496,-21.75829315185547,-16.832441329956055,-10.510454177856445,-9.424722671508789,-1.6551991701126099,3.1620829105377197,3.6847164630889893,0.279638671875,0.04076521843671799,3189.0018628413623,2525.4114685553504,0.0
-428.8876953125,20.545604705810547,-23.14834976196289,-4.13686990737915,-16.709043502807617,-4.210331916809082,-14.62313175201416,-14.923819541931152,-4.1180572509765625,-5.51901912689209,-3.4628169536590576,-6.927641868591309,6.597923755645752,0.18420973557692308,0.025205014273524284,3323.4466784980177,2685.693888017017,0.0
-373.2821044921875,17.938142776489258,-25.9466495513916,0.7528247833251953,-19.774797439575195,-5.862546920776367,-17.235443115234375,-20.312183380126953,-4.601075172424316,-3.850785255432129,-0.913979172706604,-5.796170234680176,4.335045337677002,0.15084885817307692,0.03576161712408066,2818.061641118746,2272.3547773865976,0.0
-564.45458984375,70.22747802734375,8.799295425415039,25.293363571166992,-5.468997001647949,-0.03513834998011589,-12.298466682434082,-11.833563804626465,-2.629786968231201,-12.20901870727539,0.3872222900390625,-6.146749973297119,-0.3937092125415802,0.20721905048076922,0.004006484057754278,2562.6716041458126,2418.7993245620883,2.0
-573.7097778320312,62.27946853637695,-3.920928716659546,12.591650009155273,0.15145334601402283,3.844882011413574,-9.311846733093262,-15.317605018615723,-1.4529954195022583,-5.437253475189209,-1.9943653345108032,-5.784653186798096,3.4785354137420654,0.2319073016826923,0.0036243910435587168,3151.3751212869074,2582.6925442425745,2.0
-549.1895751953125,62.076229095458984,9.231315612792969,19.14573097229004,-1.6374834775924683,5.103217601776123,-13.690948486328125,-11.91375732421875,-3.926767587661743,0.10946346819400787,-2.946417808532715,-6.641897201538086,3.324788808822632,0.19628155048076923,0.004501774907112122,2917.8031067595,2441.106691833066,2.0
-559.7582397460938,55.295127868652344,1.7117538452148438,10.64504623413086,-13.928647994995117,3.6558115482330322,-12.480962753295898,-14.152871131896973,-6.284323692321777,-6.368861675262451,0.3767159581184387,-10.00403881072998,0.6710731387138367,0.2780536358173077,0.0060158600099384785,3141.9611006933105,2282.980060201951,2.0
-533.2794189453125,30.14691925048828,-1.346072793006897,15.607820510864258,-1.7928599119186401,1.3776679039001465,-6.636803150177002,-10.275758743286133,-5.430698871612549,-9.190606117248535,0.9245955348014832,-5.54098653793335,-5.00002908706665,0.22549579326923078,0.005146108102053404,3218.2847133237647,2759.762141969173,2.0
-501.4888916015625,13.199329376220703,-18.484920501708984,12.047380447387695,-13.13232421875,-4.052812576293945,-10.66300106048584,-10.273468971252441,-6.403744697570801,-6.95169734954834,-2.237112522125244,-8.163558959960938,0.3731163740158081,0.28489708533653846,0.007902338169515133,3675.8604693384,2676.1904985214924,2.0
-430.4736633300781,-12.509176254272461,-13.017512321472168,10.236258506774902,-21.246356964111328,0.651730477809906,-17.124496459960938,-17.62677001953125,-5.721299648284912,-9.283974647521973,-3.9725186824798584,-4.871912002563477,-4.101513385772705,0.31582782451923075,0.01997479237616062,4057.101462456525,2675.593191915674,2.0
-441.1389465332031,27.189395904541016,-2.0393142700195312,22.814085006713867,3.4067914485931396,0.5675492286682129,-2.539781332015991,-5.562312126159668,-9.111407279968262,-2.1580231189727783,2.54158091545105,-7.681321144104004,0.516876757144928,0.22255859375,0.019976148381829262,3304.1000599612516,2491.1575704627,2.0
-612.8284301757812,87.3398208618164,10.587535858154297,20.474254608154297,6.238927364349365,7.683194637298584,-2.6238064765930176,-10.181743621826172,-9.665238380432129,-4.482814788818359,-1.4797154664993286,-7.775555610656738,0.5297423601150513,0.1598595252403846,0.003935822285711765,2182.633655359696,2394.3437735414927,0.0
-617.2295532226562,90.36239624023438,1.8591409921646118,10.212912559509277,-0.6774019598960876,4.194844722747803,-5.203680515289307,-12.858992576599121,-6.394911766052246,-7.590570449829102,1.267765998840332,-5.508556842803955,1.6490955352783203,0.18682391826923078,0.0036039554979652166,2176.82867105466,2317.5224679852868,0.0
-630.5748901367188,65.69169616699219,9.603368759155273,27.951671600341797,-1.065979242324829,-0.7988345623016357,0.5494126677513123,-8.838679313659668,-4.6486005783081055,1.8813016414642334,-1.5740065574645996,-6.284559726715088,3.9617691040039062,0.25760967548076924,0.0035459687933325768,2822.861921182719,2347.636675690127,0.0
-741.2047119140625,68.2303695678711,18.39269256591797,21.198945999145508,5.175965785980225,7.804988861083984,5.332271575927734,-2.4876203536987305,-4.379073143005371,2.1649999618530273,4.0607476234436035,-1.991931676864624,5.308030128479004,0.25158128004807695,0.0018058662535622716,2752.0170087019696,2787.5345944939695,0.0
-524.6031494140625,65.60498809814453,1.6113990545272827,14.70411491394043,0.32641977071762085,-2.1130104064941406,-7.0291900634765625,-11.489002227783203,-7.785854816436768,-9.843403816223145,-2.1104393005371094,-6.047731876373291,1.9998098611831665,0.16021634615384617,0.007932274602353573,2554.3357903658202,2490.4955102825115,0.0
-534.3194580078125,45.33364486694336,-8.137712478637695,16.709897994995117,3.2269344329833984,0.005746929440647364,-9.679620742797852,-10.903475761413574,-10.30703353881836,-5.98183012008667,0.7756180167198181,-8.71669864654541,3.787527322769165,0.22852313701923077,0.007195761427283287,3195.0192104364196,2547.133283645638,0.0
-587.398681640625,72.1867446899414,4.516458988189697,15.752079010009766,1.351470947265625,0.5809164047241211,-2.7877705097198486,-8.092938423156738,-3.357182502746582,-0.9922820925712585,-1.6715465784072876,-6.7658796310424805,3.056068181991577,0.17464693509615384,0.005650450475513935,2343.7926485762723,2443.2911471836437,0.0
-647.7755737304688,63.5026741027832,14.529295921325684,17.718006134033203,0.6546651721000671,8.879289627075195,0.06794997304677963,-7.016529083251953,-1.6273841857910156,-2.21659255027771,1.7713617086410522,-5.97259521484375,1.8114500045776367,0.227294921875,0.003585181897506118,2701.9948717078823,2694.0903327526908,0.0
-691.43310546875,40.465816497802734,-7.425522804260254,8.785003662109375,-7.37939977645874,-8.244791030883789,-8.285271644592285,-13.416492462158203,-5.670212745666504,-5.401936054229736,-2.4851715564727783,-7.61967134475708,-4.91831636428833,0.19537635216346153,0.001775396871380508,2312.072896874766,1872.6377565304024,1.0
-670.8828125,39.84893798828125,-10.35202693939209,10.230015754699707,-8.43918228149414,-11.438034057617188,-7.747762203216553,-14.462274551391602,-6.506050109863281,-4.734543800354004,-5.786099910736084,-5.648569107055664,-6.712764263153076,0.21043795072115384,0.002540451241657138,2544.744975345136,1934.6526925836013,1.0
-701.7088012695312,44.20223617553711,-3.171388626098633,7.3824663162231445,-5.937702178955078,-7.698894023895264,-7.968327522277832,-12.884658813476562,-4.834000110626221,-4.429067134857178,-4.611967086791992,-6.390786647796631,-4.9268903732299805,0.1947566105769231,0.0021639561746269464,2145.7614146469327,1820.826532017289,1.0
-677.969970703125,37.27494430541992,-6.951508045196533,7.026480197906494,-6.897407054901123,-9.8024320602417,-9.331186294555664,-14.833710670471191,-4.420272350311279,-5.5998358726501465,-4.449584007263184,-6.595787525177002,-5.238974094390869,0.215087890625,0.0024623835925012827,2881.4098321136025,2096.7231003423517,1.0
-750.9973754882812,39.390350341796875,-8.463231086730957,12.879881858825684,-4.865152835845947,-9.837700843811035,-11.141599655151367,-13.476465225219727,-5.6591715812683105,-6.1174540519714355,-3.357367992401123,-8.575045585632324,-3.559067964553833,0.18516000600961538,0.0009743664995767176,2285.4242367021548,1902.7629571131283,1.0
-766.3939208984375,36.93476486206055,-8.805108070373535,7.415599822998047,-5.925391674041748,-7.107843399047852,-10.875539779663086,-13.12279987335205,-7.786984920501709,-5.010550022125244,-5.859335899353027,-10.326212882995605,-4.722026824951172,0.1973595252403846,0.0008745800005272031,2202.121049906307,1820.143774657439,1.0
-797.5538330078125,36.582096099853516,2.7286996841430664,7.741281032562256,-0.6906084418296814,-2.2651524543762207,-8.18251895904541,-11.048362731933594,-8.05141830444336,-4.427798748016357,-5.62209939956665,-5.706383228302002,-3.8704097270965576,0.2487530048076923,0.0006550741381943226,2556.6371995283093,2025.8604070576428,1.0
-758.25146484375,38.4832763671875,2.2183566093444824,7.318131923675537,-2.1877150535583496,-5.541678428649902,-8.197246551513672,-12.08951473236084,-4.421838283538818,-4.897125244140625,-2.8425917625427246,-7.798098564147949,-3.366323709487915,0.21630483774038461,0.0009476580889895558,2391.187804296739,1980.1153811147094,1.0
-773.5928344726562,49.74357223510742,-4.863746643066406,11.883785247802734,-3.215301513671875,-8.119396209716797,-11.354216575622559,-12.689711570739746,-5.916296005249023,-6.789597034454346,-5.055129051208496,-4.690897464752197,-4.018061637878418,0.12444035456730769,0.0007144137052819133,1804.545450914588,1711.7700849952544,1.0
-770.5474853515625,44.714420318603516,-6.396533012390137,17.31972312927246,-2.5553884506225586,-8.124288558959961,-7.8098907470703125,-14.883055686950684,-7.652581214904785,-5.206939220428467,-5.626787185668945,-8.420930862426758,-4.135674476623535,0.104443359375,0.000659923767670989,1802.1763973467157,1672.2913489434031,1.0
-768.6973876953125,45.240726470947266,0.8945916891098022,11.376675605773926,-1.603046178817749,-5.5017900466918945,-10.1031494140625,-13.46070384979248,-4.3008880615234375,-1.2796008586883545,-5.103085517883301,-5.940797805786133,-4.04460334777832,0.20941256009615383,0.0006999747129157186,2512.832839702948,1977.6565455475231,1.0
-811.2992553710938,36.842742919921875,0.5085309743881226,10.47237491607666,-5.368274688720703,-4.782068252563477,-7.809714317321777,-12.42929744720459,-7.630678653717041,-3.5399365425109863,-6.6840500831604,-9.147811889648438,-4.942089080810547,0.20537109375,0.0005417969659902155,2376.955779134925,1935.714029573584,1.0
-545.2703247070312,40.47315216064453,-17.404293060302734,4.613402366638184,-9.515815734863281,-14.730271339416504,-8.050095558166504,-18.64801025390625,-11.332672119140625,-5.575883388519287,-11.883909225463867,-1.6026849746704102,-11.452728271484375,0.15031174879807693,0.009671103209257126,1954.0110835239418,1786.5104657441445,1.0
-589.5775756835938,39.14457321166992,-16.843427658081055,2.303285598754883,-10.584874153137207,-14.741842269897461,-6.9545512199401855,-18.932186126708984,-6.613479137420654,-11.048788070678711,-5.74989128112793,-3.8824145793914795,-11.679753303527832,0.126171875,0.005906189326196909,1991.905094309788,1832.6076005051177,1.0
-603.4764404296875,43.00407791137695,-2.9839987754821777,11.89148235321045,-4.1142730712890625,-6.257607460021973,-9.659940719604492,-16.240812301635742,-8.286587715148926,-9.093876838684082,-9.050822257995605,-3.517869234085083,-8.504278182983398,0.2895545372596154,0.005283032078295946,3071.189377833869,2484.152898391912,1.0
-651.2080078125,30.557453155517578,-16.318445205688477,-2.1165287494659424,-6.69619083404541,-11.958346366882324,-9.744266510009766,-19.282928466796875,-8.712443351745605,-7.984185218811035,-6.296546936035156,-0.8667365312576294,-8.818161964416504,0.20566781850961538,0.003941303119063377,2818.1011497619447,2034.0969579215046,1.0
-498.1629943847656,33.61829376220703,-41.68836212158203,-4.331257343292236,-21.51048469543457,-22.606658935546875,-12.67068099975586,-21.35633659362793,-12.71608829498291,-3.6049461364746094,-14.748050689697266,-2.269562005996704,-11.510375022888184,0.15625751201923077,0.01648874767124653,2093.827274778238,1586.1047248165821,1.0
-437.8973083496094,28.95570945739746,-38.63911056518555,-1.1191481351852417,-19.692304611206055,-23.845672607421875,-11.542217254638672,-22.083255767822266,-14.764347076416016,-9.080391883850098,-15.552014350891113,2.2075963020324707,-3.5479416847229004,0.1605769230769231,0.016403784975409508,2586.8414936512027,1985.7285850948772,1.0
-445.12908935546875,26.77839469909668,-33.09368896484375,-3.081756830215454,-18.728984832763672,-18.856475830078125,-17.69953155517578,-19.966407775878906,-9.209525108337402,-3.6406006813049316,-3.945086717605591,-1.2189730405807495,-3.227562427520752,0.15857496995192308,0.025126885622739792,2383.022948629,1863.1335298597826,1.0
-387.3194580078125,12.65526008605957,-38.675865173339844,-17.24049186706543,-20.55585479736328,-22.483436584472656,-14.990987777709961,-19.84981918334961,-9.091178894042969,1.7985429763793945,4.823575496673584,15.915760040283203,7.163086414337158,0.3407376802884615,0.04021377116441727,3354.081140895967,2532.2750592376565,1.0
-702.9698486328125,45.49656677246094,-13.186360359191895,13.381543159484863,-8.644896507263184,-3.4210994243621826,-11.424860000610352,-20.201858520507812,-6.485986232757568,-4.786757469177246,-7.564993381500244,-5.741524696350098,-3.5342960357666016,0.23826246995192307,0.0009649237617850304,3023.4756693652525,2367.901150775758,2.0
-827.0428466796875,41.24683380126953,-2.307983160018921,12.904342651367188,-3.5266525745391846,1.7941513061523438,-9.087811470031738,-8.894643783569336,-7.3760504722595215,-3.5560684204101562,-3.552959442138672,-5.14260721206665,-0.06799093633890152,0.20772235576923076,0.00045995748951099813,2055.69469441183,1605.8027635960518,2.0
-778.8467407226562,40.548526763916016,-2.043779134750366,9.976284980773926,-2.9556682109832764,1.9820021390914917,-5.826116561889648,-14.630805015563965,-4.383164405822754,-2.199413776397705,-3.6811788082122803,-4.004051685333252,-2.9082956314086914,0.21244365985576924,0.0006786787998862565,2227.262918800276,1800.9283758947022,2.0
-783.4335327148438,45.42594528198242,-1.0413140058517456,14.101005554199219,-1.535056233406067,4.324258804321289,-7.353872776031494,-14.719390869140625,-8.79463005065918,-1.3428312540054321,-3.7648611068725586,-5.670769691467285,-2.9890599250793457,0.2773475060096154,0.000650309375487268,2764.0312812261823,2112.1361102717765,2.0
-633.95458984375,53.03361511230469,-14.93045711517334,10.951906204223633,-3.1740329265594482,-18.6217098236084,-14.2625150680542,-21.34154510498047,-15.15206241607666,-4.102266788482666,-11.882781028747559,-0.3087729811668396,-6.4079132080078125,0.21459585336538461,0.0032041999511420727,2420.5951744220633,2079.273102538546,2.0
-451.11370849609375,26.79203224182129,-38.4886360168457,-4.637776851654053,-15.12610912322998,-31.356840133666992,-12.108702659606934,-23.818885803222656,-28.76688575744629,-1.400795817375183,-15.616792678833008,-0.7514835000038147,-0.4474088251590729,0.27459810697115383,0.019099777564406395,3101.6428895517656,2468.321387967606,2.0
-672.9419555664062,44.96033477783203,-3.2082905769348145,2.793530225753784,-4.96664571762085,-13.387639999389648,-15.292976379394531,-20.91058349609375,-15.190332412719727,-3.4984805583953857,-12.818209648132324,-0.714995265007019,-5.034440517425537,0.21722130408653847,0.0025217467918992043,2571.0255055181065,2007.493359933344,2.0
-472.8337707519531,31.662548065185547,-37.33092498779297,-5.953681945800781,-17.262332916259766,-30.485206604003906,-20.022802352905273,-23.12969207763672,-31.21406364440918,-1.7873530387878418,-10.626341819763184,-3.464066982269287,-0.18845179677009583,0.16227463942307693,0.01723402738571167,2478.369933288435,1953.859292128685,2.0
-708.1541748046875,37.95880889892578,-2.361342430114746,4.784745693206787,-4.731042861938477,-3.882927894592285,-5.758711338043213,-11.990765571594238,-6.404078006744385,-8.237875938415527,-3.0460166931152344,-4.0614166259765625,-7.383408069610596,0.23318810096153847,0.001913539250381291,2206.986729973912,1928.1061582069065,2.0
-538.4341430664062,33.618717193603516,-13.274627685546875,-5.1047234535217285,-11.924517631530762,-8.9125337600708,-6.909463882446289,-15.12362289428711,-11.140029907226562,-8.157429695129395,-6.658350467681885,-5.13697624206543,-10.421676635742188,0.1291015625,0.008620014414191246,2178.2205043306412,1829.9912518811866,2.0
-595.0291137695312,35.23862838745117,-18.48540687561035,6.446175575256348,-12.21596908569336,-10.335470199584961,-14.077559471130371,-18.674030303955078,-8.938213348388672,-5.0405049324035645,-4.675674915313721,-3.028989315032959,-7.905082702636719,0.25996844951923076,0.004903432913124561,2978.375694898108,2153.544504201946,2.0
-465.7209777832031,40.10371780395508,-28.77397918701172,-5.982337951660156,-15.6049222946167,-18.970014572143555,-15.836288452148438,-21.651662826538086,-13.015101432800293,-7.836186408996582,-6.633241653442383,-8.15220832824707,-13.27632999420166,0.21915940504807693,0.011356659233570099,3094.934759985976,2378.3135600435,2.0
-354.8369445800781,35.964935302734375,-16.07439613342285,16.981355667114258,-19.199779510498047,-14.955986022949219,-8.961106300354004,-19.127941131591797,-9.118115425109863,-10.282374382019043,-7.785167694091797,-2.830609083175659,-7.821706771850586,0.21414888822115385,0.026623353362083435,3332.9743179255374,2388.7506567123837,2.0
-302.1871337890625,23.325531005859375,-34.354801177978516,-9.75151252746582,-26.71758460998535,-24.60511016845703,-10.747467994689941,-17.862451553344727,-9.78546142578125,-4.350133895874023,-4.7328033447265625,0.3646219074726105,-8.36347484588623,0.2610426682692308,0.07662910968065262,3611.276318064935,2388.915346604129,2.0
-296.31219482421875,19.208906173706055,-28.711822509765625,-11.955306053161621,-15.85999870300293,-17.532041549682617,-11.066493034362793,-12.804220199584961,-8.64100456237793,-6.987728118896484,-4.722262382507324,-6.305654048919678,-1.8719850778579712,0.2061222956730769,0.07442847639322281,3009.4763638027807,2058.8373831566673,2.0
-444.5140380859375,25.109447479248047,-11.90384578704834,7.658926963806152,-12.86968994140625,-6.630108833312988,-10.398772239685059,-17.060407638549805,-9.04769229888916,-10.179676055908203,-6.236489772796631,-6.684544086456299,-9.338872909545898,0.3361553485576923,0.018836474046111107,3492.2202126268694,2556.1182001487873,2.0
-683.2332153320312,33.4841194152832,-7.52806282043457,5.587887763977051,-8.33399486541748,-12.528067588806152,-11.35354232788086,-14.00719928741455,-4.655418395996094,-6.4563493728637695,-8.336470603942871,-2.3507461547851562,-7.2598419189453125,0.1897198016826923,0.0018324059201404452,2212.3402442551505,1867.491827489576,0.0
-705.499755859375,20.962549209594727,-9.890506744384766,4.788579940795898,-6.972784519195557,-14.55728530883789,-11.6151704788208,-15.29622745513916,-1.7034268379211426,-7.746251106262207,-8.423431396484375,-1.4362802505493164,-8.131088256835938,0.2649451622596154,0.0020091566257178783,2464.0943065582837,1928.8636700627965,0.0
-716.3014526367188,25.629657745361328,-1.7961682081222534,8.55285930633545,-3.6953253746032715,-5.771204471588135,-15.600798606872559,-17.25637435913086,-0.2654454708099365,-5.4685163497924805,-6.931544780731201,-5.0499725341796875,-4.382977485656738,0.2092961237980769,0.0016626447904855013,2388.0586036300137,1820.9125510237782,0.0
-746.0625610351562,37.97929382324219,-2.7449848651885986,11.119173049926758,-4.825542449951172,-7.298607349395752,-15.408862113952637,-18.546165466308594,-3.3307993412017822,-4.660372257232666,-8.28433895111084,-2.3464953899383545,-4.901453971862793,0.22733623798076924,0.0011484036222100258,2453.859185605094,2055.942935935613,0.0
-312.48150634765625,27.154170989990234,-40.087650299072266,-4.311031341552734,-18.882659912109375,-24.911457061767578,-12.668400764465332,-18.043792724609375,-4.228130340576172,-3.669684410095215,-5.063990116119385,5.197076320648193,0.7198993563652039,0.20835712139423077,0.06549494713544846,3262.4566072013076,2467.8828405777717,0.0
-291.84228515625,23.50975799560547,-47.0821647644043,-11.492180824279785,-22.755367279052734,-26.039321899414062,-10.844283103942871,-22.71476936340332,-2.977543830871582,-0.9547997117042542,-8.259506225585938,10.152656555175781,1.1252357959747314,0.2154259314903846,0.06698213517665863,3277.4351092379557,2497.114919854523,0.0
-321.57049560546875,23.10991096496582,-44.715171813964844,-24.492504119873047,-20.002582550048828,-25.252256393432617,-14.211938858032227,-15.745085716247559,-4.019373893737793,0.8878219723701477,1.9542741775512695,-1.5382508039474487,-7.71469259262085,0.29365985576923076,0.08680505305528641,3095.761223474623,2441.974388669316,0.0
-308.9817199707031,11.304710388183594,-29.72300148010254,-15.125279426574707,-17.749237060546875,-19.228166580200195,-13.125288963317871,-17.427013397216797,-6.483466625213623,6.55446195602417,3.7279136180877686,17.34494972229004,6.247292518615723,0.226806640625,0.07556397467851639,3454.9812930395065,2577.1934838822426,0.0
-595.0193481445312,46.29281997680664,-12.22780990600586,0.4138322174549103,-10.821928977966309,-10.958372116088867,-10.283650398254395,-14.770408630371094,-10.170797348022461,-3.8747811317443848,-8.582825660705566,-7.290488243103027,-4.6894049644470215,0.12251727764423077,0.004497095476835966,1970.9942321984197,1618.0827794339468,2.0
-637.1702880859375,63.12562942504883,-8.783394813537598,4.256069183349609,-4.308516025543213,-9.858092308044434,-11.193065643310547,-7.825915336608887,-1.067635416984558,-3.428997039794922,-5.2124176025390625,-3.86950421333313,-3.4015419483184814,0.15357947716346154,0.001979060471057892,2209.9644491434133,2012.0362673592163,2.0
-671.2427368164062,46.35279083251953,1.7056487798690796,-0.09750331193208694,-5.68770170211792,-4.775322914123535,-12.099184036254883,-13.341569900512695,-5.1353302001953125,-6.217560291290283,-6.826590538024902,-6.723247051239014,-2.8106069564819336,0.17762169471153846,0.0025072891730815172,2441.393711615291,1881.6039858121765,2.0
-634.9408569335938,38.444515228271484,1.5344163179397583,-0.6391786932945251,-5.66433572769165,-9.924707412719727,-17.336572647094727,-14.516831398010254,-7.150034427642822,-8.306317329406738,-9.991379737854004,-7.281000137329102,-7.054782390594482,0.18868314302884615,0.00266203167848289,2620.539224067428,1815.9342534491323,2.0
-592.998046875,33.17259216308594,-5.131315231323242,4.561140060424805,-10.161620140075684,-10.113831520080566,-8.16022777557373,-11.828288078308105,-12.926782608032227,-2.776962995529175,-6.9805803298950195,-6.962359428405762,-2.1203548908233643,0.1710749699519231,0.004598910920321941,2483.0331559604615,1939.3395485621186,2.0
-557.5484619140625,27.400352478027344,-9.500467300415039,2.3386733531951904,-8.274557113647461,-13.451087951660156,-8.741205215454102,-10.367274284362793,-8.893291473388672,-7.6318511962890625,-6.277568340301514,-3.3333637714385986,-7.3963799476623535,0.25484149639423076,0.007279935292899609,2989.1485476058424,2257.687664381641,2.0
-575.983642578125,11.066020965576172,-6.811004161834717,-8.3098726272583,-7.871278762817383,-10.989649772644043,-17.119543075561523,-15.452301025390625,-10.451493263244629,-5.0893235206604,-10.224294662475586,-10.794830322265625,-7.046708583831787,0.34248046875,0.007541027385741472,3727.1336906307615,2286.7528925253537,2.0
-480.4043884277344,37.751556396484375,-11.632233619689941,-12.0894193649292,-16.381511688232422,-10.204122543334961,-12.147808074951172,-18.898759841918945,-15.297186851501465,-6.030730247497559,-9.570403099060059,-11.706449508666992,-10.089190483093262,0.209423828125,0.010419249534606934,3129.131492360594,2270.4017684276546,2.0
-636.9365234375,35.10810089111328,-18.04277801513672,5.358617782592773,-7.405161380767822,-8.31608772277832,-10.110060691833496,-17.094552993774414,-6.032566547393799,-5.471120834350586,-7.18037223815918,-3.2914485931396484,-5.702961444854736,0.19873046875,0.0039789630100131035,2151.1239291390916,1765.2389552595573,0.0
-549.0087280273438,45.09770584106445,-16.760587692260742,3.434964656829834,-9.308576583862305,-12.816567420959473,-9.430436134338379,-14.922929763793945,-9.162866592407227,-7.458133220672607,-6.794069290161133,-6.78227424621582,-7.077559471130371,0.14692758413461537,0.007734914775937796,2099.1302423698944,1788.3679057784618,0.0
-689.0242309570312,35.828529357910156,-10.464300155639648,2.018340587615967,-5.440292835235596,-3.719799041748047,-10.6975679397583,-14.601900100708008,-5.409602165222168,-4.1473517417907715,-6.409534931182861,-4.78779935836792,-3.7083373069763184,0.2390850360576923,0.0026089188177138567,2434.2313649804328,1913.801699538331,0.0
-669.638671875,39.62247848510742,-15.822851181030273,4.6260762214660645,-9.546662330627441,-8.05385971069336,-10.50607967376709,-17.48430061340332,-2.4675536155700684,-7.114574909210205,-5.20296049118042,-4.344496250152588,-0.9700825810432434,0.21283052884615383,0.003478151513263583,2207.728877228834,1764.8621801422473,0.0
-453.9828796386719,38.455970764160156,-24.41037940979004,-0.07971262186765671,-17.61713409423828,-15.797616958618164,-10.920567512512207,-18.574785232543945,-10.207180976867676,-7.849771022796631,-12.188224792480469,-4.714130878448486,-6.752931118011475,0.18746995192307692,0.0158693864941597,2437.6669455557635,1918.622673464882,0.0
-647.9620361328125,42.612770080566406,-17.875015258789062,1.5456130504608154,-12.028579711914062,-9.883980751037598,-10.270378112792969,-17.573780059814453,-8.862191200256348,-7.833586692810059,-8.003654479980469,-6.171220302581787,-7.166956424713135,0.24417067307692308,0.0038542128168046474,2376.083844582233,2038.2963069148846,0.0
-451.474365234375,38.16683578491211,-30.330904006958008,3.3338112831115723,-10.644700050354004,-11.4531888961792,-10.879158020019531,-26.093719482421875,-15.59129524230957,-4.317790508270264,-15.471607208251953,-7.732802391052246,-7.581727504730225,0.20439077524038463,0.012735764496028423,3093.2182206748184,2329.510794453138,0.0
-568.6787109375,37.46434020996094,-20.135347366333008,4.2730488777160645,-7.931558132171631,-7.867240905761719,-12.01321029663086,-19.92323112487793,-4.793983459472656,-4.644017696380615,-9.944820404052734,-5.994516372680664,-6.903543949127197,0.18030348557692308,0.006562958937138319,2518.2025173353068,1982.8423948391699,0.0
-551.7039794921875,82.35566711425781,3.5306813716888428,15.34355354309082,10.490633964538574,-8.620132446289062,3.6546483039855957,-6.090044021606445,-11.89477825164795,-0.8919252753257751,-1.1483700275421143,-5.5771942138671875,-1.376360535621643,0.24388146033653846,0.00716413464397192,2421.2071284981203,2470.8250961175618,1.0
-557.9569702148438,85.19361114501953,10.1651029586792,20.8601016998291,9.401042938232422,-6.125344276428223,4.7337822914123535,-6.328537464141846,-10.734957695007324,-0.7121309638023376,-0.1965562105178833,-3.1905038356781006,-0.13089224696159363,0.19724684495192307,0.007113397121429443,2322.305589586651,2411.767269422685,1.0
-573.008056640625,82.23594665527344,3.8913192749023438,15.438810348510742,9.582507133483887,-3.78975510597229,2.2595720291137695,-8.680902481079102,-12.544720649719238,-1.4146592617034912,0.12743988633155823,-4.190184593200684,-4.058399200439453,0.29092172475961536,0.007714433129876852,2525.857905527328,2434.6627046218027,1.0
-576.12646484375,81.6369857788086,3.132847547531128,14.7041597366333,12.149158477783203,-1.635836124420166,-0.0680774375796318,-9.632598876953125,-11.499825477600098,0.12178447097539902,-0.9810594916343689,-3.578930377960205,-1.361141562461853,0.2785682091346154,0.0062814271077513695,2464.1142495524264,2402.157105986423,1.0
-590.7047729492188,90.24685668945312,11.999798774719238,21.292654037475586,13.199264526367188,-4.907209873199463,1.0150320529937744,-7.376369476318359,-7.863735198974609,-1.6105198860168457,2.2012736797332764,-1.8162481784820557,0.5346204042434692,0.21840069110576923,0.004782660398632288,2332.8887835107853,2401.5292923978973,1.0
-560.3464965820312,95.10426330566406,5.018367290496826,18.120080947875977,13.20059871673584,-9.610183715820312,0.8945988416671753,-8.305831909179688,-10.102910995483398,-1.3393864631652832,-0.3705114424228668,-4.005684852600098,0.3654773533344269,0.2181377704326923,0.005841559264808893,2348.739722045657,2313.098372838447,1.0
-596.444580078125,91.81514739990234,17.470252990722656,23.105592727661133,16.98973846435547,1.2547048330307007,5.716818332672119,-7.376282691955566,-4.690389156341553,1.2957581281661987,2.3985414505004883,0.13598309457302094,3.3979008197784424,0.15312124399038463,0.005426078103482723,2318.483014111632,2484.0339434364682,1.0
-582.5517578125,90.06737518310547,12.39908218383789,25.288097381591797,16.136775970458984,-0.6885467767715454,-1.364363670349121,-7.758606433868408,-5.4566168785095215,0.450919508934021,0.8133717179298401,-2.9536919593811035,1.7533740997314453,0.1802696814903846,0.005562341306358576,2208.224162250634,2338.0487630811303,1.0
-562.6875610351562,82.49002075195312,4.447331428527832,26.563596725463867,11.172171592712402,-4.347632884979248,-0.034537915140390396,-8.477606773376465,-5.278446674346924,-0.5180999636650085,2.2762677669525146,-3.1182756423950195,1.4670922756195068,0.19698392427884615,0.004849846474826336,2465.352284206156,2410.3909156650993,1.0
-546.5859375,82.37659454345703,-2.0310709476470947,27.27706527709961,10.22999095916748,-4.98281192779541,-1.8949233293533325,-11.438159942626953,-9.372570037841797,0.14704068005084991,0.6475939750671387,-4.887117862701416,-0.2457170933485031,0.2030010516826923,0.005079601891338825,2531.6069637540095,2281.699153316112,1.0
-552.6756591796875,76.86820983886719,-0.2651529312133789,22.72654151916504,13.84216594696045,-9.503800392150879,0.32971394062042236,-10.494921684265137,-9.052474021911621,-0.2190399169921875,-1.451035737991333,-4.66632080078125,0.7003840804100037,0.22746394230769232,0.006460044998675585,2509.4012261441235,2359.8227475267613,1.0
-557.291259765625,90.72882843017578,-0.5376666784286499,24.26813507080078,12.848320007324219,-3.905973434448242,-4.015368461608887,-11.94389820098877,-6.530786037445068,-1.5587533712387085,-2.6131930351257324,-3.079258918762207,-0.48963481187820435,0.20234750600961537,0.005505597684532404,2383.552155762654,2245.8679692582364,1.0
-532.736328125,78.7680435180664,-5.0115203857421875,16.03550910949707,9.484488487243652,-8.722479820251465,-2.1906044483184814,-8.289341926574707,-12.524081230163574,0.5871971845626831,-3.716498851776123,-6.4499993324279785,-0.44243133068084717,0.2768329326923077,0.009213939309120178,2532.455836340595,2328.2241583458194,1.0
-525.982421875,80.09113311767578,-9.965926170349121,18.00799560546875,15.361166954040527,-9.379956245422363,-1.063748836517334,-6.0010528564453125,-13.789124488830566,1.9719473123550415,-2.144192695617676,-6.988594055175781,0.5396777987480164,0.23301532451923077,0.010128804482519627,2476.8598379160544,2302.6825726138786,1.0
-507.1782531738281,78.33867645263672,-14.386064529418945,20.004133224487305,9.588924407958984,-10.111720085144043,-4.381397724151611,-11.902905464172363,-14.353194236755371,0.0476875901222229,-5.607251167297363,-7.6765031814575195,-0.35218727588653564,0.2670072115384615,0.012448123656213284,2592.8336817297527,2204.390479670089,1.0
-527.1683959960938,80.67401885986328,-10.302274703979492,15.111144065856934,8.039122581481934,-5.522026062011719,-6.871841907501221,-12.282242774963379,-12.339080810546875,-0.9668658971786499,-4.235910415649414,-6.9484405517578125,-1.6459064483642578,0.2600848858173077,0.010974415577948093,2558.521709697246,2201.2538322562395,1.0
-433.6209716796875,68.82443237304688,-21.662742614746094,14.7998628616333,5.116738796234131,-15.521425247192383,-5.302213191986084,-7.151075839996338,-19.36983871459961,-1.6785874366760254,-5.396932125091553,-12.553564071655273,-0.7820833921432495,0.27087965745192305,0.02384629286825657,2688.85050609219,2278.883079838926,1.0
-437.9925231933594,65.70719146728516,-21.67326545715332,12.457486152648926,8.089874267578125,-15.065757751464844,-4.974712371826172,-5.972537040710449,-21.79652214050293,-1.2733324766159058,-5.750058650970459,-11.819887161254883,-2.032865047454834,0.2765925480769231,0.0226519163697958,2649.188301640184,2323.3829781807513,1.0
-464.15374755859375,73.16878509521484,-14.244211196899414,11.619863510131836,6.659816265106201,-12.330220222473145,-7.924593448638916,-9.136691093444824,-17.148284912109375,0.6441223621368408,-5.94801139831543,-9.733661651611328,-1.284273386001587,0.27445162259615385,0.02091599814593792,2608.040738913909,2258.8171788962163,1.0
-415.2264709472656,66.02543640136719,-19.18053436279297,12.5521879196167,2.6479530334472656,-14.353034019470215,-7.742121696472168,-8.396595001220703,-20.70759391784668,-2.529974937438965,-5.92207670211792,-12.004231452941895,-1.244538426399231,0.25194185697115384,0.027805732563138008,2593.3263885684123,2181.9111823606017,1.0
-608.6571655273438,70.24956512451172,5.962170600891113,24.584733963012695,9.799975395202637,-4.964618682861328,4.165785789489746,-8.069991111755371,-9.144097328186035,-4.057188510894775,-0.5591744184494019,-6.892534255981445,-1.4613988399505615,0.31890775240384617,0.0038209634367376566,3032.40574867595,2517.4199254918244,2.0
-632.131591796875,69.03983306884766,7.782140731811523,23.50953483581543,7.557488441467285,-3.2760961055755615,6.873242378234863,-5.600113868713379,-5.5511627197265625,-5.254359245300293,-2.738469362258911,-3.8702428340911865,-0.6359796524047852,0.3336313100961538,0.003268161788582802,2988.504326401127,2669.3315284752207,2.0
-566.8339233398438,73.90199279785156,4.070376873016357,23.589508056640625,7.743106365203857,-3.565040349960327,3.257843494415283,-10.892632484436035,-9.668660163879395,-0.506239652633667,-0.5062143206596375,-4.542513847351074,-1.6445918083190918,0.2783728966346154,0.004774829838424921,2789.5455631211566,2483.5455055772877,2.0
-589.263427734375,70.05587005615234,1.0333386659622192,24.13590431213379,9.354836463928223,-3.2877919673919678,4.26453971862793,-8.090167045593262,-10.306994438171387,-2.1755621433258057,-1.313169002532959,-5.91128396987915,-0.8165549635887146,0.31070462740384613,0.004760886542499065,2997.108525107269,2536.2805040133812,2.0
-461.2761535644531,73.13594818115234,-22.707569122314453,17.94361114501953,12.587067604064941,-13.548187255859375,-20.72635269165039,-2.4905314445495605,-27.665821075439453,-9.116621971130371,0.07182852178812027,-17.56193733215332,-6.831253528594971,0.27687049278846154,0.017535962164402008,2593.27575951252,2185.9430964338676,2.0
-478.2974853515625,64.43576049804688,-17.662450790405273,17.10072135925293,13.94067668914795,-10.265295028686523,-19.64588737487793,-5.88323974609375,-27.02919578552246,-6.094901084899902,2.445007562637329,-17.229480743408203,-5.452551364898682,0.2539513221153846,0.015574544668197632,2596.4653515473724,2318.5865065078647,2.0
-496.16046142578125,64.49221801757812,-12.770295143127441,21.114105224609375,15.33819580078125,-13.5991849899292,-7.4636077880859375,-8.457804679870605,-23.877134323120117,-0.5779730081558228,-4.014625072479248,-12.78736400604248,-4.295799255371094,0.2714806189903846,0.011792381294071674,2767.3847833202044,2318.5011650912465,2.0
-501.7342224121094,75.0645751953125,-14.154983520507812,20.23176383972168,16.104957580566406,-12.252613067626953,-11.499882698059082,-5.13691520690918,-23.806941986083984,-1.9098917245864868,-1.854582667350769,-13.707854270935059,-3.9818081855773926,0.25364708533653846,0.012587400153279305,2647.003206382547,2247.258354022212,2.0
-386.1542663574219,54.549293518066406,-19.863903045654297,19.41485595703125,7.383073329925537,-18.85727310180664,-4.052341938018799,-7.207859516143799,-24.045522689819336,-1.9464234113693237,-3.674999475479126,-11.773698806762695,-3.3822834491729736,0.26793870192307695,0.037083324044942856,2915.5056126325503,2439.6908752400914,2.0
-392.9917907714844,61.82944107055664,-19.736875534057617,16.690248489379883,9.173632621765137,-17.242311477661133,-1.609360933303833,-6.6153411865234375,-23.325794219970703,-0.8393769264221191,-2.8259999752044678,-11.748284339904785,-3.6107559204101562,0.27506009615384613,0.03475898504257202,2792.4992967895328,2409.8277791877044,2.0
-363.6709899902344,54.14590072631836,-14.411882400512695,14.65388298034668,4.493740558624268,-17.29444694519043,-3.112755537033081,-6.688236236572266,-22.9090518951416,-5.2218098640441895,-4.152585029602051,-13.507477760314941,-4.0077738761901855,0.2469501201923077,0.0467318594455719,2823.233939150501,2364.204870529071,2.0
-388.460205078125,61.535396575927734,-17.701784133911133,16.05792236328125,7.217312812805176,-16.820877075195312,-3.1686367988586426,-9.730256080627441,-25.144887924194336,-0.7656050324440002,-3.7377116680145264,-15.329662322998047,-3.3682053089141846,0.2543156550480769,0.0422220453619957,2868.484309666703,2293.339282134736,2.0
-318.3846130371094,44.01799392700195,-21.426258087158203,16.9736328125,6.5566840171813965,-15.782989501953125,-5.886703014373779,-4.028214454650879,-20.215885162353516,-1.7006399631500244,-2.940059185028076,-12.253999710083008,-2.7805135250091553,0.24984224759615384,0.07557050883769989,2833.9224836476355,2316.096921748176,2.0
-338.1773681640625,44.99318313598633,-26.04955291748047,14.949158668518066,8.425381660461426,-11.17410945892334,-10.045859336853027,-5.713710308074951,-21.198339462280273,-2.2974743843078613,-2.846031665802002,-13.360289573669434,-2.347564697265625,0.2689002403846154,0.06468910723924637,3104.4147892394367,2448.1868933979545,2.0
-337.6535949707031,46.31690216064453,-19.178956985473633,11.074575424194336,4.287499904632568,-17.342998504638672,-4.7585129737854,-9.577705383300781,-23.5455379486084,-3.1826367378234863,-5.263964653015137,-13.317461967468262,-5.214487552642822,0.2851374699519231,0.061944324523210526,3018.9803211039584,2382.0411880989773,2.0
-328.5506286621094,39.40304946899414,-22.7999210357666,14.642349243164062,2.935406446456909,-18.907793045043945,-7.720521926879883,-7.685499668121338,-24.056020736694336,-4.625583171844482,-4.91709041595459,-12.547719955444336,-3.409764289855957,0.3117375300480769,0.07202934473752975,3309.6890877907827,2423.121529998477,2.0
-520.6707763671875,75.3221664428711,-7.191598892211914,19.9431209564209,8.334424018859863,-7.614222526550293,0.08152677118778229,-8.849051475524902,-14.6761474609375,0.5064263939857483,-1.9790698289871216,-11.412971496582031,-2.1152665615081787,0.23363882211538461,0.00886290892958641,2559.513652735478,2195.490867149353,0.0
-524.0985717773438,75.69731903076172,-10.13381290435791,17.387380599975586,7.672895908355713,-10.298797607421875,-1.3516850471496582,-9.965373039245605,-14.640921592712402,-0.05247485637664795,-2.2189040184020996,-10.93786334991455,-3.339256763458252,0.26294696514423077,0.00909474492073059,2662.398298476179,2312.46251726076,0.0
-537.657958984375,63.8664436340332,-5.328651428222656,14.757946968078613,9.591012954711914,-5.23016357421875,-1.7309139966964722,-8.747886657714844,-13.200913429260254,-0.6755229830741882,-6.308893203735352,-9.233312606811523,-2.7215819358825684,0.3271935096153846,0.008866002783179283,2848.096880603745,2434.1260918556354,0.0
-555.7825317382812,65.66656494140625,0.985713541507721,14.815764427185059,5.174633026123047,-5.578857421875,2.546224355697632,-8.105591773986816,-11.850552558898926,-3.2594001293182373,-5.5931620597839355,-8.272218704223633,-3.363652467727661,0.34723557692307694,0.010037435218691826,2819.4378157279284,2466.0887275381497,0.0
-450.1075134277344,55.967166900634766,-19.256317138671875,13.428956031799316,7.4914116859436035,-12.126912117004395,-6.552764415740967,-5.330288887023926,-18.79366111755371,-1.354600191116333,-3.123626708984375,-10.068285942077637,-2.846555709838867,0.2950232872596154,0.020836982876062393,2964.0781100834593,2556.3730367736935,0.0
-452.6930847167969,60.31819534301758,-17.17667579650879,12.9420747756958,5.9639668464660645,-10.501118659973145,-8.553959846496582,-5.355093002319336,-18.429475784301758,-3.2429819107055664,-1.820732831954956,-11.229435920715332,-4.140605449676514,0.25372596153846155,0.020427921786904335,2796.804367884205,2487.697835278776,0.0
-439.802490234375,66.57085418701172,-13.806954383850098,13.490327835083008,8.420554161071777,-8.687790870666504,-5.918258190155029,-9.05869197845459,-18.912731170654297,-4.0316619873046875,-5.262089729309082,-11.27365779876709,-4.664443492889404,0.2728440504807692,0.02203667350113392,2761.0501355675365,2420.2168848088413,0.0
-469.87945556640625,62.21310043334961,-9.983390808105469,12.094541549682617,8.966931343078613,-8.583431243896484,-4.993829727172852,-5.887924671173096,-15.8847074508667,-3.037583589553833,-7.645793437957764,-11.301883697509766,-4.171036720275879,0.32246844951923076,0.01933739334344864,2883.4052830462497,2438.0660579539103,0.0
-504.1585998535156,71.73309326171875,-5.95899772644043,17.702547073364258,8.745834350585938,-12.973798751831055,1.3793085813522339,-6.7694854736328125,-14.990350723266602,-0.005677619483321905,-0.8649208545684814,-8.99044132232666,-6.369168758392334,0.30144606370192306,0.010709276422858238,2844.066958997791,2435.6220114668135,2.0
-497.49285888671875,66.84020233154297,-10.210869789123535,20.63124656677246,12.0568265914917,-15.807016372680664,1.4038963317871094,-5.3197340965271,-12.1741361618042,-1.5798377990722656,1.0150542259216309,-6.843827724456787,-4.274131774902344,0.28571213942307694,0.011632232926785946,2820.9809482946416,2466.709550251165,2.0
-512.4147338867188,70.09852600097656,-5.93653678894043,15.887120246887207,12.338447570800781,-12.208784103393555,-3.614842414855957,-7.228832244873047,-12.59145736694336,1.1651592254638672,-3.8184726238250732,-9.5663480758667,-5.436158657073975,0.2901479867788462,0.010879202745854855,2805.349496508115,2434.6438581253315,2.0
-514.3111572265625,60.4731559753418,-8.646637916564941,16.65448570251465,10.918030738830566,-13.942052841186523,-1.8219311237335205,-6.297433853149414,-14.32266902923584,0.6635060906410217,-2.575500965118408,-7.293521404266357,-4.678976535797119,0.33343224158653845,0.010236022993922234,2870.3840587941054,2532.5341590355333,2.0
-535.96337890625,72.55980682373047,-8.430859565734863,18.592533111572266,18.354703903198242,-13.026496887207031,3.0201473236083984,-4.969223976135254,-8.279399871826172,3.338336229324341,0.9777040481567383,-4.027494430541992,-1.7897007465362549,0.2636268028846154,0.007872882299125195,2756.557749898409,2587.1761164848263,2.0
-527.064208984375,72.19733428955078,-9.085113525390625,19.951765060424805,13.454864501953125,-14.020347595214844,5.992331027984619,-4.340826988220215,-12.100288391113281,0.9043228030204773,-0.27921944856643677,-4.291777610778809,-1.4494065046310425,0.2876014122596154,0.008382567204535007,2824.9736953088363,2571.869604928855,2.0
-522.6597900390625,57.77442932128906,-5.064675331115723,23.748476028442383,11.404498100280762,-10.616430282592773,-0.26908934116363525,-3.5360634326934814,-10.973093032836914,2.3030147552490234,-0.858260989189148,-4.986327171325684,-0.6935665607452393,0.28253455528846155,0.009899099357426167,2965.6219281527606,2457.472719041942,2.0
-528.9570922851562,74.27958679199219,-2.605134963989258,21.551532745361328,15.539077758789062,-8.540616035461426,1.3558626174926758,-3.381676197052002,-11.521001815795898,3.408450126647949,2.7361268997192383,-2.4693641662597656,0.03393625095486641,0.26466346153846154,0.00898721069097519,2705.241149738451,2386.3934444057863,2.0
-516.0276489257812,66.85904693603516,-3.4171559810638428,9.338373184204102,6.6601481437683105,-11.557559967041016,-4.246687889099121,-7.766435146331787,-15.292635917663574,-1.6484055519104004,-7.296751499176025,-10.421181678771973,-2.2018954753875732,0.290478515625,0.01278839074075222,2870.0341308386246,2485.835188208436,0.0
-536.1117553710938,63.05044937133789,-1.5058668851852417,9.707592964172363,6.554206848144531,-8.472830772399902,-1.3150264024734497,-6.285026550292969,-14.177529335021973,-2.3652827739715576,-5.807491302490234,-9.400421142578125,-3.2437326908111572,0.3068547175480769,0.01150001585483551,2679.3632892698765,2568.80670646714,0.0
-523.8892822265625,58.89563751220703,-7.489037036895752,9.518844604492188,4.497217178344727,-7.860132694244385,-4.2082695960998535,-9.512107849121094,-13.918682098388672,-1.6843866109848022,-8.685434341430664,-11.72800350189209,-4.189462661743164,0.3177020733173077,0.012123923748731613,2871.8907065972357,2452.8218736149697,0.0
-489.02490234375,61.950069427490234,1.2620046138763428,8.193180084228516,5.023427486419678,-9.517440795898438,-3.005188465118408,-8.254701614379883,-13.340694427490234,-1.5743601322174072,-8.798065185546875,-10.439823150634766,-6.279536724090576,0.2967698317307692,0.014947487972676754,2674.2853395101592,2480.3045422773253,0.0
-467.7644958496094,54.958866119384766,-7.425549507141113,11.56735610961914,3.7808971405029297,-10.048296928405762,-7.556347846984863,-6.5898308753967285,-19.331012725830078,-1.1779435873031616,-7.927710056304932,-12.953033447265625,-1.9452695846557617,0.23714693509615384,0.01786811649799347,2734.3929282214003,2534.9158750017255,0.0
-467.35211181640625,61.74553680419922,-11.848138809204102,12.658342361450195,1.968209147453308,-13.610275268554688,-8.43772029876709,-5.850517272949219,-19.062788009643555,-4.112576961517334,-7.654862880706787,-12.824862480163574,-1.7452152967453003,0.2662222055288462,0.01760615035891533,2854.4777239626133,2497.3739149439302,0.0
-505.06195068359375,52.88925552368164,-6.813984394073486,9.969156265258789,6.189142227172852,-8.287039756774902,-5.587095737457275,-9.998984336853027,-18.440025329589844,2.4337778091430664,-5.818755149841309,-11.666022300720215,-2.6947476863861084,0.2955829326923077,0.015360672026872635,2836.9273971870934,2472.7992330793945,0.0
-481.5491638183594,51.26644515991211,-3.512167453765869,11.993409156799316,3.6847951412200928,-7.734745979309082,-7.28501558303833,-9.242654800415039,-18.082332611083984,0.33337175846099854,-8.135223388671875,-11.492287635803223,-2.8660380840301514,0.27247220552884616,0.015492893755435944,2860.270172058695,2511.756998414223,0.0
-660.9432983398438,61.704952239990234,1.5569206476211548,5.243268966674805,5.023129940032959,-5.225869178771973,-6.053350925445557,-8.731070518493652,-12.692127227783203,-3.9042575359344482,-2.515068531036377,-7.778191566467285,0.03705773130059242,0.28167442908653845,0.002697722055017948,2902.699186986355,2733.3001709417135,1.0
-644.3258666992188,46.73232650756836,-2.0527150630950928,2.2230312824249268,5.865542411804199,-6.962440490722656,-10.51312255859375,-9.592076301574707,-11.812162399291992,-2.1643335819244385,-3.133685827255249,-8.031982421875,-3.020017623901367,0.29219876802884615,0.002863227389752865,3139.9474537362544,2769.8919128379625,1.0
-648.5089111328125,61.04604721069336,0.48030582070350647,-0.21462437510490417,4.161268711090088,-3.0599403381347656,-10.746578216552734,-13.613914489746094,-12.151834487915039,-0.9142723679542542,-2.658949136734009,-10.34638500213623,-2.414820671081543,0.2885441706730769,0.0032512396574020386,2901.8952578220974,2669.1471999457967,1.0
-646.3010864257812,54.282405853271484,1.2614632844924927,4.559426784515381,4.963597297668457,-1.5619525909423828,-6.238991737365723,-15.282703399658203,-13.500082969665527,-0.4782794713973999,-2.1614127159118652,-9.417420387268066,-1.8447176218032837,0.2700908954326923,0.0029626020696014166,3072.68378989812,2685.2160831466426,1.0
-671.7752685546875,49.55636978149414,5.823411464691162,7.844031810760498,4.177559852600098,-1.338850498199463,-8.579789161682129,-7.890651226043701,-8.961106300354004,-2.4074819087982178,-3.7028884887695312,-9.024654388427734,-0.7261945605278015,0.2997483473557692,0.0018683351809158921,3278.407237016903,2801.4968839468024,1.0
-649.0379028320312,56.10463333129883,-2.4560062885284424,8.077850341796875,5.186446666717529,-2.917982339859009,-7.428577899932861,-9.648426055908203,-10.935620307922363,-1.906123161315918,-1.703593373298645,-8.61263370513916,-0.08102980256080627,0.23736102764423078,0.0019833100959658623,2930.801906612313,2657.1591439448557,1.0
-654.158203125,55.107521057128906,0.6889604926109314,1.9635200500488281,2.5899078845977783,-3.4860639572143555,-11.432732582092285,-11.95682430267334,-8.473641395568848,-1.222999930381775,-3.765752077102661,-10.806323051452637,-1.0701826810836792,0.31541466346153846,0.002683657454326749,3175.0657388871177,2689.833531351696,1.0
-645.5258178710938,54.45567321777344,-2.2547988891601562,4.56450080871582,3.726213216781616,1.064618468284607,-8.780881881713867,-14.528963088989258,-11.196096420288086,2.103396415710449,-3.7441508769989014,-10.532506942749023,-1.0253136157989502,0.27692307692307694,0.002315801801159978,3104.3166511693917,2600.016456372708,1.0
-642.400390625,53.63692092895508,-3.113856315612793,6.787388801574707,3.583531141281128,-3.950681686401367,-7.1496758460998535,-7.024827003479004,-8.455545425415039,-1.7167870998382568,-2.852903127670288,-9.858133316040039,-2.3310272693634033,0.2514085036057692,0.0019335489487275481,3180.20902958131,2722.455417609699,1.0
-633.1304321289062,55.273475646972656,0.8863785862922668,6.693087100982666,0.5463518500328064,-5.323466777801514,-9.98090934753418,-6.779412746429443,-7.50627326965332,-0.5128663182258606,-5.563117027282715,-8.939236640930176,0.9076061248779297,0.2692082331730769,0.0024651936255395412,3100.130703475657,2737.8942628673867,1.0
-641.2306518554688,64.74234008789062,-9.844949722290039,3.271167039871216,-0.6571162343025208,0.0831301212310791,-7.658077716827393,-12.943114280700684,-12.549898147583008,-0.223948672413826,-2.8850183486938477,-11.833362579345703,-3.2955942153930664,0.24381385216346155,0.0020649773068726063,2872.662269810433,2503.9108202510047,1.0
-621.554931640625,59.801353454589844,-5.535971641540527,7.579662322998047,-2.495182752609253,-3.5955166816711426,-9.28958797454834,-14.945444107055664,-13.470139503479004,-1.2054166793823242,-3.7334206104278564,-10.651650428771973,-0.9442471265792847,0.23307542067307693,0.0021688384003937244,3024.921272081037,2527.8942731475163,1.0
-595.8706665039062,63.30637741088867,-11.208219528198242,0.6321824193000793,3.6779534816741943,-6.756318092346191,-11.718008041381836,-12.648809432983398,-12.15218448638916,-2.2768545150756836,-7.035853385925293,-10.459503173828125,-2.6985855102539062,0.24734825721153847,0.004450306296348572,2874.256597192247,2520.2082436848477,1.0
-620.3486938476562,54.28314971923828,-17.813173294067383,-1.7257753610610962,4.424128532409668,-9.611080169677734,-12.96009635925293,-13.824271202087402,-12.529603004455566,-1.1605820655822754,-7.540464401245117,-9.046453475952148,-2.507411479949951,0.2861891526442308,0.004272362682968378,3104.8585713050816,2628.547272021105,1.0
-607.0032348632812,50.5032844543457,-5.401947498321533,-0.9544941782951355,-0.0109710693359375,-7.418588161468506,-12.933189392089844,-13.669783592224121,-13.672340393066406,-1.0000946521759033,-6.537839412689209,-9.745060920715332,-2.730510950088501,0.29767503004807694,0.004736131988465786,3167.238259653054,2684.9073538759326,1.0
-612.5365600585938,53.09228515625,-4.017251968383789,-3.4911253452301025,3.1387858390808105,-3.288378953933716,-12.011617660522461,-12.495840072631836,-12.186352729797363,-0.3225533068180084,-6.527993679046631,-9.405208587646484,-0.5930864214897156,0.3047325721153846,0.004804926924407482,3036.737732043748,2675.671412777792,1.0
-454.203857421875,41.247344970703125,-26.82638931274414,-9.541459083557129,-7.032887935638428,-15.578034400939941,-18.345129013061523,-14.112836837768555,-20.017108917236328,-3.114607572555542,-7.480785846710205,-12.455964088439941,-8.350360870361328,0.2587364783653846,0.01829809509217739,3030.6577375560923,2518.0744707245094,1.0
-445.6155700683594,45.45685958862305,-19.065019607543945,-6.6835036277771,-2.036356210708618,-13.558685302734375,-20.158323287963867,-15.761197090148926,-18.413976669311523,-4.116832256317139,-7.383741855621338,-15.62368392944336,-5.873590469360352,0.21616586538461538,0.017518242821097374,2841.99600573467,2570.156909127561,1.0
-452.0609436035156,33.61333465576172,-7.51942253112793,-9.834945678710938,-3.283754825592041,-10.061330795288086,-17.41602325439453,-16.06866455078125,-20.307889938354492,-2.1616098880767822,-12.064475059509277,-15.084677696228027,-5.824408054351807,0.26756685697115384,0.017762156203389168,3461.984444281978,2842.612161952723,1.0
-460.9200134277344,41.97510528564453,-21.335453033447266,-11.947271347045898,-1.572685718536377,-15.797272682189941,-19.320331573486328,-18.146968841552734,-18.76137351989746,-0.8211526870727539,-10.21446418762207,-15.278188705444336,-5.663883686065674,0.23074669471153847,0.016225894913077354,3087.6805523413227,2518.633206199667,1.0
-618.064208984375,59.29344177246094,-6.547807693481445,3.945347309112549,5.663187503814697,-8.551965713500977,-10.266707420349121,-12.652742385864258,-13.947564125061035,-0.3070099353790283,-6.2042236328125,-7.10542631149292,-1.0106165409088135,0.24849008413461537,0.0034618116915225983,2846.4489427820085,2560.4871638325712,2.0
-597.1419677734375,56.43040084838867,-11.263964653015137,-0.7185645699501038,2.3677682876586914,-9.600977897644043,-13.944502830505371,-14.3848876953125,-15.235905647277832,-0.650530993938446,-4.056201934814453,-8.635377883911133,-1.5078067779541016,0.2371319110576923,0.004230031743645668,2808.8430872079734,2499.2025059526773,2.0
-587.390869140625,50.69685363769531,-9.450419425964355,-2.5864498615264893,1.1761220693588257,-5.068368911743164,-12.518861770629883,-21.501047134399414,-15.307683944702148,0.8008933663368225,-3.020113229751587,-11.920966148376465,-1.724847674369812,0.2418907752403846,0.004273734521120787,2989.1863797150777,2557.200092723254,2.0
-577.5880737304688,52.314491271972656,-6.83915901184082,-2.447983980178833,-1.0767580270767212,-4.3556809425354,-12.459437370300293,-20.977937698364258,-15.359882354736328,1.218763828277588,-5.683962821960449,-13.2728271484375,0.10475564002990723,0.22663762019230768,0.00508978171274066,2934.8094647484813,2443.388191241223,2.0
-585.0281372070312,57.04798126220703,-12.451629638671875,1.361594319343567,2.6765336990356445,-9.080793380737305,-12.690460205078125,-11.467430114746094,-17.242536544799805,-2.0902621746063232,-5.423608303070068,-10.528111457824707,-2.2209601402282715,0.24490685096153847,0.00454912893474102,2964.3754931993667,2490.809782495811,2.0
-570.8461303710938,48.80435562133789,-13.556933403015137,4.268688201904297,1.5020592212677002,-11.754377365112305,-15.811690330505371,-14.001667976379395,-15.732601165771484,-3.81557297706604,-6.700949668884277,-8.489461898803711,-0.14617253839969635,0.23229041466346154,0.00557840708643198,2956.334629296566,2466.2401303161796,2.0
-590.3154907226562,49.96620178222656,-4.881528854370117,-0.33277422189712524,1.8127690553665161,-3.5322344303131104,-14.028864860534668,-16.78190040588379,-19.203798294067383,-3.476388692855835,-6.73825216293335,-12.9833402633667,-2.4557766914367676,0.2628342848557692,0.005485218018293381,2991.488942199033,2458.205542835765,2.0
-566.6173095703125,52.20062255859375,-7.6058454513549805,7.720407485961914,2.7690446376800537,-7.85300874710083,-15.931266784667969,-13.89531135559082,-19.836669921875,-6.139482021331787,-7.920126438140869,-12.407788276672363,-1.7321717739105225,0.256787109375,0.006273582112044096,2879.923197562592,2452.0747295414,2.0
-548.6514282226562,51.724971771240234,-4.013574600219727,3.895998001098633,-1.8158677816390991,-9.291905403137207,-11.182282447814941,-10.513855934143066,-13.216525077819824,-2.793436288833618,-2.758725166320801,-11.995089530944824,-0.11826541274785995,0.24193209134615384,0.006308802869170904,3074.571269859491,2513.0628373030754,2.0
-575.5370483398438,57.42386245727539,-1.8124499320983887,4.016058921813965,-0.8767315149307251,-9.44029426574707,-10.260652542114258,-7.103038787841797,-14.053191184997559,-2.2247400283813477,-3.3389360904693604,-9.77601432800293,-0.8807452917098999,0.2596304086538462,0.0067390985786914825,2864.462095815901,2553.4806539178726,2.0
-524.5180053710938,51.98936462402344,-12.143547058105469,0.08956382423639297,-5.299825668334961,-9.638001441955566,-13.777868270874023,-11.644262313842773,-16.43010902404785,-2.0956740379333496,-4.4381632804870605,-12.249476432800293,-0.5461975932121277,0.24711538461538463,0.009042779915034771,2967.1885714909904,2324.3590881665937,2.0
-499.7881164550781,47.15066146850586,-10.817312240600586,0.45639273524284363,-5.4399518966674805,-12.697653770446777,-12.149734497070312,-12.90528392791748,-19.827077865600586,-4.753767013549805,-4.643260478973389,-15.281595230102539,-2.281015396118164,0.24459510216346153,0.011200284585356712,3053.060814598765,2420.2261241067836,2.0
-425.7636413574219,39.90281295776367,-20.443832397460938,-0.21744385361671448,-6.192291736602783,-18.30459976196289,-12.598158836364746,-13.844677925109863,-16.259431838989258,-1.8685239553451538,-9.18382453918457,-10.657292366027832,-4.0163726806640625,0.24409555288461537,0.02434503845870495,3258.5500817338434,2538.009169744418,2.0
-439.9393005371094,46.68991470336914,-20.57119369506836,-1.9101107120513916,-6.544372081756592,-14.55300235748291,-13.105473518371582,-11.09810733795166,-19.620101928710938,-3.1274564266204834,-6.907529830932617,-13.234227180480957,-4.517990589141846,0.22145057091346154,0.023628786206245422,2838.1194754393982,2372.329043187673,2.0
-386.4960632324219,22.693809509277344,-17.892751693725586,2.7511932849884033,-7.106534004211426,-17.905611038208008,-11.117338180541992,-15.17003059387207,-20.982481002807617,-5.107791423797607,-9.166746139526367,-11.031929969787598,-4.663835048675537,0.2595515324519231,0.04243435710668564,3304.193320003999,2467.5492842410335,2.0
-386.6197509765625,22.482229232788086,-25.786455154418945,0.1315694898366928,-9.636442184448242,-21.63140106201172,-11.918458938598633,-18.18324851989746,-21.109750747680664,-5.518152236938477,-7.066275596618652,-14.049139976501465,-3.8327205181121826,0.25555138221153845,0.041719790548086166,3272.3605593366824,2505.2457599101617,2.0
-551.2728271484375,41.87056350708008,-15.876449584960938,3.647897958755493,0.7982518672943115,-12.391712188720703,-15.559613227844238,-15.796233177185059,-14.526312828063965,-2.615201950073242,-8.2261962890625,-7.836386680603027,-0.9226746559143066,0.252294921875,0.007658153306692839,3083.949083587804,2609.613459456582,0.0
-537.0081787109375,44.252540588378906,-14.166443824768066,2.9939517974853516,0.3845383822917938,-10.95212459564209,-14.782261848449707,-12.00615119934082,-16.036605834960938,-3.7660958766937256,-7.668753623962402,-9.666851043701172,-1.744030475616455,0.2473670372596154,0.008874301798641682,2944.9437484199348,2585.6144645034137,0.0
-520.1224975585938,43.289466857910156,-22.920289993286133,2.9344406127929688,-2.926504611968994,-12.597399711608887,-15.163810729980469,-21.4754581451416,-14.214653015136719,-1.4060704708099365,-9.356836318969727,-9.234563827514648,-2.5914969444274902,0.24814828725961538,0.008710342459380627,3143.0519183140113,2455.3900828170413,0.0
-535.2101440429688,42.639129638671875,-14.909440994262695,-2.348914623260498,-0.15364216268062592,-11.374414443969727,-16.279251098632812,-17.304428100585938,-15.108670234680176,0.5590184330940247,-6.639408111572266,-10.32256031036377,-0.9320106506347656,0.2772085336538462,0.008171270601451397,3154.4105233326177,2547.383992171816,0.0
-471.46173095703125,27.37799072265625,-25.279165267944336,-3.419661283493042,-10.21281623840332,-13.368097305297852,-19.795549392700195,-13.439079284667969,-16.140214920043945,-3.9045932292938232,-12.510034561157227,-13.16097354888916,-3.811776876449585,0.2486290564903846,0.01751299761235714,3214.8982241172325,2620.066356240446,0.0
-452.6473083496094,25.07860565185547,-22.9891414642334,-2.1633858680725098,-7.910067081451416,-13.858989715576172,-18.07644271850586,-16.108505249023438,-15.259162902832031,-4.222012996673584,-13.051664352416992,-9.663125038146973,-2.8344409465789795,0.2958195612980769,0.016518957912921906,3261.142112149696,2660.3266862706237,0.0
-438.6390075683594,21.70821762084961,-25.084251403808594,-3.0329134464263916,-6.175333499908447,-17.63950538635254,-24.211742401123047,-18.143648147583008,-17.31480598449707,-4.2848992347717285,-14.58989429473877,-11.790742874145508,-3.5094683170318604,0.2823955829326923,0.02000456303358078,3343.1726822796977,2616.0471520403275,0.0
-443.75701904296875,19.541593551635742,-27.751819610595703,-4.766829490661621,-8.226709365844727,-16.24281883239746,-22.519287109375,-15.266058921813965,-17.955692291259766,-3.1602959632873535,-14.267202377319336,-11.52560806274414,-1.263112187385559,0.270654296875,0.022401591762900352,3364.890188584606,2599.1577640362584,0.0
-554.2583618164062,57.747215270996094,-17.44048500061035,1.801055908203125,-3.607666015625,-10.132136344909668,-13.302186012268066,-9.682767868041992,-13.894465446472168,-2.9390599727630615,-5.811087608337402,-11.294745445251465,0.08798757940530777,0.24804311899038461,0.005870778113603592,2823.6783860308688,2393.284580549702,2.0
-563.0,69.7256851196289,-21.817472457885742,-1.6064574718475342,-1.3415496349334717,-11.580679893493652,-16.052621841430664,-8.3499174118042,-16.437082290649414,-7.1705002784729,-1.216029405593872,-13.667093276977539,-0.0550689697265625,0.24666841947115384,0.005476757884025574,2784.791140866697,2313.372286264345,2.0
-561.0392456054688,60.02094268798828,-12.356019020080566,-0.04364706203341484,-0.3587324917316437,-7.423069000244141,-18.50031852722168,-10.695405006408691,-14.439279556274414,-1.6639375686645508,-6.354990005493164,-12.184975624084473,1.8117345571517944,0.24627403846153847,0.006424344144761562,2962.205289135131,2411.668804243242,2.0
-545.43896484375,62.45331954956055,-17.283594131469727,0.6531912088394165,0.6150282621383667,-8.364532470703125,-14.253888130187988,-14.844656944274902,-16.087657928466797,0.9499183297157288,-4.229497909545898,-13.045672416687012,1.6181544065475464,0.25167518028846153,0.007111370097845793,2811.7282897217046,2324.2512252095225,2.0
-505.2170715332031,42.46663284301758,-20.898395538330078,5.732585430145264,-5.594853401184082,-13.295021057128906,-17.84290885925293,-11.760436058044434,-11.603063583374023,-4.187046051025391,-2.6319832801818848,-11.613299369812012,-2.220881938934326,0.2274864783653846,0.008208922110497952,3058.594279751589,2436.912203887457,2.0
-523.3506469726562,51.08274841308594,-10.557073593139648,2.6297836303710938,-9.628738403320312,-11.77139949798584,-16.019630432128906,-6.151555061340332,-15.19931411743164,-5.437262058258057,-1.4551212787628174,-14.523661613464355,-3.407959461212158,0.28353740985576925,0.009211178869009018,3006.1732231802557,2413.7903093238315,2.0
-521.3687133789062,37.144439697265625,-16.07522201538086,5.284390449523926,-7.578734397888184,-11.365806579589844,-21.972169876098633,-8.365927696228027,-13.847085952758789,-2.2998199462890625,-9.033960342407227,-10.79561996459961,-1.1850522756576538,0.28307166466346156,0.010210645385086536,3382.492531194211,2264.837223466132,2.0
-484.12860107421875,45.251930236816406,-17.93873405456543,5.16469144821167,-6.729183197021484,-17.785263061523438,-20.18071937561035,-12.970491409301758,-17.63186264038086,-4.9725799560546875,-5.7878217697143555,-14.732295989990234,-3.105086088180542,0.2560997596153846,0.011908367276191711,3109.089938510316,2339.0742338548157,2.0
-568.5354614257812,59.586517333984375,-12.452892303466797,-4.8278279304504395,-2.035527229309082,-9.686630249023438,-12.930401802062988,-9.426953315734863,-14.226127624511719,-1.4923241138458252,-4.1599578857421875,-13.130681037902832,-2.7316460609436035,0.28788311298076924,0.008288733661174774,2839.80469353471,2522.938453399838,0.0
-538.0429077148438,53.12172317504883,-17.090383529663086,-4.634504318237305,-6.784586429595947,-13.650484085083008,-16.455392837524414,-11.989073753356934,-16.812089920043945,-3.558317184448242,-8.101561546325684,-12.831095695495605,-3.2157928943634033,0.28389423076923076,0.009584910236299038,2937.735288527442,2514.7787320063567,0.0
-557.6837768554688,54.30077362060547,-13.147892951965332,-4.837168216705322,-6.655177593231201,-7.308042526245117,-15.265735626220703,-16.50527000427246,-16.708553314208984,-0.7613283395767212,-6.378454208374023,-14.467916488647461,-2.9079957008361816,0.3078913762019231,0.009005293250083923,2927.5325459652695,2478.1081742620595,0.0
-518.7396850585938,47.67134094238281,-16.342777252197266,-5.136711597442627,-5.397660732269287,-8.072823524475098,-17.31290626525879,-17.17732810974121,-19.576425552368164,0.44795045256614685,-8.29006290435791,-15.094999313354492,0.8337064981460571,0.22788837139423077,0.012300814501941204,2965.063907764413,2494.492361384007,0.0
-526.966552734375,45.85797882080078,-14.420243263244629,-7.484073638916016,-7.459314823150635,-11.039259910583496,-15.648689270019531,-12.184025764465332,-17.890233993530273,0.7604095339775085,-5.812223434448242,-12.545589447021484,-5.032497882843018,0.29059495192307694,0.00999539066106081,3193.6444223267313,2611.0301810673045,0.0
-480.3056945800781,49.08636474609375,-21.346508026123047,-3.2891173362731934,-5.381434917449951,-12.718843460083008,-15.110898971557617,-14.049179077148438,-16.12481689453125,1.2493284940719604,-8.353378295898438,-12.449772834777832,-2.0934271812438965,0.23959209735576922,0.013588767498731613,3065.237779183282,2509.138422658837,0.0
-459.5458984375,32.30628967285156,-12.139307022094727,-12.181894302368164,-9.628257751464844,-10.186741828918457,-19.753658294677734,-14.40595817565918,-20.653888702392578,-2.506782054901123,-6.469318866729736,-14.817331314086914,-3.892341375350952,0.2510066105769231,0.018233992159366608,3312.8761764242495,2558.4837305700785,0.0
-496.1357421875,29.688583374023438,-16.956314086914062,-7.214684963226318,-4.513560771942139,-9.432822227478027,-17.04058837890625,-11.95730209350586,-16.137006759643555,-1.0853453874588013,-7.1811017990112305,-14.02523136138916,-6.182802677154541,0.2767803485576923,0.013865086250007153,3333.377947773497,2613.7306487850155,0.0
-598.5391235351562,73.4317626953125,-8.86671257019043,8.392711639404297,13.166885375976562,-9.547301292419434,-6.482368469238281,-6.927144527435303,-12.805603981018066,-8.215583801269531,0.1847430318593979,-7.160211563110352,-2.883852005004883,0.26892277644230766,0.00592983141541481,2874.160029766517,2442.0226866556995,1.0
-578.2515258789062,72.23059844970703,-9.188328742980957,10.467240333557129,18.102872848510742,-8.079535484313965,-0.4892577528953552,-2.2075533866882324,-11.225212097167969,-4.826108455657959,3.1035385131835938,-3.559372901916504,-0.8677542805671692,0.225830078125,0.006742172874510288,2643.5953839672075,2573.4110270380665,1.0
-588.4698486328125,65.05282592773438,-10.334491729736328,6.406473159790039,14.340246200561523,-10.725044250488281,-2.3156380653381348,-5.660250186920166,-13.2833890914917,-6.772568225860596,0.24298565089702606,-5.2918877601623535,-3.448701858520508,0.2944861778846154,0.007226837333291769,2957.006640762477,2589.072038557191,1.0
-578.30224609375,70.64790344238281,-9.417434692382812,5.531100749969482,15.818276405334473,-11.235042572021484,-4.376571178436279,-7.929347515106201,-14.768372535705566,-6.335583686828613,-0.7616202235221863,-6.350102424621582,-3.7368152141571045,0.2662484975961538,0.007538490928709507,3035.7031097468193,2415.3987557175888,1.0
-638.7616577148438,73.40099334716797,3.7123265266418457,11.032806396484375,12.796895980834961,-4.09107780456543,-0.9839465618133545,-3.46840500831604,-7.749641418457031,-4.6413092613220215,0.175864115357399,-4.371022701263428,-5.2525200843811035,0.2967735877403846,0.0034540663473308086,2988.630862034221,2570.4739211451597,1.0
-654.2669677734375,65.82186889648438,3.2261135578155518,13.43779468536377,11.437666893005371,-1.1340134143829346,-2.732351541519165,-4.878872871398926,-6.986922740936279,-7.035038471221924,2.2062790393829346,-4.2328033447265625,-3.0683274269104004,0.2731971153846154,0.0032725781202316284,3051.9889440656416,2647.265952929796,1.0
-623.4932861328125,60.63954162597656,-3.020501136779785,10.792547225952148,7.1888837814331055,-4.707077980041504,-3.6585848331451416,-6.5101470947265625,-8.7833890914917,-5.42240571975708,0.9621730446815491,-5.678670406341553,-5.5676493644714355,0.26604567307692306,0.004665519576519728,3189.208659109099,2541.740860467113,1.0
-610.885498046875,65.92816925048828,-1.5918344259262085,10.133394241333008,8.959118843078613,-5.63035774230957,-4.129123210906982,-4.967826843261719,-10.992061614990234,-5.398833751678467,-0.3808889091014862,-4.8899827003479,-5.54197359085083,0.2787785456730769,0.004594095516949892,2998.7044065018567,2453.910510558643,1.0
-647.7310791015625,60.059261322021484,0.9583178758621216,12.212616920471191,9.662469863891602,-0.5170767903327942,-2.701495409011841,-3.996464729309082,-4.859935760498047,-5.469041347503662,2.002805471420288,-3.5398178100585938,-3.732649564743042,0.3083683894230769,0.0035910380538553,3115.5400158911452,2709.9903095210393,1.0
-682.1171264648438,54.918846130371094,3.113598108291626,12.358968734741211,10.202980041503906,1.2274746894836426,-2.146348237991333,-4.854009628295898,-3.9453158378601074,-4.711985111236572,1.228749394416809,-2.872871160507202,-2.672956705093384,0.3324106069711538,0.0026800883933901787,3170.702059910093,2683.405992068135,1.0
-638.9298706054688,61.90178680419922,-2.182864189147949,12.85484504699707,12.339674949645996,-2.3404831886291504,-4.915838241577148,-7.3956217765808105,-9.810047149658203,-4.305527210235596,1.1087429523468018,-4.92471170425415,-5.498718738555908,0.29507962740384613,0.003787299385294318,3164.0674928706067,2628.2667997939907,1.0
-647.2006225585938,50.42576599121094,-0.33740562200546265,12.233962059020996,6.529541492462158,-0.41968077421188354,-2.909231424331665,-5.627434253692627,-6.909070014953613,-3.9927523136138916,1.4773808717727661,-5.065104007720947,-4.097128391265869,0.38309044471153847,0.004121923353523016,3359.5048408368634,2656.1561367933646,1.0
-619.8514404296875,52.497859954833984,-9.345743179321289,4.503106594085693,5.66666316986084,-6.480915546417236,-6.272331714630127,-8.350905418395996,-12.767879486083984,-6.053299427032471,-3.1810574531555176,-4.93800687789917,-4.492895126342773,0.29322791466346154,0.006228787358850241,3247.6320074666146,2617.7827919158203,1.0
-569.3212890625,46.86686706542969,-7.682989597320557,2.2564244270324707,4.685396194458008,-5.728925704956055,-5.6875433921813965,-6.9851603507995605,-11.08702564239502,-4.628279209136963,-3.40023136138916,-5.395644664764404,-3.27116322517395,0.3662823016826923,0.009476620703935623,3308.601349746399,2737.3437010270704,1.0
-595.5056762695312,45.91374588012695,-7.915363788604736,3.5539870262145996,5.127345561981201,-6.34345817565918,-7.1247992515563965,-9.472704887390137,-13.274307250976562,-4.451240062713623,-3.025073766708374,-6.164524555206299,-3.3558695316314697,0.27393329326923077,0.007311558350920677,3251.375649029133,2449.0579436798043,1.0
-596.490234375,46.9266357421875,-3.644228219985962,5.604882717132568,6.039044380187988,-5.386441707611084,-6.26874303817749,-6.725406169891357,-13.916893005371094,-3.5225136280059814,-3.329007148742676,-4.9330830574035645,-3.5259227752685547,0.25660682091346154,0.007098293863236904,2693.48325915677,2213.6593629673525,1.0
-497.18017578125,32.47579574584961,-13.208172798156738,-2.2797396183013916,-2.4021530151367188,-7.393293857574463,-9.595282554626465,-6.543116569519043,-12.145578384399414,-6.271215438842773,-3.8808538913726807,-6.3063554763793945,-6.24627685546875,0.3465106670673077,0.018800368532538414,3537.0501109595384,2732.2699044184137,1.0
-495.179443359375,32.532527923583984,-14.529135704040527,-2.9071028232574463,-3.54018497467041,-7.951412200927734,-10.434112548828125,-7.155735969543457,-11.4636869430542,-7.647355079650879,-4.2723493576049805,-4.94826602935791,-7.3702874183654785,0.249658203125,0.01976153627038002,3237.3135082366034,2387.9276453848497,1.0
-505.5915832519531,34.455909729003906,-11.458230972290039,-4.005838871002197,-4.063615322113037,-9.422713279724121,-10.864348411560059,-5.426300048828125,-15.511879920959473,-5.241827964782715,-3.488651752471924,-6.68843936920166,-5.207143783569336,0.28454777644230766,0.018203865736722946,3764.4476835387227,2614.855816767295,1.0
-532.2037353515625,39.3459587097168,-10.732580184936523,-0.02364419773221016,-2.3202335834503174,-9.519330978393555,-8.65998363494873,-6.104882717132568,-15.722774505615234,-5.500058174133301,-3.054765224456787,-7.394811630249023,-5.08949613571167,0.3742412860576923,0.015779588371515274,3468.1578954345177,2573.3187164780065,1.0
-657.5862426757812,73.4327392578125,-5.481874465942383,8.949113845825195,13.54597282409668,-0.8005405068397522,-3.7901954650878906,-6.4940032958984375,-10.724879264831543,-7.204398155212402,-2.099792003631592,-5.5142741203308105,-5.9214324951171875,0.23379657451923078,0.0032820305787026882,2698.659824635857,2150.2711034760755,2.0
-631.5905151367188,75.25181579589844,-6.264819145202637,11.49587631225586,11.489668846130371,-1.1539322137832642,-2.239872455596924,-7.413029670715332,-9.512099266052246,-6.7898101806640625,-1.0489193201065063,-6.045199871063232,-7.308841705322266,0.16267277644230768,0.0038879073690623045,2496.4485267180935,2094.5120907127875,2.0
-608.4690551757812,52.61708068847656,0.16993501782417297,10.94803524017334,7.066346168518066,1.6409271955490112,-1.4083473682403564,-6.836146831512451,-7.189316749572754,-6.324091911315918,-0.06382550299167633,-5.198163986206055,-3.583364725112915,0.33971980168269234,0.004774719942361116,3264.492134733319,2510.3067249487544,2.0
-608.329833984375,55.404380798339844,-4.02412223815918,11.232504844665527,7.371059894561768,0.12252525985240936,-2.3581182956695557,-8.68507194519043,-7.73598575592041,-7.470504283905029,-1.064877986907959,-5.018096446990967,-4.545050621032715,0.21549353966346155,0.005208608694374561,2923.0258546777723,2061.784359636019,2.0
-542.5812377929688,56.6068115234375,-7.891426086425781,18.435321807861328,11.354578971862793,-2.3722774982452393,-8.99039363861084,-11.216249465942383,-10.911728858947754,-6.27065372467041,-2.947880268096924,-5.6902923583984375,-1.8595784902572632,0.197607421875,0.006748041603714228,2705.067708438256,2480.8629213207555,2.0
-617.5143432617188,50.12976837158203,-7.668264389038086,10.8633451461792,8.981061935424805,-0.39703303575515747,-5.12073278427124,-8.525456428527832,-7.854686737060547,-3.7320101261138916,-2.4130163192749023,-5.994128227233887,-1.1823641061782837,0.3578125,0.004082858096808195,3242.779697391789,2622.3424100055922,2.0
-601.8869018554688,52.36360549926758,2.845259428024292,3.237736463546753,5.116684913635254,-0.5067113041877747,-6.2907795906066895,-11.211525917053223,-12.165217399597168,-7.660778045654297,-2.0567803382873535,-10.886024475097656,-3.3157994747161865,0.23800706129807692,0.005077623296529055,3392.442688375313,2532.6515699481056,2.0
-626.0849609375,41.47369384765625,-3.739774703979492,13.962875366210938,10.834918022155762,3.4402222633361816,-3.1036906242370605,-11.04648494720459,-4.424967288970947,-1.6538628339767456,-1.4645241498947144,-4.695470333099365,1.1400097608566284,0.3134314903846154,0.004380959551781416,3563.629852496355,2675.907941051648,2.0
-534.5942993164062,44.119144439697266,-11.413926124572754,1.9111149311065674,-0.4099270701408386,-6.536661624908447,-5.1338958740234375,-5.474787712097168,-13.006726264953613,-6.426103591918945,-2.7634873390197754,-7.014742374420166,-4.392533779144287,0.35537109375,0.014371742494404316,3465.8856634164636,2711.6989814657845,2.0
-519.3428955078125,44.1689338684082,-11.054100036621094,3.698590040206909,-0.20210333168506622,-6.6112565994262695,-6.975351333618164,-5.094437122344971,-12.792451858520508,-6.874217987060547,-2.1900551319122314,-7.548604488372803,-4.665948867797852,0.202685546875,0.015141063369810581,3006.9977791627957,2356.191639285337,2.0
-535.4678955078125,43.59096145629883,-9.082221031188965,1.8486721515655518,1.6794253587722778,-6.894802570343018,-4.953681945800781,-5.810248851776123,-10.800439834594727,-6.260127544403076,-4.10935640335083,-6.8250579833984375,-4.600794315338135,0.31861102764423077,0.01430689636617899,3306.3198812857127,2602.957282871858,2.0
-532.4620361328125,41.669456481933594,-10.383967399597168,2.3349077701568604,-2.203951120376587,-7.92181396484375,-9.002615928649902,-4.2732696533203125,-13.623433113098145,-8.512718200683594,-2.9390437602996826,-9.045232772827148,-7.06094217300415,0.34170297475961536,0.014263342134654522,3470.870052566264,2550.260902460379,2.0
-404.4021301269531,32.58039855957031,-17.833559036254883,-0.8561366200447083,-7.344791889190674,-8.083587646484375,-8.427753448486328,-4.707766532897949,-10.381330490112305,-9.300383567810059,-3.8087689876556396,-4.010092258453369,-6.135870933532715,0.2872521033653846,0.04157881811261177,3227.446191829914,2656.5406159226077,2.0
-426.7685241699219,31.991668701171875,-19.188480377197266,-2.58785343170166,-6.056047439575195,-9.375441551208496,-6.80215311050415,-6.372771263122559,-10.204641342163086,-7.613847732543945,-5.154646396636963,-5.179474353790283,-5.033496856689453,0.31072716346153845,0.040820445865392685,3153.375234352637,2670.0566486380712,2.0
-393.9107971191406,23.900707244873047,-18.604848861694336,-3.683175802230835,-5.852361679077148,-5.973509788513184,-7.260617733001709,-7.682141304016113,-8.452548027038574,-6.930319309234619,-4.62948751449585,-4.546920299530029,-3.4095845222473145,0.25299353966346155,0.047415658831596375,2937.4964851101217,2752.272922829034,2.0
-394.3681945800781,25.39556884765625,-16.252662658691406,-2.9611008167266846,-5.649606704711914,-8.87844181060791,-7.344622611999512,-6.596748352050781,-10.993578910827637,-8.470817565917969,-4.279729843139648,-7.338482856750488,-5.1979289054870605,0.34289362980769234,0.04133743420243263,3458.8838929239064,2654.176259065919,2.0
-577.2725219726562,54.53983688354492,-4.011678218841553,7.646875858306885,8.497089385986328,-4.058743953704834,-3.169018268585205,-8.615401268005371,-10.334802627563477,-3.5629191398620605,-2.2034757137298584,-4.238334655761719,-3.589569568634033,0.2676870492788462,0.006240148562937975,3169.7136292737473,2412.2060458775877,0.0
-672.707275390625,55.0654182434082,-3.1871581077575684,8.48476505279541,8.289223670959473,-0.22345970571041107,-1.056684970855713,-3.9031925201416016,-9.017587661743164,-3.978097677230835,1.5196752548217773,-6.017856597900391,-2.945769786834717,0.3809307391826923,0.003422350622713566,3330.062100721707,2712.670833208343,0.0
-621.1553955078125,40.72758865356445,-4.9396820068359375,7.41294527053833,6.845219612121582,-1.3238537311553955,-3.494694471359253,-6.65251350402832,-8.886462211608887,-5.007654666900635,0.06563661992549896,-5.872914791107178,-1.9949089288711548,0.43865309495192306,0.0043867421336472034,3514.3148897253013,2757.715990949723,0.0
-653.0162353515625,43.06975555419922,-4.663247585296631,6.059855937957764,5.120891094207764,-1.7260994911193848,-3.5559189319610596,-7.541566371917725,-8.924703598022461,-5.40604829788208,-2.304964542388916,-5.000695705413818,-2.543351888656616,0.29861778846153847,0.003981990274041891,3397.371872307576,2383.4674733826837,0.0
-507.3038330078125,51.14958572387695,-16.5687198638916,6.179553508758545,6.5736470222473145,-11.455777168273926,-10.983367919921875,-11.944779396057129,-14.807474136352539,-6.113243579864502,-2.9900310039520264,-9.847214698791504,-3.3444595336914062,0.2510291466346154,0.013251876458525658,2827.2505390442525,2376.7584672123517,0.0
-528.5496826171875,50.246307373046875,-9.641912460327148,6.369924068450928,4.321504592895508,-9.029004096984863,-6.769654273986816,-12.615479469299316,-12.04366683959961,-7.601355075836182,-3.357196092605591,-7.155977249145508,-3.2083284854888916,0.194970703125,0.012461042031645775,2984.658612887558,2430.183803320289,0.0
-477.5021667480469,43.06894302368164,-15.790467262268066,1.034345030784607,2.5215799808502197,-10.620349884033203,-11.48265266418457,-10.31143856048584,-13.111812591552734,-6.79881477355957,-2.2413811683654785,-10.163704872131348,-6.091520309448242,0.3087890625,0.019425204023718834,3228.35207611008,2498.3778861880182,0.0
-500.03912353515625,53.75960922241211,-11.739073753356934,2.19767427444458,4.724390506744385,-5.877955913543701,-9.528435707092285,-11.969146728515625,-15.977614402770996,-7.3881402015686035,-3.104808807373047,-9.526556968688965,-5.023623466491699,0.12463942307692308,0.014519690535962582,2373.301342191417,1973.741826062631,0.0
-608.9878540039062,56.39997100830078,-0.6627163290977478,10.47001838684082,4.3735504150390625,2.541370153427124,-1.7685240507125854,-3.437589645385742,-5.807596683502197,-5.719719409942627,1.2307876348495483,-3.629544496536255,-5.399737358093262,0.26922325721153845,0.004428070969879627,3401.129944559835,2621.6076161375513,2.0
-608.4217529296875,55.39225769042969,-2.864017963409424,10.124974250793457,5.0093092918396,-0.9301452040672302,-3.0885419845581055,-5.4428863525390625,-6.826836585998535,-4.3317108154296875,-0.424295037984848,-3.811624765396118,-4.795534133911133,0.3146259014423077,0.0038324191700667143,3306.758502400582,2638.416773083643,2.0
-640.9515991210938,45.250186920166016,1.637400507926941,8.262767791748047,3.8306188583374023,1.35466468334198,-3.40327525138855,-7.07954216003418,-4.67366361618042,-3.4454073905944824,-1.2654612064361572,-4.959498882293701,-4.676145553588867,0.36277794471153846,0.003332983935251832,3594.8191444964764,2659.730005176044,2.0
-645.134521484375,47.70421600341797,5.255682945251465,7.436107635498047,4.104394435882568,0.26327967643737793,-1.4987454414367676,-7.9252214431762695,-6.345580101013184,-3.6609151363372803,-2.0104610919952393,-6.009970664978027,-3.778815746307373,0.3893254206730769,0.004007519222795963,3624.761213247987,2691.9193477161516,2.0
-524.4060668945312,50.00004959106445,-3.8595848083496094,8.198054313659668,0.9077330231666565,-2.9964895248413086,-5.988643169403076,-3.5954580307006836,-10.4675874710083,-7.2389235496521,-1.8220161199569702,-6.44446325302124,-3.989912271499634,0.21630108173076923,0.01017062459141016,3244.559189851174,2571.874009532425,2.0
-528.1316528320312,57.18460464477539,-3.6468963623046875,10.063606262207031,-0.0561906099319458,-2.533024787902832,-5.09876823425293,-4.664257049560547,-10.98120403289795,-6.630105495452881,-1.6663838624954224,-7.51272439956665,-4.568069934844971,0.25389873798076923,0.008633621037006378,3224.823204667472,2454.3773653624035,2.0
-528.1825561523438,51.0616340637207,-0.5420729517936707,6.782351493835449,3.4591152667999268,0.026747306808829308,-8.20683479309082,-6.473971366882324,-11.33662223815918,-7.258502960205078,-3.286696672439575,-8.699193954467773,-6.105804920196533,0.2654897836538462,0.010559579357504845,3470.368108785026,2504.0634641522724,2.0
-537.0196533203125,51.03769302368164,0.2805711030960083,7.674722194671631,2.711205005645752,-2.3578567504882812,-8.87432861328125,-5.660057067871094,-14.903889656066895,-6.431433200836182,-2.2662575244903564,-9.543143272399902,-5.827780246734619,0.17733248197115384,0.00952358078211546,2716.0783722247543,1987.7947665323934,2.0
-555.7477416992188,46.89409255981445,-10.09766960144043,3.5014564990997314,2.5819387435913086,-6.544464111328125,-7.825748443603516,-9.576068878173828,-11.206748008728027,-4.818098545074463,-1.4207791090011597,-6.191989421844482,-4.057721138000488,0.3415790264423077,0.012014434672892094,3366.64145418631,2668.722150968712,0.0
-567.3983154296875,48.75423812866211,-8.33761978149414,3.672316789627075,5.083118438720703,-5.42205810546875,-8.31038761138916,-6.538015365600586,-10.730693817138672,-2.5095741748809814,-0.25597938895225525,-6.252065658569336,-4.279425144195557,0.33239182692307695,0.010986470617353916,3199.651311382758,2659.6112184919093,0.0
-533.6209106445312,49.94001388549805,-7.849369525909424,0.8909820318222046,3.3965835571289062,-2.842534065246582,-7.556955337524414,-6.532533645629883,-11.893925666809082,-3.7474594116210938,0.8944820761680603,-3.927381992340088,-5.2055768966674805,0.3045823317307692,0.013834607787430286,3082.6418952681015,2620.502814319185,0.0
-525.578125,46.42833709716797,-10.94154167175293,-1.4922716617584229,0.6353945136070251,-5.954696178436279,-8.351629257202148,-8.703824996948242,-11.61618423461914,-4.479036808013916,-2.33786678314209,-5.2028608322143555,-6.707840442657471,0.33812349759615384,0.014446818269789219,3043.2819067654477,2712.0718246457436,0.0
-497.1397705078125,43.58285140991211,-11.83561897277832,1.6849071979522705,3.1402628421783447,-5.975152969360352,-13.003524780273438,-9.268086433410645,-10.835062980651855,-5.3148980140686035,-3.5304031372070312,-6.994846343994141,-8.525215148925781,0.2934833233173077,0.01640900783240795,3263.771272126622,2623.566383632493,0.0
-503.2694091796875,43.617366790771484,-13.701485633850098,-1.206557035446167,-2.184999942779541,-6.522980213165283,-11.333699226379395,-10.359139442443848,-11.124226570129395,-5.427035808563232,-3.2676897048950195,-6.510259628295898,-5.795953273773193,0.36512169471153844,0.01776777394115925,3301.416978159288,2639.31224699491,0.0
-488.36370849609375,34.19955062866211,-13.704498291015625,-4.61634635925293,-5.377427577972412,-6.887308597564697,-10.85483455657959,-10.653247833251953,-11.270538330078125,-6.500267505645752,-4.355888366699219,-5.733107566833496,-7.638669490814209,0.26785606971153847,0.020914504304528236,3362.3640943251935,2580.3011669292496,0.0
-509.128662109375,36.8294677734375,-12.603010177612305,-2.033796548843384,-2.049259662628174,-5.5663580894470215,-10.948503494262695,-8.753412246704102,-11.237366676330566,-5.147192478179932,-3.62463116645813,-5.4278998374938965,-6.653741836547852,0.35770733173076924,0.016972586512565613,3312.422052710122,2706.9588360638063,0.0
-654.2874145507812,52.28721237182617,-9.963229179382324,0.6786339282989502,-10.344741821289062,-9.665548324584961,-13.889963150024414,-15.374161720275879,-10.26398754119873,-7.886139392852783,-10.157397270202637,-3.609743595123291,-7.128402233123779,0.16461087740384617,0.0031308613251894712,2080.1011222202155,1720.1477660628666,1.0
-654.735107421875,48.99258041381836,-16.006149291992188,1.461706280708313,-10.407649993896484,-12.083854675292969,-12.526568412780762,-15.755363464355469,-9.583850860595703,-6.612863540649414,-11.490523338317871,-3.657393217086792,-6.355231285095215,0.22928936298076924,0.0028370944783091545,2464.894476785097,1949.7910490413608,1.0
-649.9385986328125,51.29338073730469,-10.013493537902832,3.717642068862915,-11.005046844482422,-6.753289699554443,-14.522663116455078,-14.377635955810547,-7.203029155731201,-6.298066139221191,-7.861761093139648,-0.40450045466423035,-8.121211051940918,0.1663799579326923,0.003530259244143963,2251.6148549927825,1830.4532160344932,1.0
-647.7205810546875,46.36615753173828,-6.775608062744141,4.0801849365234375,-10.208587646484375,-6.958761692047119,-18.31279754638672,-14.802407264709473,-9.344198226928711,-7.1673197746276855,-10.022709846496582,-1.7296212911605835,-5.16343355178833,0.243505859375,0.00415419414639473,2545.3453111296085,2028.8054284989623,1.0
-712.5870971679688,45.2662353515625,-5.386284828186035,3.1198740005493164,-4.837950706481934,-6.730283260345459,-13.291085243225098,-15.31804084777832,-10.1312837600708,-7.5902886390686035,-8.747306823730469,-4.14926815032959,-9.421270370483398,0.2131873497596154,0.0016269201878458261,2851.2151647116257,2177.720516514579,1.0
-719.2035522460938,48.415435791015625,-2.7544479370117188,3.1693472862243652,-7.760872840881348,-6.483797550201416,-9.621005058288574,-12.376429557800293,-10.195053100585938,-4.936326026916504,-8.199941635131836,-3.579254150390625,-8.613212585449219,0.18162560096153846,0.0017063572304323316,2098.5171737151013,1766.5548809923887,1.0
-680.60302734375,42.54133224487305,0.749049961566925,10.512083053588867,-8.66524887084961,-4.499519348144531,-14.044014930725098,-11.482542037963867,-8.993056297302246,-6.958008289337158,-5.878454208374023,-2.8244128227233887,-9.46838092803955,0.3191706730769231,0.002082939725369215,3337.5035872998924,2468.9675382656333,1.0
-659.3534545898438,44.18111801147461,0.9258023500442505,0.603946328163147,-1.9819236993789673,-4.411916732788086,-14.450230598449707,-8.88407039642334,-9.732357025146484,-4.970268249511719,-9.709461212158203,-1.2123081684112549,-6.657254219055176,0.29259314903846156,0.0029741828329861164,3074.1410413173,2407.0216744419427,1.0
-626.2936401367188,49.247413635253906,-13.790312767028809,-0.5865755677223206,-11.57715892791748,-11.606764793395996,-14.531352043151855,-12.680124282836914,-11.619635581970215,-8.870928764343262,-9.23573112487793,-2.6272597312927246,-9.088597297668457,0.2000450721153846,0.003568944986909628,2458.576313433688,1788.0385702775802,1.0
-643.4456787109375,52.98381042480469,-5.635085105895996,7.426357746124268,-6.856353282928467,-7.6240386962890625,-11.374065399169922,-10.677056312561035,-11.376204490661621,-9.649648666381836,-3.7684919834136963,-4.329189300537109,-9.906957626342773,0.10782001201923076,0.00249316543340683,2095.1999737195374,1812.3492032781116,1.0
-663.4661865234375,50.878238677978516,0.43670350313186646,-0.6980335116386414,-10.90190601348877,-9.72380256652832,-14.145960807800293,-8.781559944152832,-14.987156867980957,-9.44171142578125,-6.580394744873047,-4.189373016357422,-10.033907890319824,0.2167292668269231,0.0027763068210333586,2887.8702918040453,2254.362525939315,1.0
-638.1058959960938,43.45242691040039,-1.3340590000152588,-1.4428213834762573,-6.204257488250732,-7.847752571105957,-13.839641571044922,-8.773932456970215,-14.939929962158203,-9.938851356506348,-4.136033535003662,-5.4742112159729,-9.153897285461426,0.27212289663461536,0.003205321030691266,3271.706390363628,2568.306269339367,1.0
-626.1442260742188,48.22502517700195,-14.36780071258545,0.600667417049408,-8.348068237304688,-10.191954612731934,-11.063542366027832,-9.876168251037598,-11.084885597229004,-7.53040885925293,-11.296512603759766,-1.0802332162857056,-8.846753120422363,0.21173001802884617,0.004019399173557758,2429.9558209789425,1956.453967286049,1.0
-600.546142578125,54.25454330444336,-21.96973419189453,4.600715637207031,-6.960318565368652,-11.712475776672363,-11.40429973602295,-12.075765609741211,-10.249341011047363,-5.116573333740234,-12.893244743347168,-0.0517083965241909,-7.91361665725708,0.18529146634615384,0.004510028287768364,2274.979979230159,1849.6133373488628,1.0
-649.0755004882812,55.15839385986328,-17.11420440673828,-1.3614743947982788,-7.341782569885254,-8.500839233398438,-12.458526611328125,-11.270813941955566,-8.779217720031738,-6.522629737854004,-7.822783470153809,-0.6900835633277893,-7.7519049644470215,0.23598257211538462,0.0039049882907420397,2836.0486760686636,2183.491089959026,1.0
-573.506591796875,40.808650970458984,-20.235666275024414,1.1082329750061035,-10.387933731079102,-11.923221588134766,-16.78387451171875,-10.630142211914062,-11.219717979431152,-9.321975708007812,-9.022998809814453,-1.9038127660751343,-10.129195213317871,0.2333984375,0.006771690212190151,2566.7437393972436,1908.9904210427048,1.0
-468.4449462890625,42.37882995605469,-29.426462173461914,6.487828731536865,-14.183562278747559,-20.38178253173828,-8.598411560058594,-14.322165489196777,-7.760143756866455,-4.169781684875488,-11.894166946411133,5.018345355987549,-9.719121932983398,0.15647911658653846,0.013762794435024261,2725.226738942103,2072.3199443428384,1.0
-486.5306396484375,41.63163757324219,-24.986135482788086,12.641241073608398,-9.975022315979004,-14.020325660705566,-6.633255481719971,-10.835078239440918,-6.299026966094971,-2.0366499423980713,-10.618599891662598,6.0493574142456055,-2.399470806121826,0.14062875600961539,0.013178578577935696,2290.609561908304,1852.5811248703767,1.0
-485.7639465332031,35.80750274658203,-26.396852493286133,2.055715799331665,-14.855354309082031,-18.52761459350586,-15.37000846862793,-14.25010871887207,-14.198554992675781,-3.95805287361145,-11.985102653503418,0.680385410785675,-12.285640716552734,0.1542292668269231,0.014405826106667519,2647.691932607492,1966.110214759951,1.0
-451.7301025390625,24.7308406829834,-27.83502960205078,-5.642740726470947,-19.303537368774414,-19.584875106811523,-16.186805725097656,-12.39200496673584,-12.734830856323242,-5.95095157623291,-14.59459400177002,-2.6643683910369873,-11.475364685058594,0.16788611778846155,0.023336010053753853,2662.7912559663782,2055.4995007771686,1.0
-646.35791015625,51.89533615112305,-2.729287624359131,5.671631813049316,-6.1326584815979,-9.782597541809082,-14.773208618164062,-8.058982849121094,-11.648551940917969,-7.3064069747924805,-9.615102767944336,-4.0416083335876465,-6.809826850891113,0.1738055889423077,0.002366506028920412,2626.0282422960313,2110.8056435286417,2.0
-678.2157592773438,57.64458465576172,0.4791179895401001,9.511773109436035,-6.067728042602539,-4.590226650238037,-11.66627311706543,-9.603472709655762,-7.802321434020996,-3.242215871810913,-10.290874481201172,-1.2144432067871094,-6.5879364013671875,0.12667142427884615,0.0019331184448674321,2363.142841821842,2022.0959100260022,2.0
-671.0449829101562,50.947166442871094,-8.786905288696289,2.502267360687256,-10.477513313293457,-6.132373809814453,-13.171253204345703,-16.258420944213867,-10.286454200744629,-9.249401092529297,-9.86638355255127,-2.750857353210449,-8.396149635314941,0.1993389423076923,0.003114600433036685,2268.7402697840093,1869.990536669066,2.0
-650.182861328125,56.4766845703125,-1.373781681060791,6.370685577392578,-9.846470832824707,-4.301565647125244,-12.136801719665527,-7.381457328796387,-9.496492385864258,-7.041804313659668,-5.457740783691406,-4.172407627105713,-5.287890434265137,0.1588416466346154,0.0025784519966691732,2656.0961770438093,2039.2618394158906,2.0
-538.7085571289062,38.23444366455078,-23.299877166748047,1.8440381288528442,-11.716445922851562,-17.435800552368164,-14.729083061218262,-21.619178771972656,-16.846426010131836,-0.08937100321054459,-11.450170516967773,-8.160694122314453,3.98006534576416,0.3055588942307692,0.0076887477189302444,3053.0288506063125,2406.4852540962584,2.0
-540.2730102539062,47.243106842041016,-16.02239990234375,4.77451753616333,-13.326761245727539,-18.354991912841797,-7.1175217628479,-13.485307693481445,-12.137941360473633,-1.8172285556793213,-10.076759338378906,-1.1073923110961914,1.3077832460403442,0.223486328125,0.006939357612282038,2681.7678278731064,2108.0977757422925,2.0
-523.52587890625,47.66620635986328,-9.441137313842773,3.7342846393585205,-11.437186241149902,-15.861886024475098,-20.83538055419922,-19.291501998901367,-18.8797664642334,-4.705942153930664,-19.398075103759766,-5.287765979766846,0.34223446249961853,0.24491436298076924,0.008443785831332207,3054.389903337531,2178.527151262284,2.0
-657.148681640625,37.29169845581055,0.3511347770690918,-0.02902597188949585,-10.648052215576172,-7.330530643463135,-9.720982551574707,-8.263886451721191,-14.338149070739746,-4.872324466705322,-8.341066360473633,-2.370530843734741,-3.618521213531494,0.18806340144230768,0.0030126713681966066,2399.8479788809636,1700.8637679357478,2.0
-450.3066101074219,39.76301574707031,-24.4256591796875,2.9804794788360596,-19.6627140045166,-16.715669631958008,-5.912659645080566,-14.500398635864258,-10.725078582763672,-3.1287243366241455,-13.206583023071289,3.2739362716674805,-6.669386386871338,0.12164963942307692,0.019319746643304825,2110.579568427713,1608.5730835485003,2.0
-468.5612487792969,36.871578216552734,-21.80377769470215,-0.24853233993053436,-14.529672622680664,-13.625072479248047,-9.429536819458008,-10.774185180664062,-11.049838066101074,-1.9492543935775757,-9.359971046447754,0.35509851574897766,-3.832921028137207,0.17744891826923076,0.02004571259021759,2370.27623197243,1913.9871551587685,2.0
-495.2713928222656,39.8000602722168,-18.83723258972168,4.194118976593018,-12.566705703735352,-12.198567390441895,-8.376812934875488,-15.738279342651367,-10.882637977600098,-2.9716248512268066,-7.564281940460205,1.9845283031463623,-3.9800288677215576,0.21241361177884616,0.014951124787330627,2770.511809307498,1999.595023860867,2.0
-444.6437072753906,36.2147331237793,-23.36349868774414,-1.4400465488433838,-13.528326988220215,-21.229183197021484,-13.069854736328125,-16.468904495239258,-14.725547790527344,-2.843919515609741,-10.16198444366455,1.298838496208191,-6.386468887329102,0.2194561298076923,0.023234261199831963,2857.8192222301464,2173.0083072255356,2.0
-383.0220642089844,27.253129959106445,-21.47368812561035,6.864178657531738,-22.564434051513672,-16.865154266357422,-5.647261142730713,-13.184378623962402,-11.176186561584473,-6.69374942779541,-14.191336631774902,4.04524564743042,-10.525910377502441,0.16582782451923078,0.03766791149973869,2566.593440643047,1912.765198472481,2.0
-418.71014404296875,29.061689376831055,-23.303857803344727,4.2985615730285645,-18.40578842163086,-16.70686912536621,-6.017054080963135,-12.774576187133789,-13.221298217773438,-4.6010026931762695,-14.263718605041504,3.929300546646118,-7.010715007781982,0.15308743990384616,0.02939973957836628,2361.1843218017084,1804.1419850774387,2.0
-444.8211669921875,36.46043395996094,-15.89704418182373,1.1602602005004883,-15.227792739868164,-15.021784782409668,-12.022724151611328,-15.362335205078125,-11.716684341430664,-5.063230037689209,-10.275047302246094,4.701282978057861,-7.1801910400390625,0.25177283653846155,0.023196803405880928,3452.521466369469,2329.2894159926977,2.0
-489.95294189453125,12.716621398925781,-11.927878379821777,-0.026280270889401436,-17.634870529174805,-9.62443733215332,-8.391176223754883,-12.206417083740234,-8.928044319152832,-5.746118545532227,-8.441811561584473,0.9541335701942444,-6.906057357788086,0.24488055889423077,0.01720747910439968,2814.019296391359,1856.56904342541,2.0
-461.4075012207031,25.09872817993164,-17.42962646484375,0.21674522757530212,-15.910836219787598,-13.889274597167969,-13.579843521118164,-16.184131622314453,-6.708279132843018,-5.743934154510498,-11.351680755615234,2.1489217281341553,-7.556377410888672,0.23770658052884616,0.0172123983502388,3476.7232479054787,2496.4952065140697,0.0
-468.8995361328125,26.971553802490234,-23.900100708007812,-5.831851959228516,-19.143861770629883,-14.347481727600098,-12.189005851745605,-15.21544075012207,-9.784601211547852,-6.9497904777526855,-11.047202110290527,-2.7407310009002686,-8.131261825561523,0.16529822716346154,0.014720085076987743,2822.448459427699,2064.4280354088323,0.0
-474.3540954589844,27.327760696411133,-14.20820426940918,-3.4512133598327637,-16.686250686645508,-14.019793510437012,-19.09263801574707,-13.033763885498047,-12.422736167907715,-5.291676044464111,-12.97269344329834,-4.258982181549072,-6.356268882751465,0.23799579326923076,0.016106920316815376,3046.075816225797,2326.2545331979286,0.0
-478.8404541015625,30.402406692504883,-14.443305015563965,-2.8044333457946777,-16.52107810974121,-9.463420867919922,-13.207551956176758,-14.960261344909668,-8.612509727478027,-5.000287055969238,-10.169747352600098,-3.043123245239258,-8.046295166015625,0.23704552283653846,0.014314142987132072,3052.740405084249,2285.6038910144816,0.0
-394.65191650390625,18.541851043701172,-37.88295364379883,-12.396660804748535,-15.063886642456055,-24.111156463623047,-20.25790023803711,-24.14252281188965,-12.597156524658203,-0.2596171498298645,-1.053163766860962,15.471842765808105,11.685402870178223,0.13417217548076923,0.04292071983218193,2387.3806128403858,1950.1755254221493,0.0
-435.9749450683594,18.143959045410156,-22.02289581298828,-10.356181144714355,-16.949552536010742,-19.606578826904297,-11.84709358215332,-14.437431335449219,-13.064544677734375,-5.549832820892334,-8.855863571166992,3.5782482624053955,8.190553665161133,0.28564453125,0.024509677663445473,3325.6541341181414,2480.7407937900734,0.0
-429.3138122558594,5.972690582275391,-30.748071670532227,-13.173514366149902,-13.020751953125,-16.926671981811523,-20.924541473388672,-19.220905303955078,-13.607932090759277,2.796579360961914,0.723341703414917,15.780254364013672,15.085817337036133,0.17235952524038461,0.038335222750902176,2576.6727557090567,1963.8396406457287,0.0
-397.0171203613281,4.639636516571045,-34.164451599121094,-21.98146629333496,-15.210799217224121,-18.706073760986328,-22.65049171447754,-18.01799201965332,-14.956653594970703,4.544938564300537,6.002665996551514,24.20667839050293,17.901168823242188,0.16168118990384617,0.05518963187932968,2507.3547015927456,1995.1147488983868,0.0
-562.4810180664062,51.023155212402344,-27.98171615600586,7.276423454284668,-17.45320701599121,-15.08218002319336,-12.250056266784668,-14.25259017944336,-13.633075714111328,-5.860001087188721,-10.709968566894531,-4.049188613891602,-8.2650785446167,0.08363131009615385,0.006355684716254473,1685.7824489396808,1368.931663215941,2.0
-521.20703125,53.71121597290039,-22.68708610534668,4.165119647979736,-17.688627243041992,-16.475154876708984,-11.716261863708496,-14.314421653747559,-10.223615646362305,-3.179455041885376,-11.483464241027832,-3.152710437774658,-5.3918304443359375,0.23878079927884616,0.007927313446998596,2589.3588282167866,1945.959883109568,2.0
-543.6162109375,44.477577209472656,-25.2647762298584,5.620739459991455,-21.80265235900879,-13.276336669921875,-17.1309871673584,-20.033334732055664,-10.835180282592773,-7.67624044418335,-12.992960929870605,0.6232282519340515,-8.450051307678223,0.2682579627403846,0.007971299812197685,2909.1157771455823,1839.957739370751,2.0
-525.3245849609375,57.13313674926758,-24.329147338867188,-0.20330476760864258,-16.767221450805664,-14.641343116760254,-16.403602600097656,-17.07489013671875,-16.475194931030273,-1.5082218647003174,-8.515946388244629,-6.538416385650635,-0.9389114379882812,0.24502704326923078,0.009245485067367554,2984.946141436443,1903.0521427749607,2.0
-567.8385620117188,57.82050323486328,-12.41789722442627,1.168332576751709,-20.90711212158203,-10.624265670776367,-14.911185264587402,-14.805553436279297,-12.787004470825195,0.811798095703125,-8.716694831848145,-1.7492468357086182,-4.635786533355713,0.25113055889423075,0.003726460039615631,2810.8719769821737,2112.3591099008313,2.0
-455.9468688964844,29.663480758666992,-31.350830078125,-2.378542423248291,-20.297828674316406,-16.185216903686523,-18.739625930786133,-12.022605895996094,-7.266577243804932,0.4635647237300873,-9.941669464111328,0.4216456711292267,-1.420609951019287,0.22110501802884616,0.016130873933434486,3072.886233327869,2277.8086584309485,2.0
-469.1659851074219,34.19784164428711,-27.69134521484375,-7.935733795166016,-18.524188995361328,-14.61331844329834,-19.968780517578125,-17.11516761779785,-11.131097793579102,-5.340876579284668,-10.948851585388184,-1.1273843050003052,-10.19168758392334,0.2955078125,0.017673175781965256,3212.5618722352942,2162.891862743469,2.0
-473.5245666503906,21.762802124023438,-18.9453182220459,-1.2838696241378784,-18.32274627685547,-18.845666885375977,-20.793678283691406,-17.738449096679688,-15.793933868408203,-4.698805809020996,-9.748533248901367,-4.151632308959961,-8.99795913696289,0.24951923076923077,0.016523588448762894,3078.130533592219,2169.008686256175,2.0
-664.2860107421875,32.69648361206055,-3.5228753089904785,0.29949188232421875,-8.956137657165527,-5.738811016082764,-8.764581680297852,-9.118087768554688,-7.725380897521973,-7.020768642425537,-7.370237350463867,-5.196168899536133,-8.879091262817383,0.20060847355769232,0.00275747524574399,2379.668594846494,1955.6790021806046,0.0
-543.0670776367188,38.68658447265625,-17.402854919433594,-4.0896196365356445,-14.22974967956543,-11.815241813659668,-16.251073837280273,-16.049240112304688,-7.059370517730713,-4.912884712219238,-11.410847663879395,-3.7211830615997314,-6.983637809753418,0.209228515625,0.00903406459838152,2563.824598230259,2078.4153538417177,0.0
-581.8583984375,33.07433319091797,-11.631433486938477,1.0827597379684448,-11.927549362182617,-6.756264686584473,-13.22638988494873,-10.899811744689941,-7.808740139007568,-5.737360954284668,-7.604870796203613,-0.046534229069948196,-8.401323318481445,0.22900766225961539,0.007180941291153431,2768.7835486738745,2062.262287450465,0.0
-563.2465209960938,28.093042373657227,-19.76188850402832,-2.0571072101593018,-17.367036819458008,-11.143000602722168,-17.705455780029297,-17.563365936279297,-7.203984260559082,-8.22375774383545,-9.533823013305664,-3.474365234375,-6.8579630851745605,0.26400615985576925,0.008597874082624912,2791.508916166085,2187.0428110226044,0.0
-471.6415100097656,48.55615997314453,-20.039833068847656,-8.28937816619873,-20.454938888549805,-18.727062225341797,-14.353174209594727,-16.06516456604004,-11.235505104064941,-5.092196941375732,-11.747459411621094,5.906534194946289,-2.7025771141052246,0.18785306490384615,0.015318329446017742,2789.745062880268,2103.998335509844,0.0
-476.9113464355469,38.831695556640625,-23.912628173828125,-4.212091445922852,-18.98421287536621,-23.251079559326172,-16.143587112426758,-16.346721649169922,-9.184637069702148,-1.1560276746749878,-8.228019714355469,5.9634222984313965,-4.972762584686279,0.1750751201923077,0.013360473327338696,2604.0149849625914,1972.1838585921141,0.0
-444.438720703125,27.802579879760742,-8.629687309265137,0.9352450966835022,-14.507233619689941,-7.117899417877197,-13.005009651184082,-11.774213790893555,-2.123486042022705,-6.10982084274292,-7.4146575927734375,-3.527054786682129,-9.384430885314941,0.19464017427884617,0.016775254160165787,3184.8482630196295,2365.0331835565144,0.0
-477.8150329589844,33.618553161621094,-6.757490634918213,-3.2935097217559814,-8.176765441894531,-10.282083511352539,-15.135261535644531,-9.475278854370117,-11.0830659866333,-3.603682279586792,-10.193690299987793,-5.0554375648498535,-5.935668468475342,0.21141075721153846,0.015230685472488403,2978.7275954154265,2317.200443391185,0.0
